prompt_index,prompt,rank,event_id
1,"I want to watch a movie outdoors tonight",1,1ef66e0b-4da0-c445-72c0-6211f390faae
1,"I want to watch a movie outdoors tonight",2,27029a54-9b9f-5119-3c05-ea70fb25cf1a
1,"I want to watch a movie outdoors tonight",3,fd242173-cd37-577c-dc25-15bbd5ce0e32
1,"I want to watch a movie outdoors tonight",4,e58b9522-ac35-ce62-bf8a-e9d9e3268b40
1,"I want to watch a movie outdoors tonight",5,6483e074-b3f5-4f37-7844-6ed1ca8330d6
1,"I want to watch a movie outdoors tonight",6,865b15bf-64fd-f5e7-2bfd-5476b2dabc49
1,"I want to watch a movie outdoors tonight",7,90d48d80-14ea-f66a-efed-6edf36762240
1,"I want to watch a movie outdoors tonight",8,46240cc1-8f8c-3aff-157c-2553cbb7b95b
1,"I want to watch a movie outdoors tonight",9,6d7996c5-e228-7b72-461e-7e7c39bf7160
1,"I want to watch a movie outdoors tonight",10,0537314a-7538-c5ac-dbc4-ef51b2a94869
1,"I want to watch a movie outdoors tonight",11,35e42701-0e60-7c96-f2ae-df55a809efdd
1,"I want to watch a movie outdoors tonight",12,f7ed64ee-ab19-263c-c595-dbdc10174968
1,"I want to watch a movie outdoors tonight",13,3224ea40-526a-cd10-83de-7bc7c48642eb
1,"I want to watch a movie outdoors tonight",14,abfe5a50-98a4-445c-8afa-5e20bded568c
1,"I want to watch a movie outdoors tonight",15,4d6add26-da1e-323d-ef23-a5f303c9600d
1,"I want to watch a movie outdoors tonight",16,f5bb56f8-4363-9bf6-ae2d-82b1ddb01930
1,"I want to watch a movie outdoors tonight",17,e0392fa4-81f0-8696-1192-ba3c8d950559
1,"I want to watch a movie outdoors tonight",18,a91a53ee-7997-9bdc-bfdf-2afd17d71c92
1,"I want to watch a movie outdoors tonight",19,8fee813c-e691-b1c7-0fbc-066d0e733ebb
1,"I want to watch a movie outdoors tonight",20,ed370fba-9525-2c15-141d-8aa30fd100c8
1,"I want to watch a movie outdoors tonight",21,f2cc6e39-8cc9-41d2-28e5-be712f0559eb
1,"I want to watch a movie outdoors tonight",22,2b23d490-edd1-4a4f-2e00-ce70dc60689a
1,"I want to watch a movie outdoors tonight",23,0eba4583-43a2-cfb2-4a58-6db7160b5038
1,"I want to watch a movie outdoors tonight",24,a91c0b37-35eb-4591-fe64-23c39b471965
1,"I want to watch a movie outdoors tonight",25,e86c0d50-aae8-a5f9-d729-bfc0eeb3acb6
1,"I want to watch a movie outdoors tonight",26,acc56d70-3f69-4388-7377-d3e11ab3658f
1,"I want to watch a movie outdoors tonight",27,e89b1943-4fd8-2625-353f-3f6bbc614a0e
1,"I want to watch a movie outdoors tonight",28,cc0c5e23-50cf-f7c2-d430-babca714b2dc
1,"I want to watch a movie outdoors tonight",29,b8563cbb-83f3-14ef-daf7-16743d25f211
1,"I want to watch a movie outdoors tonight",30,9d339de4-da88-0a8c-daa3-b81c68fd93dc
1,"I want to watch a movie outdoors tonight",31,499984ba-56ac-5503-06a9-8c720ab3a0b5
1,"I want to watch a movie outdoors tonight",32,142d640b-38fe-e9f6-9739-a72f29f0d4c5
1,"I want to watch a movie outdoors tonight",33,c393f98c-a6fa-9393-b2a8-7d8a04ce1737
1,"I want to watch a movie outdoors tonight",34,cb12a15b-f521-8ae6-72bd-0bc8284f8556
1,"I want to watch a movie outdoors tonight",35,22e6532a-691f-c082-4cc4-3592783aee62
1,"I want to watch a movie outdoors tonight",36,c684d95d-b726-2b01-8a46-f9a0e20f2035
1,"I want to watch a movie outdoors tonight",37,9f2a405d-92c6-3d90-151a-e71186647f95
1,"I want to watch a movie outdoors tonight",38,728ae5d1-3b04-57a6-c146-9b3970a63262
1,"I want to watch a movie outdoors tonight",39,66366f45-7040-1f76-6935-82f18ce0f893
1,"I want to watch a movie outdoors tonight",40,d8e74e10-db6d-b27b-52ad-9fe764c24d04
1,"I want to watch a movie outdoors tonight",41,af9c5271-0501-83b1-c93f-45a91c3eb973
1,"I want to watch a movie outdoors tonight",42,fee6b9cc-af04-53e2-5da3-a30957c3b5bf
1,"I want to watch a movie outdoors tonight",43,38f1c869-6fc9-a7be-0cc0-3d9fcb97579c
1,"I want to watch a movie outdoors tonight",44,5d084450-2dc6-1812-552c-6b2658971f76
1,"I want to watch a movie outdoors tonight",45,df699610-4e77-1cd8-bcc9-d37dc59bcb33
1,"I want to watch a movie outdoors tonight",46,3cbca495-ac93-f11a-a78f-720794af29b7
1,"I want to watch a movie outdoors tonight",47,ce493a09-de96-e81d-0c8f-d1bad76a9c4b
1,"I want to watch a movie outdoors tonight",48,7cc03fa6-ef47-95b3-103b-7b9a5e877c1a
1,"I want to watch a movie outdoors tonight",49,4a641acd-3948-b9dc-28ba-0800ddfdea5d
1,"I want to watch a movie outdoors tonight",50,a89838bf-dfd1-4063-304c-0b3e84aa5190
1,"I want to watch a movie outdoors tonight",51,ecae58ac-469e-e067-6f79-0220fa00a0e8
1,"I want to watch a movie outdoors tonight",52,1f025e92-8039-2d72-9af4-89f218eaf3d9
1,"I want to watch a movie outdoors tonight",53,f80f7103-8412-3c80-9873-c36a089297a0
1,"I want to watch a movie outdoors tonight",54,06fec95f-4717-99f2-fdd7-e907724ec2fe
1,"I want to watch a movie outdoors tonight",55,63b4439c-c00f-4e85-f940-4a0b5d25340d
1,"I want to watch a movie outdoors tonight",56,b99ce3aa-3fc8-0782-e184-2891c5b552aa
1,"I want to watch a movie outdoors tonight",57,dc957c37-f21c-a287-1855-c7318197934c
1,"I want to watch a movie outdoors tonight",58,59ce3aaf-9fc1-633e-303a-c4e3ade889fd
1,"I want to watch a movie outdoors tonight",59,b199f9fe-95a1-a543-8fa0-a0faf4e2c961
1,"I want to watch a movie outdoors tonight",60,5cb79e2c-5c15-753c-3cc1-171c516ab936
1,"I want to watch a movie outdoors tonight",61,af8c9f26-4cbc-2414-34e8-765d1a7a801c
1,"I want to watch a movie outdoors tonight",62,51c38721-7479-929f-a758-1c432d7ad4b8
1,"I want to watch a movie outdoors tonight",63,519f9004-b3d2-0f4e-c2ec-64f381d5b78a
1,"I want to watch a movie outdoors tonight",64,8c9277b5-7020-06da-214d-6f00256874f0
1,"I want to watch a movie outdoors tonight",65,8dc921ed-2d27-1268-31c8-8cfc66352dac
1,"I want to watch a movie outdoors tonight",66,05e515da-18d3-9144-3a92-40e1a6d918f2
1,"I want to watch a movie outdoors tonight",67,13956ee6-5f17-5b4e-d3e6-7fdb142c5b9f
1,"I want to watch a movie outdoors tonight",68,628af73c-84e0-21f6-2a2b-1700a86dff8c
1,"I want to watch a movie outdoors tonight",69,7589ecaf-80f5-9d44-af7a-6156cd81a0c4
1,"I want to watch a movie outdoors tonight",70,85bb3b5b-9a95-8b73-6f88-5390118240b7
1,"I want to watch a movie outdoors tonight",71,3dde2e19-b29d-233f-3dbb-1f9c26e68eb8
1,"I want to watch a movie outdoors tonight",72,3a967291-e244-0a2e-400c-49dc8d1c60e1
1,"I want to watch a movie outdoors tonight",73,860e65c6-2261-a1f5-d030-f375f231f536
1,"I want to watch a movie outdoors tonight",74,a08204a8-01bd-f111-e0ab-84d8ae9fb4a7
1,"I want to watch a movie outdoors tonight",75,779ecca6-a625-691c-9b09-69c963beb279
1,"I want to watch a movie outdoors tonight",76,a75edaab-ec90-53a0-131c-d33fba5766b1
1,"I want to watch a movie outdoors tonight",77,a83c477b-51f8-6ac6-cffd-620edb90b6a3
1,"I want to watch a movie outdoors tonight",78,7c99ceb9-4f12-7d27-b2d8-e177e1bc0bd5
1,"I want to watch a movie outdoors tonight",79,8557d8b9-0c70-352b-ab99-58e696ff408f
1,"I want to watch a movie outdoors tonight",80,20d75837-17dc-3dd5-ddb0-3edf1c3bc675
1,"I want to watch a movie outdoors tonight",81,756ca37c-d7ef-da47-9b29-62517f92b696
1,"I want to watch a movie outdoors tonight",82,fb8cad3d-5304-1d12-2bfc-7918551ff687
1,"I want to watch a movie outdoors tonight",83,b348f22a-b0f4-bcb7-eae5-4d320a7b06e6
1,"I want to watch a movie outdoors tonight",84,6e0bf96a-a433-b2cf-f21b-46ba4a3306d8
1,"I want to watch a movie outdoors tonight",85,f123298b-10a2-6846-564d-2bec1d1deebf
1,"I want to watch a movie outdoors tonight",86,75caad92-0f1b-9f2a-d692-32d399efe152
1,"I want to watch a movie outdoors tonight",87,74476dbd-d596-cc09-8622-7e52c1111a74
1,"I want to watch a movie outdoors tonight",88,a6650b0b-825d-8573-0f12-79f3aaadbd78
1,"I want to watch a movie outdoors tonight",89,e2c5a304-9908-5002-c555-e028a3f683de
1,"I want to watch a movie outdoors tonight",90,806d1965-f99c-fe9c-4ae2-40a3bc8682ee
1,"I want to watch a movie outdoors tonight",91,6418710b-2ea0-72e6-8595-e151019b385d
1,"I want to watch a movie outdoors tonight",92,eb570bb2-2dab-374b-be36-4659d6286fea
1,"I want to watch a movie outdoors tonight",93,e34a20bd-d7e6-1921-5562-29fcf73e2247
1,"I want to watch a movie outdoors tonight",94,4e1eb9a8-cdef-8cbc-f99e-ca372a796017
1,"I want to watch a movie outdoors tonight",95,e1aa20c4-90fe-e8a7-925a-ff17f1edb48b
1,"I want to watch a movie outdoors tonight",96,4d994992-4e45-de56-6b9b-bef61b77439f
1,"I want to watch a movie outdoors tonight",97,f4da2d3b-f0dd-8fd0-85e8-e7b16436b1ce
1,"I want to watch a movie outdoors tonight",98,b835a9ea-a3db-1d27-8da9-698e166deaa2
1,"I want to watch a movie outdoors tonight",99,52a4f478-0dd7-421e-4fe3-bd62db7e6848
1,"I want to watch a movie outdoors tonight",100,5d90601b-7768-a1ab-8660-b929c3b26460
1,"I want to watch a movie outdoors tonight",101,bdc14067-d5c2-675e-ffb4-12e91372c62a
1,"I want to watch a movie outdoors tonight",102,2e0188f1-f5e5-b076-428d-1bc6b59f6b2b
1,"I want to watch a movie outdoors tonight",103,6b38924a-2ac2-126d-2cad-31611f678310
1,"I want to watch a movie outdoors tonight",104,1c6c350f-d5bf-fade-ea3a-cef46572f1fd
1,"I want to watch a movie outdoors tonight",105,1334194d-8340-735c-a765-a92592022cda
1,"I want to watch a movie outdoors tonight",106,3bcffc43-a19c-d820-3739-12e8d7992bdd
1,"I want to watch a movie outdoors tonight",107,c500fa33-c1ad-f30e-fa76-c88d29b15e91
1,"I want to watch a movie outdoors tonight",108,4835cc37-3f94-2c2d-29a2-d6e1001767b5
1,"I want to watch a movie outdoors tonight",109,e480d437-ad73-f108-8896-fe0bc2b706a8
1,"I want to watch a movie outdoors tonight",110,3e251a1f-d441-e3ec-9e0a-a1faa82dee60
1,"I want to watch a movie outdoors tonight",111,572b1c73-28ff-1b8e-179c-93014b623ecc
1,"I want to watch a movie outdoors tonight",112,6b414483-0c8f-7a00-1f5c-d953ca3d8c45
1,"I want to watch a movie outdoors tonight",113,b69179dc-2ccc-c125-bde9-f44ab44f6d68
1,"I want to watch a movie outdoors tonight",114,d8434141-2de2-3cac-e27c-4fe8dcffad2a
1,"I want to watch a movie outdoors tonight",115,f749b607-9d08-a926-659e-d3f1fb666aa1
1,"I want to watch a movie outdoors tonight",116,bf5a53ed-6757-0129-20d7-7575bec5142b
1,"I want to watch a movie outdoors tonight",117,f0f7a0db-c28a-ddeb-484c-5452068e53e7
1,"I want to watch a movie outdoors tonight",118,83c985e8-660e-c22a-71c6-ff88c374674b
1,"I want to watch a movie outdoors tonight",119,1cb0c42d-f7a5-3ef3-9dde-ab757fa88e8a
1,"I want to watch a movie outdoors tonight",120,8c2fc2ce-6a0d-26ed-dabe-01809d6f343a
1,"I want to watch a movie outdoors tonight",121,3732c5a8-e63f-4959-881e-5a030b1690d0
1,"I want to watch a movie outdoors tonight",122,4e676b73-a5d3-3aec-2b1b-f1404886ca43
1,"I want to watch a movie outdoors tonight",123,3a8ab712-1a7e-a8f7-0d0b-57e7337c8e43
1,"I want to watch a movie outdoors tonight",124,34d07d42-6c6f-4377-5afb-48b5553079a4
1,"I want to watch a movie outdoors tonight",125,6c1616d1-399f-0ad3-fcba-9427dbb0daea
1,"I want to watch a movie outdoors tonight",126,29de4e91-7aa1-ae7d-738b-bad0e0aed9b6
1,"I want to watch a movie outdoors tonight",127,19fc9dbb-edb3-48dd-9625-3e784a539842
1,"I want to watch a movie outdoors tonight",128,3ace9c2a-63e3-5617-a68c-106e5c390e0e
1,"I want to watch a movie outdoors tonight",129,87095fd8-ff8f-68d8-2fff-6538d15da977
1,"I want to watch a movie outdoors tonight",130,9e0c79d3-f989-8865-d136-3a1824c49e13
1,"I want to watch a movie outdoors tonight",131,0d5a099e-5133-eb13-083e-41e523ab060f
1,"I want to watch a movie outdoors tonight",132,9557c937-cc6c-39a1-298d-5ba4961fd448
1,"I want to watch a movie outdoors tonight",133,b93a6dc0-3c4e-b2a4-dd62-f43dc782e58f
1,"I want to watch a movie outdoors tonight",134,43e68757-853f-7b9d-d285-116a0d41a877
1,"I want to watch a movie outdoors tonight",135,d48756a2-ddb4-fa26-d550-90a791013fc6
1,"I want to watch a movie outdoors tonight",136,9fc64355-1011-5e50-741f-5fa25db50a20
1,"I want to watch a movie outdoors tonight",137,dd19f183-b70d-27d6-d525-062e393063a0
1,"I want to watch a movie outdoors tonight",138,0ade51c9-7cca-2848-2928-b8fab5a052c5
1,"I want to watch a movie outdoors tonight",139,ceaf1af0-3f35-68b0-8885-6be49c63a890
1,"I want to watch a movie outdoors tonight",140,9075d494-c8b6-453d-78b3-7de4802faaa7
1,"I want to watch a movie outdoors tonight",141,d415d8a3-9239-4bd4-3e08-59461ff95414
1,"I want to watch a movie outdoors tonight",142,cc7ade22-64c1-289b-5a4e-b5a6d53879c9
1,"I want to watch a movie outdoors tonight",143,3289d7f5-eb61-65f4-c255-454e0490150c
1,"I want to watch a movie outdoors tonight",144,a989343e-9532-b77a-ac69-a7cc40e8eb46
1,"I want to watch a movie outdoors tonight",145,df4f8afa-34c9-df53-82a3-23d5639a67b5
1,"I want to watch a movie outdoors tonight",146,a381c4c9-c334-f39b-7cbc-f67da452832e
1,"I want to watch a movie outdoors tonight",147,6cac0c5f-e048-d50b-e05a-63463009b0af
1,"I want to watch a movie outdoors tonight",148,08a16fca-2eaf-013d-1d73-75a970d077ac
1,"I want to watch a movie outdoors tonight",149,b025d77d-0acb-7068-18d6-a85473cdcc2c
1,"I want to watch a movie outdoors tonight",150,4731de51-4fd8-c601-5198-de2ebda8ad48
1,"I want to watch a movie outdoors tonight",151,bc160866-0c57-ed6a-0350-8cbeb5058117
1,"I want to watch a movie outdoors tonight",152,1df19a4e-46d0-ec0a-45b4-d5c82b61e566
1,"I want to watch a movie outdoors tonight",153,22065ce8-c1a2-483d-63a3-8b2ab48a235d
1,"I want to watch a movie outdoors tonight",154,2de57e78-faba-0d7f-bbe4-1fcceda02da7
1,"I want to watch a movie outdoors tonight",155,bb203aaa-6b32-bab8-4979-b68557ca28ee
1,"I want to watch a movie outdoors tonight",156,d3400513-b404-e3ba-e0bb-f0c6168e0212
1,"I want to watch a movie outdoors tonight",157,89b77fed-45f4-0a4f-ea5b-75613d2a95ee
1,"I want to watch a movie outdoors tonight",158,43db1f46-e59e-bee4-83d5-840f2d848e4d
1,"I want to watch a movie outdoors tonight",159,afb13a4a-4a76-c774-7c1e-ee943f618699
1,"I want to watch a movie outdoors tonight",160,31510ea1-b174-066d-2af9-a455e03e35e4
2,"Are there any World Cup watch parties happening?",1,7cf23f22-b82e-c6a0-ce77-295440aec088
2,"Are there any World Cup watch parties happening?",2,3224ea40-526a-cd10-83de-7bc7c48642eb
2,"Are there any World Cup watch parties happening?",3,35e42701-0e60-7c96-f2ae-df55a809efdd
2,"Are there any World Cup watch parties happening?",4,abfe5a50-98a4-445c-8afa-5e20bded568c
2,"Are there any World Cup watch parties happening?",5,8dc921ed-2d27-1268-31c8-8cfc66352dac
2,"Are there any World Cup watch parties happening?",6,27029a54-9b9f-5119-3c05-ea70fb25cf1a
2,"Are there any World Cup watch parties happening?",7,7c99ceb9-4f12-7d27-b2d8-e177e1bc0bd5
2,"Are there any World Cup watch parties happening?",8,6229d9bd-708c-91af-a9e1-3f5adf16b65e
2,"Are there any World Cup watch parties happening?",9,1d6e2cf5-be2d-3dcb-ad13-c872f2b32753
2,"Are there any World Cup watch parties happening?",10,865b15bf-64fd-f5e7-2bfd-5476b2dabc49
2,"Are there any World Cup watch parties happening?",11,5cb79e2c-5c15-753c-3cc1-171c516ab936
2,"Are there any World Cup watch parties happening?",12,33b13dc9-3ecb-79aa-80e8-ec1914076ede
2,"Are there any World Cup watch parties happening?",13,df699610-4e77-1cd8-bcc9-d37dc59bcb33
2,"Are there any World Cup watch parties happening?",14,6483e074-b3f5-4f37-7844-6ed1ca8330d6
2,"Are there any World Cup watch parties happening?",15,b93a6dc0-3c4e-b2a4-dd62-f43dc782e58f
2,"Are there any World Cup watch parties happening?",16,e58b9522-ac35-ce62-bf8a-e9d9e3268b40
2,"Are there any World Cup watch parties happening?",17,fd242173-cd37-577c-dc25-15bbd5ce0e32
2,"Are there any World Cup watch parties happening?",18,e0392fa4-81f0-8696-1192-ba3c8d950559
2,"Are there any World Cup watch parties happening?",19,46240cc1-8f8c-3aff-157c-2553cbb7b95b
2,"Are there any World Cup watch parties happening?",20,f2cc6e39-8cc9-41d2-28e5-be712f0559eb
2,"Are there any World Cup watch parties happening?",21,1ef66e0b-4da0-c445-72c0-6211f390faae
2,"Are there any World Cup watch parties happening?",22,5445cf6b-2f49-962a-4150-9ce71a15e362
2,"Are there any World Cup watch parties happening?",23,6647d1e0-89cf-96c6-a0ee-b7ddcd1e7aae
2,"Are there any World Cup watch parties happening?",24,cc0c5e23-50cf-f7c2-d430-babca714b2dc
2,"Are there any World Cup watch parties happening?",25,a91a53ee-7997-9bdc-bfdf-2afd17d71c92
2,"Are there any World Cup watch parties happening?",26,a3bcc678-f13e-0bef-44ca-abc9781e6179
2,"Are there any World Cup watch parties happening?",27,b348f22a-b0f4-bcb7-eae5-4d320a7b06e6
2,"Are there any World Cup watch parties happening?",28,7589ecaf-80f5-9d44-af7a-6156cd81a0c4
2,"Are there any World Cup watch parties happening?",29,8557d8b9-0c70-352b-ab99-58e696ff408f
2,"Are there any World Cup watch parties happening?",30,ad79d119-109e-69c9-5430-1d199d56ffff
2,"Are there any World Cup watch parties happening?",31,0f5fd85c-3ce8-8db6-de89-9d2e6e3c9540
2,"Are there any World Cup watch parties happening?",32,af18d9a4-0efd-fcfc-9466-96920367e468
2,"Are there any World Cup watch parties happening?",33,b025d77d-0acb-7068-18d6-a85473cdcc2c
2,"Are there any World Cup watch parties happening?",34,acc56d70-3f69-4388-7377-d3e11ab3658f
2,"Are there any World Cup watch parties happening?",35,51c38721-7479-929f-a758-1c432d7ad4b8
2,"Are there any World Cup watch parties happening?",36,69a54b21-a995-3902-5412-bf466e80521d
2,"Are there any World Cup watch parties happening?",37,53a9228e-ffef-c9cc-b6eb-1676d2ba671c
2,"Are there any World Cup watch parties happening?",38,0537314a-7538-c5ac-dbc4-ef51b2a94869
2,"Are there any World Cup watch parties happening?",39,f23a1623-9286-07a6-3bc4-fa5aff087ad2
2,"Are there any World Cup watch parties happening?",40,bb203aaa-6b32-bab8-4979-b68557ca28ee
2,"Are there any World Cup watch parties happening?",41,b8cdb2af-faa1-8229-4126-b7a0b0950e6a
2,"Are there any World Cup watch parties happening?",42,728ae5d1-3b04-57a6-c146-9b3970a63262
2,"Are there any World Cup watch parties happening?",43,9ad48c1e-d585-e3cb-98f2-556988d0b1d7
2,"Are there any World Cup watch parties happening?",44,f5bb56f8-4363-9bf6-ae2d-82b1ddb01930
2,"Are there any World Cup watch parties happening?",45,391198fc-ef3b-bab1-47d3-3326ff363913
2,"Are there any World Cup watch parties happening?",46,63334646-8d46-cdf7-84c0-0d8b2c5e6cca
2,"Are there any World Cup watch parties happening?",47,7287f36a-cd23-f137-75fe-0673d2df3a6f
2,"Are there any World Cup watch parties happening?",48,8119f4a6-3d86-f4db-5064-f7514e8797d4
2,"Are there any World Cup watch parties happening?",49,e29b6e84-37c6-0119-7e92-eaca480f6893
2,"Are there any World Cup watch parties happening?",50,499984ba-56ac-5503-06a9-8c720ab3a0b5
2,"Are there any World Cup watch parties happening?",51,6d7996c5-e228-7b72-461e-7e7c39bf7160
2,"Are there any World Cup watch parties happening?",52,530b297f-e6ba-5820-b4b4-db0a0cbaa7c6
2,"Are there any World Cup watch parties happening?",53,0eba4583-43a2-cfb2-4a58-6db7160b5038
2,"Are there any World Cup watch parties happening?",54,21400fcd-7dd9-7aac-ad2c-a95ff8824d44
2,"Are there any World Cup watch parties happening?",55,4d6add26-da1e-323d-ef23-a5f303c9600d
2,"Are there any World Cup watch parties happening?",56,16e2fa58-54e0-8500-b09f-2ceb22ced01e
2,"Are there any World Cup watch parties happening?",57,c9e7914a-fcd5-c719-2cb1-b1bc34a712d1
2,"Are there any World Cup watch parties happening?",58,f7ed64ee-ab19-263c-c595-dbdc10174968
2,"Are there any World Cup watch parties happening?",59,bed0b708-11f4-cf65-c8fa-0fbc2f4d5bb4
2,"Are there any World Cup watch parties happening?",60,b8563cbb-83f3-14ef-daf7-16743d25f211
2,"Are there any World Cup watch parties happening?",61,a91c0b37-35eb-4591-fe64-23c39b471965
2,"Are there any World Cup watch parties happening?",62,b199f9fe-95a1-a543-8fa0-a0faf4e2c961
2,"Are there any World Cup watch parties happening?",63,761faee1-eae4-0678-13aa-6a46d611e206
2,"Are there any World Cup watch parties happening?",64,62de876c-de99-a803-e9aa-7e8e6375c2d8
2,"Are there any World Cup watch parties happening?",65,df4f8afa-34c9-df53-82a3-23d5639a67b5
2,"Are there any World Cup watch parties happening?",66,6c188e7e-4a29-ac46-7f16-f9abf7ea7ec8
2,"Are there any World Cup watch parties happening?",67,9d339de4-da88-0a8c-daa3-b81c68fd93dc
2,"Are there any World Cup watch parties happening?",68,c1cc1911-9abf-ae27-c7a4-b766a316dfda
2,"Are there any World Cup watch parties happening?",69,e91c2c77-0103-3bfb-e54a-9ffd0f144c33
2,"Are there any World Cup watch parties happening?",70,4f4bf320-9cc9-9804-5abd-f9b2f1ad7ea8
2,"Are there any World Cup watch parties happening?",71,ed370fba-9525-2c15-141d-8aa30fd100c8
2,"Are there any World Cup watch parties happening?",72,c684d95d-b726-2b01-8a46-f9a0e20f2035
2,"Are there any World Cup watch parties happening?",73,43e68757-853f-7b9d-d285-116a0d41a877
2,"Are there any World Cup watch parties happening?",74,cb12a15b-f521-8ae6-72bd-0bc8284f8556
2,"Are there any World Cup watch parties happening?",75,9b0ade7f-89ed-df30-80fc-1ff053dd894e
2,"Are there any World Cup watch parties happening?",76,d4c44f2f-cc47-0c33-3155-e57fe22e4a95
2,"Are there any World Cup watch parties happening?",77,fae762bb-f9f5-e114-e436-97c27de5f807
2,"Are there any World Cup watch parties happening?",78,8460789d-3186-9b6c-194b-67d142af74b4
2,"Are there any World Cup watch parties happening?",79,2b23d490-edd1-4a4f-2e00-ce70dc60689a
2,"Are there any World Cup watch parties happening?",80,a1ca0675-b0f1-6219-c6d2-f3da08c8e362
2,"Are there any World Cup watch parties happening?",81,7cc03fa6-ef47-95b3-103b-7b9a5e877c1a
2,"Are there any World Cup watch parties happening?",82,e480d437-ad73-f108-8896-fe0bc2b706a8
2,"Are there any World Cup watch parties happening?",83,0e696d8d-99e3-b950-8319-ab67263a18e1
2,"Are there any World Cup watch parties happening?",84,7128204d-a474-c210-c381-776af0773eec
2,"Are there any World Cup watch parties happening?",85,519f9004-b3d2-0f4e-c2ec-64f381d5b78a
2,"Are there any World Cup watch parties happening?",86,8c9277b5-7020-06da-214d-6f00256874f0
2,"Are there any World Cup watch parties happening?",87,4baa8e4e-9624-c913-96d8-3b2b58d1dd99
2,"Are there any World Cup watch parties happening?",88,a89838bf-dfd1-4063-304c-0b3e84aa5190
2,"Are there any World Cup watch parties happening?",89,22e6532a-691f-c082-4cc4-3592783aee62
2,"Are there any World Cup watch parties happening?",90,44e0a09a-5e7f-b883-7665-3d32bd475b8b
2,"Are there any World Cup watch parties happening?",91,040a112b-02b1-8a08-555f-0d92ab69a575
2,"Are there any World Cup watch parties happening?",92,d86f9c38-a2d7-e755-d54e-58c06ca56a01
2,"Are there any World Cup watch parties happening?",93,6a046a68-7cc8-4e6c-17e8-820de4fa9954
2,"Are there any World Cup watch parties happening?",94,6e0bf96a-a433-b2cf-f21b-46ba4a3306d8
2,"Are there any World Cup watch parties happening?",95,90d48d80-14ea-f66a-efed-6edf36762240
2,"Are there any World Cup watch parties happening?",96,628af73c-84e0-21f6-2a2b-1700a86dff8c
2,"Are there any World Cup watch parties happening?",97,142d640b-38fe-e9f6-9739-a72f29f0d4c5
2,"Are there any World Cup watch parties happening?",98,75fd3a7c-40ca-7a25-3659-4b3b19c4c284
2,"Are there any World Cup watch parties happening?",99,1a74d581-af44-12e8-ba48-3824e7e6189e
2,"Are there any World Cup watch parties happening?",100,13956ee6-5f17-5b4e-d3e6-7fdb142c5b9f
2,"Are there any World Cup watch parties happening?",101,4b7eb04f-3faf-39f6-9b20-f3373effe3a4
2,"Are there any World Cup watch parties happening?",102,616e86d3-a8e8-3ea5-2fa2-81bb49beaeec
2,"Are there any World Cup watch parties happening?",103,53f21e98-9b9f-3ecf-4d8b-cd353a0b049c
2,"Are there any World Cup watch parties happening?",104,e86c0d50-aae8-a5f9-d729-bfc0eeb3acb6
2,"Are there any World Cup watch parties happening?",105,3dde2e19-b29d-233f-3dbb-1f9c26e68eb8
2,"Are there any World Cup watch parties happening?",106,8fee813c-e691-b1c7-0fbc-066d0e733ebb
2,"Are there any World Cup watch parties happening?",107,3bcffc43-a19c-d820-3739-12e8d7992bdd
2,"Are there any World Cup watch parties happening?",108,6e147e2a-9c3b-5b17-1245-940178f81d99
2,"Are there any World Cup watch parties happening?",109,4528cb60-76b5-9efb-eafc-382e6924ca27
2,"Are there any World Cup watch parties happening?",110,e89b1943-4fd8-2625-353f-3f6bbc614a0e
2,"Are there any World Cup watch parties happening?",111,6a410d8f-4b7c-2577-d682-3f44614d4078
2,"Are there any World Cup watch parties happening?",112,b5bbc425-550d-c332-9a69-fb5fdafd13c0
2,"Are there any World Cup watch parties happening?",113,a59027a7-34b8-e71a-118f-62760c4be1d0
2,"Are there any World Cup watch parties happening?",114,a381c4c9-c334-f39b-7cbc-f67da452832e
2,"Are there any World Cup watch parties happening?",115,748907bf-510f-bcd8-5f10-1b75b7fd0da6
2,"Are there any World Cup watch parties happening?",116,86d1433e-c575-9b3a-b3e8-35d75ff0d1b9
2,"Are there any World Cup watch parties happening?",117,d3d7624d-a828-3140-0a60-375361181d22
2,"Are there any World Cup watch parties happening?",118,dfc75eeb-4a88-77ae-f152-d62d098447cc
2,"Are there any World Cup watch parties happening?",119,83c985e8-660e-c22a-71c6-ff88c374674b
2,"Are there any World Cup watch parties happening?",120,8c2fc2ce-6a0d-26ed-dabe-01809d6f343a
2,"Are there any World Cup watch parties happening?",121,98744771-3956-8de2-f799-a79f4d5eedbe
2,"Are there any World Cup watch parties happening?",122,fee6b9cc-af04-53e2-5da3-a30957c3b5bf
2,"Are there any World Cup watch parties happening?",123,91240817-d831-8bdb-dfb4-18bddb5d6d24
2,"Are there any World Cup watch parties happening?",124,b835a9ea-a3db-1d27-8da9-698e166deaa2
2,"Are there any World Cup watch parties happening?",125,00ea635a-2b98-2bb9-f855-97d27bbfb62a
2,"Are there any World Cup watch parties happening?",126,d93a3c11-90aa-3a9a-5587-0f61e320995a
2,"Are there any World Cup watch parties happening?",127,4fa28fa4-3be4-b56a-5561-919d71a393f1
2,"Are there any World Cup watch parties happening?",128,6f3baf38-daea-8ef1-90bd-f1c9bcb02073
2,"Are there any World Cup watch parties happening?",129,63b4439c-c00f-4e85-f940-4a0b5d25340d
2,"Are there any World Cup watch parties happening?",130,5683beef-ed0c-d3db-9356-fd3ce927bffc
2,"Are there any World Cup watch parties happening?",131,05e515da-18d3-9144-3a92-40e1a6d918f2
2,"Are there any World Cup watch parties happening?",132,779ecca6-a625-691c-9b09-69c963beb279
2,"Are there any World Cup watch parties happening?",133,06ea9c61-5dac-f654-6348-77e8b8659024
2,"Are there any World Cup watch parties happening?",134,9ce9cd61-d1a5-5a62-ef1b-be427d9c054b
2,"Are there any World Cup watch parties happening?",135,d20d50f5-223e-4625-c8c4-bb2619d25c50
2,"Are there any World Cup watch parties happening?",136,8467c49f-4180-c1bc-b8f1-5426b55f48cb
2,"Are there any World Cup watch parties happening?",137,b3133d73-c536-c159-5eff-b1ae026507f4
2,"Are there any World Cup watch parties happening?",138,85fd4591-8ad1-8cb1-84ab-fe41bb46bbb2
2,"Are there any World Cup watch parties happening?",139,4b2a5242-7306-047b-8acc-342e60ff5c5b
2,"Are there any World Cup watch parties happening?",140,5cc6fa94-ba85-26f3-732b-8bdd67b76a9a
2,"Are there any World Cup watch parties happening?",141,f4da2d3b-f0dd-8fd0-85e8-e7b16436b1ce
2,"Are there any World Cup watch parties happening?",142,4731de51-4fd8-c601-5198-de2ebda8ad48
2,"Are there any World Cup watch parties happening?",143,86d1cb94-9671-6720-a7c1-8587d5af769f
2,"Are there any World Cup watch parties happening?",144,6c7b3a42-fe1f-689e-b752-e9ed93ecdde3
2,"Are there any World Cup watch parties happening?",145,7bfd085f-10a7-fda1-a532-c6399673a4b0
2,"Are there any World Cup watch parties happening?",146,20d75837-17dc-3dd5-ddb0-3edf1c3bc675
2,"Are there any World Cup watch parties happening?",147,1adf0d47-5801-a7d1-7385-13926eaa2112
2,"Are there any World Cup watch parties happening?",148,31a37e24-db42-7d24-2f29-547b52d40dee
2,"Are there any World Cup watch parties happening?",149,710e8823-bb13-c4ea-60ba-13a4808bb707
2,"Are there any World Cup watch parties happening?",150,3ace9c2a-63e3-5617-a68c-106e5c390e0e
2,"Are there any World Cup watch parties happening?",151,ae5652ff-8ce6-7ec4-8ab0-67c1f73e1a22
2,"Are there any World Cup watch parties happening?",152,fe239f23-b422-097f-ca1a-c8d354e59937
2,"Are there any World Cup watch parties happening?",153,0adddfb9-e35e-58fa-f424-fdaa96b95533
2,"Are there any World Cup watch parties happening?",154,2c7730da-effb-760c-f892-c7f7ee22fbd4
2,"Are there any World Cup watch parties happening?",155,3a967291-e244-0a2e-400c-49dc8d1c60e1
2,"Are there any World Cup watch parties happening?",156,1fff500d-9671-9dec-bfbb-e13e784e6120
2,"Are there any World Cup watch parties happening?",157,d48756a2-ddb4-fa26-d550-90a791013fc6
2,"Are there any World Cup watch parties happening?",158,676f2f53-c1fe-8d46-b300-a392eee1df3a
2,"Are there any World Cup watch parties happening?",159,4f3969e8-fdef-1e43-8938-42c0d3b6326a
2,"Are there any World Cup watch parties happening?",160,e9422506-4503-3137-9de9-8f25de881dfc
3,"I'm looking for yoga classes in Manhattan",1,c5b73c27-36a9-c606-a0c9-b20af32cab1e
3,"I'm looking for yoga classes in Manhattan",2,9f8f5693-849a-ed41-426d-8a1341f2dfd6
3,"I'm looking for yoga classes in Manhattan",3,b99ce3aa-3fc8-0782-e184-2891c5b552aa
3,"I'm looking for yoga classes in Manhattan",4,61c4d442-2554-69a8-11e2-8674f73ced9d
3,"I'm looking for yoga classes in Manhattan",5,1c211b1e-9b5d-ddfd-a837-33e42abebd52
3,"I'm looking for yoga classes in Manhattan",6,14b3e41d-c4ed-a39d-82b7-95fc724eeab8
3,"I'm looking for yoga classes in Manhattan",7,b21aae27-ad68-b840-b79a-49c7ab46ecdf
3,"I'm looking for yoga classes in Manhattan",8,c500fa33-c1ad-f30e-fa76-c88d29b15e91
3,"I'm looking for yoga classes in Manhattan",9,8111901f-02fc-2f35-acc7-0abee0efdaa0
3,"I'm looking for yoga classes in Manhattan",10,d66196cd-fbcb-4207-1ef7-5614b488f2f1
3,"I'm looking for yoga classes in Manhattan",11,a83c477b-51f8-6ac6-cffd-620edb90b6a3
3,"I'm looking for yoga classes in Manhattan",12,c6b9c482-87e9-ba47-2946-946db19f2c21
3,"I'm looking for yoga classes in Manhattan",13,eb9e821c-f090-183f-408c-fa98250c7e6a
3,"I'm looking for yoga classes in Manhattan",14,a6f7a697-565f-a412-27a3-6dfe5bfaaa2c
3,"I'm looking for yoga classes in Manhattan",15,4688d4dc-36eb-96bf-1536-d2b6b6a5691e
3,"I'm looking for yoga classes in Manhattan",16,cca3c2fa-1f57-5a02-8da2-36a0fe9063a1
3,"I'm looking for yoga classes in Manhattan",17,a8db2c6c-4fe1-0b53-bc54-e765ebb34360
3,"I'm looking for yoga classes in Manhattan",18,cab4a6b5-6a48-0f83-ebb7-37a9d44caa3d
3,"I'm looking for yoga classes in Manhattan",19,44a4ddef-8389-0eb6-5ba2-17f5ee310ab3
3,"I'm looking for yoga classes in Manhattan",20,d4aee0fe-6bb6-f0b2-725f-d6354ec22d7c
3,"I'm looking for yoga classes in Manhattan",21,59f28d92-cfb1-4977-6673-2f737dc179fa
3,"I'm looking for yoga classes in Manhattan",22,3a8ab712-1a7e-a8f7-0d0b-57e7337c8e43
3,"I'm looking for yoga classes in Manhattan",23,7d61ce5b-72bb-c6d2-2096-7534a22876bf
3,"I'm looking for yoga classes in Manhattan",24,af8c9f26-4cbc-2414-34e8-765d1a7a801c
3,"I'm looking for yoga classes in Manhattan",25,ec165d07-35f5-525e-f8c2-a787befb331f
3,"I'm looking for yoga classes in Manhattan",26,af04f44d-3400-db4d-1626-5a4b0a9fb82b
3,"I'm looking for yoga classes in Manhattan",27,3da7771b-d911-8520-faf1-eeff9d52240c
3,"I'm looking for yoga classes in Manhattan",28,ff05a262-3139-a301-f3f1-4d3c2b858385
3,"I'm looking for yoga classes in Manhattan",29,b275671e-2952-8c41-4f03-e4fd82eee267
3,"I'm looking for yoga classes in Manhattan",30,9ae1ff51-4d95-967c-41ab-d5d2ff094fac
3,"I'm looking for yoga classes in Manhattan",31,43db1f46-e59e-bee4-83d5-840f2d848e4d
3,"I'm looking for yoga classes in Manhattan",32,db8d6fb7-8da6-2f11-34a3-77dd3eab94ee
3,"I'm looking for yoga classes in Manhattan",33,3b4a24c9-91b3-5119-f68c-283c6def1bc3
3,"I'm looking for yoga classes in Manhattan",34,a966d80e-82c3-987c-2646-e96d72ba68f7
3,"I'm looking for yoga classes in Manhattan",35,ae5652ff-8ce6-7ec4-8ab0-67c1f73e1a22
3,"I'm looking for yoga classes in Manhattan",36,673e70d0-45e5-f968-94a7-6607d3c4598a
3,"I'm looking for yoga classes in Manhattan",37,dc957c37-f21c-a287-1855-c7318197934c
3,"I'm looking for yoga classes in Manhattan",38,37998f0d-8e70-b90d-9a46-0ce9d11e8284
3,"I'm looking for yoga classes in Manhattan",39,62de876c-de99-a803-e9aa-7e8e6375c2d8
3,"I'm looking for yoga classes in Manhattan",40,f5485727-1800-531e-2154-e3d595deedf3
3,"I'm looking for yoga classes in Manhattan",41,6cd23ef6-184a-acc0-8008-1a0bd8a30f2c
3,"I'm looking for yoga classes in Manhattan",42,63334646-8d46-cdf7-84c0-0d8b2c5e6cca
3,"I'm looking for yoga classes in Manhattan",43,73f092f9-e8f1-d850-f5de-ba4478708f39
3,"I'm looking for yoga classes in Manhattan",44,4f4bf320-9cc9-9804-5abd-f9b2f1ad7ea8
3,"I'm looking for yoga classes in Manhattan",45,df4f8afa-34c9-df53-82a3-23d5639a67b5
3,"I'm looking for yoga classes in Manhattan",46,00562523-0a0e-dd8b-ebb6-b5250900b508
3,"I'm looking for yoga classes in Manhattan",47,1ef02d28-4aef-1efd-bd52-1b4b7193b72f
3,"I'm looking for yoga classes in Manhattan",48,71f2a897-a6fe-1d44-9606-ffddb7a28026
3,"I'm looking for yoga classes in Manhattan",49,5218e39b-275c-0230-3798-698b99781935
3,"I'm looking for yoga classes in Manhattan",50,aa98f9ad-557c-2b84-967b-07503a5b3f96
3,"I'm looking for yoga classes in Manhattan",51,97cbb47e-fb1e-2297-940a-f821429a8b9c
3,"I'm looking for yoga classes in Manhattan",52,7560d1de-ddbc-a601-8b2a-18778fd246bf
3,"I'm looking for yoga classes in Manhattan",53,0e75f573-f5e1-90f0-584f-1d6de521d8ce
3,"I'm looking for yoga classes in Manhattan",54,d412aa09-e177-9b40-402c-e38f0be003b0
3,"I'm looking for yoga classes in Manhattan",55,75c3a8b0-65ef-b9e0-cc52-7f404445e30f
3,"I'm looking for yoga classes in Manhattan",56,1fc825e3-14d5-2cb5-f1e2-277ab031cdea
3,"I'm looking for yoga classes in Manhattan",57,f2820dd1-b966-77fd-57fa-02f4edd1ce60
3,"I'm looking for yoga classes in Manhattan",58,a2c66b92-0f8f-e4ab-0430-1951d8032f8d
3,"I'm looking for yoga classes in Manhattan",59,9ed1faf9-0bbc-faf2-743a-4041ecc38e0f
3,"I'm looking for yoga classes in Manhattan",60,7bfd085f-10a7-fda1-a532-c6399673a4b0
3,"I'm looking for yoga classes in Manhattan",61,bf5a53ed-6757-0129-20d7-7575bec5142b
3,"I'm looking for yoga classes in Manhattan",62,73aec1f5-6d80-6584-5c25-01d7d21f02a0
3,"I'm looking for yoga classes in Manhattan",63,592ba703-d5d6-6c8a-a9b4-921bf88c9eab
3,"I'm looking for yoga classes in Manhattan",64,5683beef-ed0c-d3db-9356-fd3ce927bffc
3,"I'm looking for yoga classes in Manhattan",65,7d72eb3c-a86d-9f0d-30a6-d9056d727e5e
3,"I'm looking for yoga classes in Manhattan",66,daf3b54a-2823-b5e8-ec2c-09b123c613ae
3,"I'm looking for yoga classes in Manhattan",67,a3aa16eb-cef3-f6f5-abe9-eb11ff8e0ea2
3,"I'm looking for yoga classes in Manhattan",68,3f0b7041-c770-6dff-58ed-6668505a88a0
3,"I'm looking for yoga classes in Manhattan",69,f626800a-e9a7-ce10-96bb-7f703452ba0f
3,"I'm looking for yoga classes in Manhattan",70,31a37e24-db42-7d24-2f29-547b52d40dee
3,"I'm looking for yoga classes in Manhattan",71,3f943dec-b146-7c15-c563-733bc66a269a
3,"I'm looking for yoga classes in Manhattan",72,4ec43660-ba8f-dd3f-de3c-d3b9c91afae9
3,"I'm looking for yoga classes in Manhattan",73,09fe62a9-27d8-c70e-2574-3ecd179d7e14
3,"I'm looking for yoga classes in Manhattan",74,4fa28fa4-3be4-b56a-5561-919d71a393f1
3,"I'm looking for yoga classes in Manhattan",75,1fff500d-9671-9dec-bfbb-e13e784e6120
3,"I'm looking for yoga classes in Manhattan",76,14f60771-89d4-4186-dd71-8de9673351b4
3,"I'm looking for yoga classes in Manhattan",77,748907bf-510f-bcd8-5f10-1b75b7fd0da6
3,"I'm looking for yoga classes in Manhattan",78,6bfa8d0b-f422-f567-4b5d-5a0eed2c9d7b
3,"I'm looking for yoga classes in Manhattan",79,48077394-f19b-84bc-8d3b-3639bf4d5a83
3,"I'm looking for yoga classes in Manhattan",80,ffea48df-d1e4-b6e8-f7aa-40d7f2129090
3,"I'm looking for yoga classes in Manhattan",81,163f83fd-6326-9f76-2efd-5c945094fd83
3,"I'm looking for yoga classes in Manhattan",82,8cf60f18-908e-3780-c7dd-4260c68ae292
3,"I'm looking for yoga classes in Manhattan",83,1a5a7623-9e08-8d4b-0444-025f31a7a5bb
3,"I'm looking for yoga classes in Manhattan",84,ee3a0227-42ab-20fc-b644-bfcf0576de9e
3,"I'm looking for yoga classes in Manhattan",85,7db44bc0-523c-b578-0174-d311dc8c8cd3
3,"I'm looking for yoga classes in Manhattan",86,53740aed-71bd-d2f8-65df-858ff47d37ad
3,"I'm looking for yoga classes in Manhattan",87,3b890f20-cf77-5c30-9d32-cfbba0c380b9
3,"I'm looking for yoga classes in Manhattan",88,729eb7fe-f041-7f82-4bf9-2dd0de1e5d67
3,"I'm looking for yoga classes in Manhattan",89,5445cf6b-2f49-962a-4150-9ce71a15e362
3,"I'm looking for yoga classes in Manhattan",90,dfc75eeb-4a88-77ae-f152-d62d098447cc
3,"I'm looking for yoga classes in Manhattan",91,cb4d2e4d-f371-5eb4-d3d2-1ccbf8db4fb7
3,"I'm looking for yoga classes in Manhattan",92,53252c96-bfe1-aaca-2f84-f0583f64a05e
3,"I'm looking for yoga classes in Manhattan",93,402be7ed-ee8b-63b4-9651-4cdf16040076
3,"I'm looking for yoga classes in Manhattan",94,e7a83617-79b5-cacf-b1eb-df563e7dc05d
3,"I'm looking for yoga classes in Manhattan",95,6c1ddd4a-0ad3-f3ad-c883-f3d11a91e1ff
3,"I'm looking for yoga classes in Manhattan",96,ca391993-0741-022f-7cbb-13157c94f888
3,"I'm looking for yoga classes in Manhattan",97,89fb7d8c-5c60-9650-e249-0801209cf49a
3,"I'm looking for yoga classes in Manhattan",98,b575e1e8-93a6-64b9-6a9b-cae6a17b2781
3,"I'm looking for yoga classes in Manhattan",99,6ffceaeb-45c1-ecba-ab8d-200351109f0f
3,"I'm looking for yoga classes in Manhattan",100,afa5ceef-cc5c-3314-4b38-c1559d0bcd98
3,"I'm looking for yoga classes in Manhattan",101,9ad48c1e-d585-e3cb-98f2-556988d0b1d7
3,"I'm looking for yoga classes in Manhattan",102,c127af7c-9ffb-70f1-d3ee-33d4a5637e72
3,"I'm looking for yoga classes in Manhattan",103,d6ebfa7b-f870-942f-6329-753599fc5552
3,"I'm looking for yoga classes in Manhattan",104,71907763-2967-6154-c7d4-b819a003c7eb
3,"I'm looking for yoga classes in Manhattan",105,d821f9b4-9415-142f-8d5f-2fc0da04f0d5
3,"I'm looking for yoga classes in Manhattan",106,86449a20-2b9e-4e60-5f65-8b346a4b6046
3,"I'm looking for yoga classes in Manhattan",107,756ca37c-d7ef-da47-9b29-62517f92b696
3,"I'm looking for yoga classes in Manhattan",108,8e9aac2c-572d-a9d7-a359-85c8ffc62628
3,"I'm looking for yoga classes in Manhattan",109,d3d7624d-a828-3140-0a60-375361181d22
3,"I'm looking for yoga classes in Manhattan",110,ac70e0a7-0c7b-7436-92b3-f6a6c7e09d8b
3,"I'm looking for yoga classes in Manhattan",111,42d20d07-00a5-aa6f-b785-114cceb4cfbb
3,"I'm looking for yoga classes in Manhattan",112,7d0c3de6-7367-7f49-8dd9-58ec718cedff
3,"I'm looking for yoga classes in Manhattan",113,ce3da0a6-30c0-ab86-ab3d-43c8609d9bf2
3,"I'm looking for yoga classes in Manhattan",114,669cce96-c871-1b0e-2147-2bf00cadbca7
3,"I'm looking for yoga classes in Manhattan",115,d5541273-c98b-38d8-4f55-8a431cca7a86
3,"I'm looking for yoga classes in Manhattan",116,a5ea3afd-d72d-376d-81db-88b5eb16aaa2
3,"I'm looking for yoga classes in Manhattan",117,e725e0d3-94d4-bd1f-dd04-ff55a38b0ab5
3,"I'm looking for yoga classes in Manhattan",118,43e68757-853f-7b9d-d285-116a0d41a877
3,"I'm looking for yoga classes in Manhattan",119,85b7a99d-ff38-da1e-9426-884d6ecba7f3
3,"I'm looking for yoga classes in Manhattan",120,b931a318-35b4-1ad1-2718-eff81d24ce0b
3,"I'm looking for yoga classes in Manhattan",121,025e0b12-5202-e846-19b7-ceb9e3ffe08c
3,"I'm looking for yoga classes in Manhattan",122,bc43ef4c-7099-0902-83db-87f3a0137de3
3,"I'm looking for yoga classes in Manhattan",123,abb47f57-1d9f-c721-9e76-0f06b82fb76f
3,"I'm looking for yoga classes in Manhattan",124,24155388-17d6-985e-cbc6-8834270b08fa
3,"I'm looking for yoga classes in Manhattan",125,3d0ff2fb-c228-006f-8d2c-812a974e60dc
3,"I'm looking for yoga classes in Manhattan",126,c71a801b-6e32-9fe4-6f3a-bc8997af90b6
3,"I'm looking for yoga classes in Manhattan",127,333b0737-33d5-9cfe-9498-652f93391bc7
3,"I'm looking for yoga classes in Manhattan",128,bcd8f6e9-3a66-6ab8-accb-3013bc866577
3,"I'm looking for yoga classes in Manhattan",129,7049ce8f-a8a0-7578-4eab-2ae0be1913f4
3,"I'm looking for yoga classes in Manhattan",130,b2705840-eb1b-6d39-0e4f-34f883b3dcb9
3,"I'm looking for yoga classes in Manhattan",131,a9e65ecb-40da-74c6-c61a-57362d919f48
3,"I'm looking for yoga classes in Manhattan",132,b835a9ea-a3db-1d27-8da9-698e166deaa2
3,"I'm looking for yoga classes in Manhattan",133,4e676b73-a5d3-3aec-2b1b-f1404886ca43
3,"I'm looking for yoga classes in Manhattan",134,3289d7f5-eb61-65f4-c255-454e0490150c
3,"I'm looking for yoga classes in Manhattan",135,2dfaf636-8311-7c25-dbf5-74169d1530a6
3,"I'm looking for yoga classes in Manhattan",136,69a54b21-a995-3902-5412-bf466e80521d
3,"I'm looking for yoga classes in Manhattan",137,3f0856ba-6ea8-91c1-5b85-7b7928f4d7cc
3,"I'm looking for yoga classes in Manhattan",138,3bcffc43-a19c-d820-3739-12e8d7992bdd
3,"I'm looking for yoga classes in Manhattan",139,87d1bf25-588a-742b-6274-23e3bdc97064
3,"I'm looking for yoga classes in Manhattan",140,6a4f074f-6bed-d428-b482-e7c9af0ea012
3,"I'm looking for yoga classes in Manhattan",141,6a046a68-7cc8-4e6c-17e8-820de4fa9954
3,"I'm looking for yoga classes in Manhattan",142,06fec95f-4717-99f2-fdd7-e907724ec2fe
3,"I'm looking for yoga classes in Manhattan",143,a206137d-1b75-8236-0f22-fa43168fd0c0
3,"I'm looking for yoga classes in Manhattan",144,ad79d119-109e-69c9-5430-1d199d56ffff
3,"I'm looking for yoga classes in Manhattan",145,96dc89d7-0b5c-fd6a-b8f7-e876030d7400
3,"I'm looking for yoga classes in Manhattan",146,74054f72-5518-6b17-f109-97abeebbf04f
3,"I'm looking for yoga classes in Manhattan",147,8779c6ee-ff7f-1e43-9082-e7766d9ff6a4
3,"I'm looking for yoga classes in Manhattan",148,b025d77d-0acb-7068-18d6-a85473cdcc2c
3,"I'm looking for yoga classes in Manhattan",149,813d79e0-87fb-c920-cb0f-044a9b930abe
3,"I'm looking for yoga classes in Manhattan",150,bb203aaa-6b32-bab8-4979-b68557ca28ee
3,"I'm looking for yoga classes in Manhattan",151,fae762bb-f9f5-e114-e436-97c27de5f807
3,"I'm looking for yoga classes in Manhattan",152,7eb92cb8-a425-5a63-7b14-84231035306f
3,"I'm looking for yoga classes in Manhattan",153,75caad92-0f1b-9f2a-d692-32d399efe152
3,"I'm looking for yoga classes in Manhattan",154,8460789d-3186-9b6c-194b-67d142af74b4
3,"I'm looking for yoga classes in Manhattan",155,90b5373c-317c-2f4b-b387-c51c72a8b3ef
3,"I'm looking for yoga classes in Manhattan",156,fc955a4f-b3b2-aa82-d90a-05a7c0572243
3,"I'm looking for yoga classes in Manhattan",157,28ee3e11-2a9a-a2ea-9676-7e0b24c0ccaa
3,"I'm looking for yoga classes in Manhattan",158,75fd3a7c-40ca-7a25-3659-4b3b19c4c284
3,"I'm looking for yoga classes in Manhattan",159,fbb88deb-66b4-152f-c2b6-50efa95e7589
3,"I'm looking for yoga classes in Manhattan",160,1b5926ed-70cf-1f1e-86af-a3b535460a9d
4,"What art exhibitions or gallery events are happening this week?",1,58e6b1b0-43cc-d728-3463-0bc303b0bcbb
4,"What art exhibitions or gallery events are happening this week?",2,b7832231-fc01-46f6-2e7c-361b789f778f
4,"What art exhibitions or gallery events are happening this week?",3,d4c44f2f-cc47-0c33-3155-e57fe22e4a95
4,"What art exhibitions or gallery events are happening this week?",4,86d1433e-c575-9b3a-b3e8-35d75ff0d1b9
4,"What art exhibitions or gallery events are happening this week?",5,a1ca0675-b0f1-6219-c6d2-f3da08c8e362
4,"What art exhibitions or gallery events are happening this week?",6,7d0c3de6-7367-7f49-8dd9-58ec718cedff
4,"What art exhibitions or gallery events are happening this week?",7,4528cb60-76b5-9efb-eafc-382e6924ca27
4,"What art exhibitions or gallery events are happening this week?",8,2bf7178b-3d02-b367-d6c9-d0c7cb5775f9
4,"What art exhibitions or gallery events are happening this week?",9,82eb38ca-e25f-346d-fe06-bc45bf2bd53e
4,"What art exhibitions or gallery events are happening this week?",10,53a9228e-ffef-c9cc-b6eb-1676d2ba671c
4,"What art exhibitions or gallery events are happening this week?",11,6cc59e2c-cfc3-1d52-34e2-5e7fb53da047
4,"What art exhibitions or gallery events are happening this week?",12,3581f6f9-d74f-2930-7cbf-82903d7fd9b4
4,"What art exhibitions or gallery events are happening this week?",13,8c557641-4743-6b34-878b-7e70441bc76f
4,"What art exhibitions or gallery events are happening this week?",14,af18d9a4-0efd-fcfc-9466-96920367e468
4,"What art exhibitions or gallery events are happening this week?",15,53b49c9b-b835-d49f-03fe-99e114b61590
4,"What art exhibitions or gallery events are happening this week?",16,7cf23f22-b82e-c6a0-ce77-295440aec088
4,"What art exhibitions or gallery events are happening this week?",17,7287f36a-cd23-f137-75fe-0673d2df3a6f
4,"What art exhibitions or gallery events are happening this week?",18,a89838bf-dfd1-4063-304c-0b3e84aa5190
4,"What art exhibitions or gallery events are happening this week?",19,0f5fd85c-3ce8-8db6-de89-9d2e6e3c9540
4,"What art exhibitions or gallery events are happening this week?",20,96dc89d7-0b5c-fd6a-b8f7-e876030d7400
4,"What art exhibitions or gallery events are happening this week?",21,d9789157-dd47-2656-d0c8-e8672f569777
4,"What art exhibitions or gallery events are happening this week?",22,ee3ebc08-b197-fd4f-aa23-02b02c0fd1af
4,"What art exhibitions or gallery events are happening this week?",23,8dc921ed-2d27-1268-31c8-8cfc66352dac
4,"What art exhibitions or gallery events are happening this week?",24,7c99ceb9-4f12-7d27-b2d8-e177e1bc0bd5
4,"What art exhibitions or gallery events are happening this week?",25,b348f22a-b0f4-bcb7-eae5-4d320a7b06e6
4,"What art exhibitions or gallery events are happening this week?",26,4eb0caca-c205-32d9-1757-117ee32bc834
4,"What art exhibitions or gallery events are happening this week?",27,33b13dc9-3ecb-79aa-80e8-ec1914076ede
4,"What art exhibitions or gallery events are happening this week?",28,59ce3aaf-9fc1-633e-303a-c4e3ade889fd
4,"What art exhibitions or gallery events are happening this week?",29,661217b2-fd1c-2c42-a828-b5621b42346b
4,"What art exhibitions or gallery events are happening this week?",30,6ea463cd-f5ec-76a3-a737-ec93b24f7e63
4,"What art exhibitions or gallery events are happening this week?",31,66c8c624-972d-743b-a116-2d8412d424d9
4,"What art exhibitions or gallery events are happening this week?",32,676f2f53-c1fe-8d46-b300-a392eee1df3a
4,"What art exhibitions or gallery events are happening this week?",33,09fe62a9-27d8-c70e-2574-3ecd179d7e14
4,"What art exhibitions or gallery events are happening this week?",34,7d566e19-8d8e-fcc1-dd47-da5aa4daac90
4,"What art exhibitions or gallery events are happening this week?",35,036ca492-8b94-9302-a529-62fbb6d1e185
4,"What art exhibitions or gallery events are happening this week?",36,63b4439c-c00f-4e85-f940-4a0b5d25340d
4,"What art exhibitions or gallery events are happening this week?",37,53f21e98-9b9f-3ecf-4d8b-cd353a0b049c
4,"What art exhibitions or gallery events are happening this week?",38,20d75837-17dc-3dd5-ddb0-3edf1c3bc675
4,"What art exhibitions or gallery events are happening this week?",39,1d6e2cf5-be2d-3dcb-ad13-c872f2b32753
4,"What art exhibitions or gallery events are happening this week?",40,6e0bf96a-a433-b2cf-f21b-46ba4a3306d8
4,"What art exhibitions or gallery events are happening this week?",41,9435d95e-a50a-35b1-9a4c-df4d3411da0d
4,"What art exhibitions or gallery events are happening this week?",42,4fa28fa4-3be4-b56a-5561-919d71a393f1
4,"What art exhibitions or gallery events are happening this week?",43,3bcffc43-a19c-d820-3739-12e8d7992bdd
4,"What art exhibitions or gallery events are happening this week?",44,d86f9c38-a2d7-e755-d54e-58c06ca56a01
4,"What art exhibitions or gallery events are happening this week?",45,7589ecaf-80f5-9d44-af7a-6156cd81a0c4
4,"What art exhibitions or gallery events are happening this week?",46,9b0ade7f-89ed-df30-80fc-1ff053dd894e
4,"What art exhibitions or gallery events are happening this week?",47,9ce9cd61-d1a5-5a62-ef1b-be427d9c054b
4,"What art exhibitions or gallery events are happening this week?",48,d8e74e10-db6d-b27b-52ad-9fe764c24d04
4,"What art exhibitions or gallery events are happening this week?",49,530b297f-e6ba-5820-b4b4-db0a0cbaa7c6
4,"What art exhibitions or gallery events are happening this week?",50,bce61be8-dfad-ace9-3608-322e8929f3c1
4,"What art exhibitions or gallery events are happening this week?",51,6c7b3a42-fe1f-689e-b752-e9ed93ecdde3
4,"What art exhibitions or gallery events are happening this week?",52,e29b6e84-37c6-0119-7e92-eaca480f6893
4,"What art exhibitions or gallery events are happening this week?",53,0b5de573-a15a-3d27-6390-93380669bd67
4,"What art exhibitions or gallery events are happening this week?",54,1adf0d47-5801-a7d1-7385-13926eaa2112
4,"What art exhibitions or gallery events are happening this week?",55,62de876c-de99-a803-e9aa-7e8e6375c2d8
4,"What art exhibitions or gallery events are happening this week?",56,d4e8f62b-2f0a-7238-1a78-6cd602d66f1b
4,"What art exhibitions or gallery events are happening this week?",57,6b414483-0c8f-7a00-1f5c-d953ca3d8c45
4,"What art exhibitions or gallery events are happening this week?",58,b93a6dc0-3c4e-b2a4-dd62-f43dc782e58f
4,"What art exhibitions or gallery events are happening this week?",59,313e308c-47bd-31a8-4e44-6b2cd75bcea7
4,"What art exhibitions or gallery events are happening this week?",60,08b41542-148f-dc81-2f79-116971c543ab
4,"What art exhibitions or gallery events are happening this week?",61,0c40bb28-27f6-165d-2e06-4b92b549442d
4,"What art exhibitions or gallery events are happening this week?",62,91cd1c40-7665-aeb4-5029-570a1bccd777
4,"What art exhibitions or gallery events are happening this week?",63,3cbca495-ac93-f11a-a78f-720794af29b7
4,"What art exhibitions or gallery events are happening this week?",64,2c1aeefd-b2b4-4c1e-c78a-b4141d466f7b
4,"What art exhibitions or gallery events are happening this week?",65,01d68a2a-1d82-0abd-d200-fcee3523027b
4,"What art exhibitions or gallery events are happening this week?",66,5d084450-2dc6-1812-552c-6b2658971f76
4,"What art exhibitions or gallery events are happening this week?",67,7cc03fa6-ef47-95b3-103b-7b9a5e877c1a
4,"What art exhibitions or gallery events are happening this week?",68,49e1a55d-cb0d-8484-a760-8eb088222ba0
4,"What art exhibitions or gallery events are happening this week?",69,44e0a09a-5e7f-b883-7665-3d32bd475b8b
4,"What art exhibitions or gallery events are happening this week?",70,6483e074-b3f5-4f37-7844-6ed1ca8330d6
4,"What art exhibitions or gallery events are happening this week?",71,d2f90b4a-18c4-d284-7f88-0a882e8df305
4,"What art exhibitions or gallery events are happening this week?",72,f5bb56f8-4363-9bf6-ae2d-82b1ddb01930
4,"What art exhibitions or gallery events are happening this week?",73,2c7730da-effb-760c-f892-c7f7ee22fbd4
4,"What art exhibitions or gallery events are happening this week?",74,f4da2d3b-f0dd-8fd0-85e8-e7b16436b1ce
4,"What art exhibitions or gallery events are happening this week?",75,6e147e2a-9c3b-5b17-1245-940178f81d99
4,"What art exhibitions or gallery events are happening this week?",76,728ae5d1-3b04-57a6-c146-9b3970a63262
4,"What art exhibitions or gallery events are happening this week?",77,4713920c-4284-acdd-8500-589b36c51c05
4,"What art exhibitions or gallery events are happening this week?",78,fb8cad3d-5304-1d12-2bfc-7918551ff687
4,"What art exhibitions or gallery events are happening this week?",79,1f025e92-8039-2d72-9af4-89f218eaf3d9
4,"What art exhibitions or gallery events are happening this week?",80,0b5941e6-35bf-aec7-11a8-6599ed9d06d4
4,"What art exhibitions or gallery events are happening this week?",81,13956ee6-5f17-5b4e-d3e6-7fdb142c5b9f
4,"What art exhibitions or gallery events are happening this week?",82,013ef803-ed53-54fd-f174-57244346ec4c
4,"What art exhibitions or gallery events are happening this week?",83,23c89b97-43b6-aae3-7cb8-840e41c7922a
4,"What art exhibitions or gallery events are happening this week?",84,fae762bb-f9f5-e114-e436-97c27de5f807
4,"What art exhibitions or gallery events are happening this week?",85,32ebed19-f766-1a9b-8b61-e3dbef51fcf3
4,"What art exhibitions or gallery events are happening this week?",86,38b5b870-1286-2844-536d-af567758bfe4
4,"What art exhibitions or gallery events are happening this week?",87,0d5a099e-5133-eb13-083e-41e523ab060f
4,"What art exhibitions or gallery events are happening this week?",88,ee2687f1-bd4b-bb2c-90c7-7a5b134d5aab
4,"What art exhibitions or gallery events are happening this week?",89,8c9277b5-7020-06da-214d-6f00256874f0
4,"What art exhibitions or gallery events are happening this week?",90,6f3baf38-daea-8ef1-90bd-f1c9bcb02073
4,"What art exhibitions or gallery events are happening this week?",91,85bb3b5b-9a95-8b73-6f88-5390118240b7
4,"What art exhibitions or gallery events are happening this week?",92,28ee3e11-2a9a-a2ea-9676-7e0b24c0ccaa
4,"What art exhibitions or gallery events are happening this week?",93,c500fa33-c1ad-f30e-fa76-c88d29b15e91
4,"What art exhibitions or gallery events are happening this week?",94,d0252d77-7d6e-23a1-4533-1a9e510c0f53
4,"What art exhibitions or gallery events are happening this week?",95,ad79d119-109e-69c9-5430-1d199d56ffff
4,"What art exhibitions or gallery events are happening this week?",96,b0105eb8-cdbe-ccb7-fc84-736120b3aa88
4,"What art exhibitions or gallery events are happening this week?",97,a71d7b10-5c9d-1a00-f971-165998c2b87e
4,"What art exhibitions or gallery events are happening this week?",98,39cb07be-3270-182f-f7d8-89392d3eef7b
4,"What art exhibitions or gallery events are happening this week?",99,a52abfb3-38fa-fe57-ad45-4590f74763f4
4,"What art exhibitions or gallery events are happening this week?",100,458c9930-6682-fb42-a3a1-b68b2d8481c5
4,"What art exhibitions or gallery events are happening this week?",101,391198fc-ef3b-bab1-47d3-3326ff363913
4,"What art exhibitions or gallery events are happening this week?",102,e91c2c77-0103-3bfb-e54a-9ffd0f144c33
4,"What art exhibitions or gallery events are happening this week?",103,63334646-8d46-cdf7-84c0-0d8b2c5e6cca
4,"What art exhibitions or gallery events are happening this week?",104,040a112b-02b1-8a08-555f-0d92ab69a575
4,"What art exhibitions or gallery events are happening this week?",105,b1f214fd-611d-a1e6-d610-d51c2bcf735c
4,"What art exhibitions or gallery events are happening this week?",106,16ba88b1-8200-36a0-53b1-9a26f16644f6
4,"What art exhibitions or gallery events are happening this week?",107,d48756a2-ddb4-fa26-d550-90a791013fc6
4,"What art exhibitions or gallery events are happening this week?",108,679dd576-95c7-dc37-a608-2fd3e234e385
4,"What art exhibitions or gallery events are happening this week?",109,d32e1ec5-b230-cf3f-a007-1ddfc1d165c0
4,"What art exhibitions or gallery events are happening this week?",110,df4f8afa-34c9-df53-82a3-23d5639a67b5
4,"What art exhibitions or gallery events are happening this week?",111,d3400513-b404-e3ba-e0bb-f0c6168e0212
4,"What art exhibitions or gallery events are happening this week?",112,fc6dd3c9-9901-0a3b-b8a0-2672e20f8c77
4,"What art exhibitions or gallery events are happening this week?",113,6c188e7e-4a29-ac46-7f16-f9abf7ea7ec8
4,"What art exhibitions or gallery events are happening this week?",114,2ff39fa2-0895-94f4-430e-7453b7769eaa
4,"What art exhibitions or gallery events are happening this week?",115,51c38721-7479-929f-a758-1c432d7ad4b8
4,"What art exhibitions or gallery events are happening this week?",116,5237ae01-d0a4-2289-467c-115e94e71458
4,"What art exhibitions or gallery events are happening this week?",117,4a641acd-3948-b9dc-28ba-0800ddfdea5d
4,"What art exhibitions or gallery events are happening this week?",118,bcd8f6e9-3a66-6ab8-accb-3013bc866577
4,"What art exhibitions or gallery events are happening this week?",119,099d487b-0e70-03a5-8658-aaaf155e7a5c
4,"What art exhibitions or gallery events are happening this week?",120,29de4e91-7aa1-ae7d-738b-bad0e0aed9b6
4,"What art exhibitions or gallery events are happening this week?",121,b03bd27a-5cc6-392f-9c67-17ee74253457
4,"What art exhibitions or gallery events are happening this week?",122,1cb0c42d-f7a5-3ef3-9dde-ab757fa88e8a
4,"What art exhibitions or gallery events are happening this week?",123,f20d1149-e489-46b3-7d37-278bea5dd5c3
4,"What art exhibitions or gallery events are happening this week?",124,f0df12ca-8e75-6007-9843-e14426409e13
4,"What art exhibitions or gallery events are happening this week?",125,cb4d2e4d-f371-5eb4-d3d2-1ccbf8db4fb7
4,"What art exhibitions or gallery events are happening this week?",126,abc61b48-2dfc-6f08-5d66-0ca28cc8e0f5
4,"What art exhibitions or gallery events are happening this week?",127,e480d437-ad73-f108-8896-fe0bc2b706a8
4,"What art exhibitions or gallery events are happening this week?",128,52a4f478-0dd7-421e-4fe3-bd62db7e6848
4,"What art exhibitions or gallery events are happening this week?",129,c9e7914a-fcd5-c719-2cb1-b1bc34a712d1
4,"What art exhibitions or gallery events are happening this week?",130,58ec7d45-bc84-f764-8b06-b0f603f5dfee
4,"What art exhibitions or gallery events are happening this week?",131,8557d8b9-0c70-352b-ab99-58e696ff408f
4,"What art exhibitions or gallery events are happening this week?",132,e3ddd7f5-4afd-a7d4-a234-d65022783a8f
4,"What art exhibitions or gallery events are happening this week?",133,1bbdbbde-6169-bf74-4f73-3cd4f059bd70
4,"What art exhibitions or gallery events are happening this week?",134,3340153c-727f-d094-4d40-6ecd47b9e36a
4,"What art exhibitions or gallery events are happening this week?",135,a59027a7-34b8-e71a-118f-62760c4be1d0
4,"What art exhibitions or gallery events are happening this week?",136,df699610-4e77-1cd8-bcc9-d37dc59bcb33
4,"What art exhibitions or gallery events are happening this week?",137,13bb238c-5e30-60f1-c10a-c5eef5e07ec9
4,"What art exhibitions or gallery events are happening this week?",138,f0f7a0db-c28a-ddeb-484c-5452068e53e7
4,"What art exhibitions or gallery events are happening this week?",139,e86c0d50-aae8-a5f9-d729-bfc0eeb3acb6
4,"What art exhibitions or gallery events are happening this week?",140,e51a4ddf-f9cc-5c7a-5513-fa4094e24003
4,"What art exhibitions or gallery events are happening this week?",141,fee6b9cc-af04-53e2-5da3-a30957c3b5bf
4,"What art exhibitions or gallery events are happening this week?",142,bade8a5e-111a-37e7-347c-210b6377224c
4,"What art exhibitions or gallery events are happening this week?",143,5d90601b-7768-a1ab-8660-b929c3b26460
4,"What art exhibitions or gallery events are happening this week?",144,34b1e1be-95f6-5083-4771-02ffa64b4bb6
4,"What art exhibitions or gallery events are happening this week?",145,1c6c350f-d5bf-fade-ea3a-cef46572f1fd
4,"What art exhibitions or gallery events are happening this week?",146,e1ce61f6-ef01-448d-ad74-6952713434a1
4,"What art exhibitions or gallery events are happening this week?",147,9338c045-58a2-f2fb-e745-87b6cec9b8f8
4,"What art exhibitions or gallery events are happening this week?",148,6cd23ef6-184a-acc0-8008-1a0bd8a30f2c
4,"What art exhibitions or gallery events are happening this week?",149,d8434141-2de2-3cac-e27c-4fe8dcffad2a
4,"What art exhibitions or gallery events are happening this week?",150,e1aa20c4-90fe-e8a7-925a-ff17f1edb48b
4,"What art exhibitions or gallery events are happening this week?",151,83c985e8-660e-c22a-71c6-ff88c374674b
4,"What art exhibitions or gallery events are happening this week?",152,859bc2c5-52fc-ea72-43b1-4a9765d5a04e
4,"What art exhibitions or gallery events are happening this week?",153,ecae58ac-469e-e067-6f79-0220fa00a0e8
4,"What art exhibitions or gallery events are happening this week?",154,e6fb8080-2e6d-7408-dfc1-6453367c473a
4,"What art exhibitions or gallery events are happening this week?",155,3a967291-e244-0a2e-400c-49dc8d1c60e1
4,"What art exhibitions or gallery events are happening this week?",156,628af73c-84e0-21f6-2a2b-1700a86dff8c
4,"What art exhibitions or gallery events are happening this week?",157,aa98f9ad-557c-2b84-967b-07503a5b3f96
4,"What art exhibitions or gallery events are happening this week?",158,b835a9ea-a3db-1d27-8da9-698e166deaa2
4,"What art exhibitions or gallery events are happening this week?",159,ceae4951-c96f-47e2-7cb2-3f893d73fb20
4,"What art exhibitions or gallery events are happening this week?",160,4b2a5242-7306-047b-8acc-342e60ff5c5b
5,"I want to go to a live jazz or music concert",1,83c985e8-660e-c22a-71c6-ff88c374674b
5,"I want to go to a live jazz or music concert",2,e91c2c77-0103-3bfb-e54a-9ffd0f144c33
5,"I want to go to a live jazz or music concert",3,b348f22a-b0f4-bcb7-eae5-4d320a7b06e6
5,"I want to go to a live jazz or music concert",4,44e0a09a-5e7f-b883-7665-3d32bd475b8b
5,"I want to go to a live jazz or music concert",5,3bcffc43-a19c-d820-3739-12e8d7992bdd
5,"I want to go to a live jazz or music concert",6,a93118b1-417a-7ac4-349a-d6cd0beaa256
5,"I want to go to a live jazz or music concert",7,d32e1ec5-b230-cf3f-a007-1ddfc1d165c0
5,"I want to go to a live jazz or music concert",8,628af73c-84e0-21f6-2a2b-1700a86dff8c
5,"I want to go to a live jazz or music concert",9,7eb92cb8-a425-5a63-7b14-84231035306f
5,"I want to go to a live jazz or music concert",10,59ce3aaf-9fc1-633e-303a-c4e3ade889fd
5,"I want to go to a live jazz or music concert",11,cb4bd408-ee25-44ae-647c-75a1b61f6ac8
5,"I want to go to a live jazz or music concert",12,3cbca495-ac93-f11a-a78f-720794af29b7
5,"I want to go to a live jazz or music concert",13,6e0bf96a-a433-b2cf-f21b-46ba4a3306d8
5,"I want to go to a live jazz or music concert",14,e29b6e84-37c6-0119-7e92-eaca480f6893
5,"I want to go to a live jazz or music concert",15,d3400513-b404-e3ba-e0bb-f0c6168e0212
5,"I want to go to a live jazz or music concert",16,1adf0d47-5801-a7d1-7385-13926eaa2112
5,"I want to go to a live jazz or music concert",17,51c38721-7479-929f-a758-1c432d7ad4b8
5,"I want to go to a live jazz or music concert",18,abc61b48-2dfc-6f08-5d66-0ca28cc8e0f5
5,"I want to go to a live jazz or music concert",19,3a967291-e244-0a2e-400c-49dc8d1c60e1
5,"I want to go to a live jazz or music concert",20,98744771-3956-8de2-f799-a79f4d5eedbe
5,"I want to go to a live jazz or music concert",21,471c2d7e-a491-d262-2193-a481337f2d04
5,"I want to go to a live jazz or music concert",22,7cf23f22-b82e-c6a0-ce77-295440aec088
5,"I want to go to a live jazz or music concert",23,0c40bb28-27f6-165d-2e06-4b92b549442d
5,"I want to go to a live jazz or music concert",24,0adddfb9-e35e-58fa-f424-fdaa96b95533
5,"I want to go to a live jazz or music concert",25,8c9277b5-7020-06da-214d-6f00256874f0
5,"I want to go to a live jazz or music concert",26,a89838bf-dfd1-4063-304c-0b3e84aa5190
5,"I want to go to a live jazz or music concert",27,f0df12ca-8e75-6007-9843-e14426409e13
5,"I want to go to a live jazz or music concert",28,e86c0d50-aae8-a5f9-d729-bfc0eeb3acb6
5,"I want to go to a live jazz or music concert",29,7287f36a-cd23-f137-75fe-0673d2df3a6f
5,"I want to go to a live jazz or music concert",30,df4f8afa-34c9-df53-82a3-23d5639a67b5
5,"I want to go to a live jazz or music concert",31,4baa8e4e-9624-c913-96d8-3b2b58d1dd99
5,"I want to go to a live jazz or music concert",32,df699610-4e77-1cd8-bcc9-d37dc59bcb33
5,"I want to go to a live jazz or music concert",33,5237ae01-d0a4-2289-467c-115e94e71458
5,"I want to go to a live jazz or music concert",34,63b4439c-c00f-4e85-f940-4a0b5d25340d
5,"I want to go to a live jazz or music concert",35,86d1433e-c575-9b3a-b3e8-35d75ff0d1b9
5,"I want to go to a live jazz or music concert",36,33b13dc9-3ecb-79aa-80e8-ec1914076ede
5,"I want to go to a live jazz or music concert",37,b06b3bd8-428a-ad94-ef65-bb289b455712
5,"I want to go to a live jazz or music concert",38,dc695e2f-fd62-5bc7-aaa8-04ac40983840
5,"I want to go to a live jazz or music concert",39,85bb3b5b-9a95-8b73-6f88-5390118240b7
5,"I want to go to a live jazz or music concert",40,b93a6dc0-3c4e-b2a4-dd62-f43dc782e58f
5,"I want to go to a live jazz or music concert",41,fee6b9cc-af04-53e2-5da3-a30957c3b5bf
5,"I want to go to a live jazz or music concert",42,a52abfb3-38fa-fe57-ad45-4590f74763f4
5,"I want to go to a live jazz or music concert",43,8557d8b9-0c70-352b-ab99-58e696ff408f
5,"I want to go to a live jazz or music concert",44,f7ed64ee-ab19-263c-c595-dbdc10174968
5,"I want to go to a live jazz or music concert",45,85fd4591-8ad1-8cb1-84ab-fe41bb46bbb2
5,"I want to go to a live jazz or music concert",46,ad79d119-109e-69c9-5430-1d199d56ffff
5,"I want to go to a live jazz or music concert",47,d4c44f2f-cc47-0c33-3155-e57fe22e4a95
5,"I want to go to a live jazz or music concert",48,ecae58ac-469e-e067-6f79-0220fa00a0e8
5,"I want to go to a live jazz or music concert",49,7c99ceb9-4f12-7d27-b2d8-e177e1bc0bd5
5,"I want to go to a live jazz or music concert",50,a3bcc678-f13e-0bef-44ca-abc9781e6179
5,"I want to go to a live jazz or music concert",51,58032615-cb7a-edf8-21d7-dc82ad983116
5,"I want to go to a live jazz or music concert",52,bf5a53ed-6757-0129-20d7-7575bec5142b
5,"I want to go to a live jazz or music concert",53,f0f7a0db-c28a-ddeb-484c-5452068e53e7
5,"I want to go to a live jazz or music concert",54,1cb0c42d-f7a5-3ef3-9dde-ab757fa88e8a
5,"I want to go to a live jazz or music concert",55,4f4bf320-9cc9-9804-5abd-f9b2f1ad7ea8
5,"I want to go to a live jazz or music concert",56,d86f9c38-a2d7-e755-d54e-58c06ca56a01
5,"I want to go to a live jazz or music concert",57,09fe62a9-27d8-c70e-2574-3ecd179d7e14
5,"I want to go to a live jazz or music concert",58,62de876c-de99-a803-e9aa-7e8e6375c2d8
5,"I want to go to a live jazz or music concert",59,d93a3c11-90aa-3a9a-5587-0f61e320995a
5,"I want to go to a live jazz or music concert",60,af9c5271-0501-83b1-c93f-45a91c3eb973
5,"I want to go to a live jazz or music concert",61,6b414483-0c8f-7a00-1f5c-d953ca3d8c45
5,"I want to go to a live jazz or music concert",62,e480d437-ad73-f108-8896-fe0bc2b706a8
5,"I want to go to a live jazz or music concert",63,63334646-8d46-cdf7-84c0-0d8b2c5e6cca
5,"I want to go to a live jazz or music concert",64,0f5fd85c-3ce8-8db6-de89-9d2e6e3c9540
5,"I want to go to a live jazz or music concert",65,d2f90b4a-18c4-d284-7f88-0a882e8df305
5,"I want to go to a live jazz or music concert",66,6cc59e2c-cfc3-1d52-34e2-5e7fb53da047
5,"I want to go to a live jazz or music concert",67,728ae5d1-3b04-57a6-c146-9b3970a63262
5,"I want to go to a live jazz or music concert",68,22e6532a-691f-c082-4cc4-3592783aee62
5,"I want to go to a live jazz or music concert",69,af18d9a4-0efd-fcfc-9466-96920367e468
5,"I want to go to a live jazz or music concert",70,8dc921ed-2d27-1268-31c8-8cfc66352dac
5,"I want to go to a live jazz or music concert",71,8c557641-4743-6b34-878b-7e70441bc76f
5,"I want to go to a live jazz or music concert",72,16e2fa58-54e0-8500-b09f-2ceb22ced01e
5,"I want to go to a live jazz or music concert",73,8460789d-3186-9b6c-194b-67d142af74b4
5,"I want to go to a live jazz or music concert",74,b025d77d-0acb-7068-18d6-a85473cdcc2c
5,"I want to go to a live jazz or music concert",75,d4aee0fe-6bb6-f0b2-725f-d6354ec22d7c
5,"I want to go to a live jazz or music concert",76,9b0ade7f-89ed-df30-80fc-1ff053dd894e
5,"I want to go to a live jazz or music concert",77,53a9228e-ffef-c9cc-b6eb-1676d2ba671c
5,"I want to go to a live jazz or music concert",78,2ff39fa2-0895-94f4-430e-7453b7769eaa
5,"I want to go to a live jazz or music concert",79,86d1cb94-9671-6720-a7c1-8587d5af769f
5,"I want to go to a live jazz or music concert",80,05e515da-18d3-9144-3a92-40e1a6d918f2
5,"I want to go to a live jazz or music concert",81,1fff500d-9671-9dec-bfbb-e13e784e6120
5,"I want to go to a live jazz or music concert",82,3f943dec-b146-7c15-c563-733bc66a269a
5,"I want to go to a live jazz or music concert",83,bb203aaa-6b32-bab8-4979-b68557ca28ee
5,"I want to go to a live jazz or music concert",84,b199f9fe-95a1-a543-8fa0-a0faf4e2c961
5,"I want to go to a live jazz or music concert",85,6483e074-b3f5-4f37-7844-6ed1ca8330d6
5,"I want to go to a live jazz or music concert",86,7cc03fa6-ef47-95b3-103b-7b9a5e877c1a
5,"I want to go to a live jazz or music concert",87,53b49c9b-b835-d49f-03fe-99e114b61590
5,"I want to go to a live jazz or music concert",88,c500fa33-c1ad-f30e-fa76-c88d29b15e91
5,"I want to go to a live jazz or music concert",89,661217b2-fd1c-2c42-a828-b5621b42346b
5,"I want to go to a live jazz or music concert",90,b7832231-fc01-46f6-2e7c-361b789f778f
5,"I want to go to a live jazz or music concert",91,abfe5a50-98a4-445c-8afa-5e20bded568c
5,"I want to go to a live jazz or music concert",92,20d75837-17dc-3dd5-ddb0-3edf1c3bc675
5,"I want to go to a live jazz or music concert",93,607a9fde-16ec-bf31-affb-f990591313b1
5,"I want to go to a live jazz or music concert",94,5445cf6b-2f49-962a-4150-9ce71a15e362
5,"I want to go to a live jazz or music concert",95,c393f98c-a6fa-9393-b2a8-7d8a04ce1737
5,"I want to go to a live jazz or music concert",96,73f092f9-e8f1-d850-f5de-ba4478708f39
5,"I want to go to a live jazz or music concert",97,a966d80e-82c3-987c-2646-e96d72ba68f7
5,"I want to go to a live jazz or music concert",98,4fa28fa4-3be4-b56a-5561-919d71a393f1
5,"I want to go to a live jazz or music concert",99,c127af7c-9ffb-70f1-d3ee-33d4a5637e72
5,"I want to go to a live jazz or music concert",100,6cd23ef6-184a-acc0-8008-1a0bd8a30f2c
5,"I want to go to a live jazz or music concert",101,c684d95d-b726-2b01-8a46-f9a0e20f2035
5,"I want to go to a live jazz or music concert",102,cb12a15b-f521-8ae6-72bd-0bc8284f8556
5,"I want to go to a live jazz or music concert",103,4528cb60-76b5-9efb-eafc-382e6924ca27
5,"I want to go to a live jazz or music concert",104,9ce9cd61-d1a5-5a62-ef1b-be427d9c054b
5,"I want to go to a live jazz or music concert",105,1d6e2cf5-be2d-3dcb-ad13-c872f2b32753
5,"I want to go to a live jazz or music concert",106,142d640b-38fe-e9f6-9739-a72f29f0d4c5
5,"I want to go to a live jazz or music concert",107,865b15bf-64fd-f5e7-2bfd-5476b2dabc49
5,"I want to go to a live jazz or music concert",108,c9e7914a-fcd5-c719-2cb1-b1bc34a712d1
5,"I want to go to a live jazz or music concert",109,46240cc1-8f8c-3aff-157c-2553cbb7b95b
5,"I want to go to a live jazz or music concert",110,1f025e92-8039-2d72-9af4-89f218eaf3d9
5,"I want to go to a live jazz or music concert",111,9ad48c1e-d585-e3cb-98f2-556988d0b1d7
5,"I want to go to a live jazz or music concert",112,333b0737-33d5-9cfe-9498-652f93391bc7
5,"I want to go to a live jazz or music concert",113,a91c0b37-35eb-4591-fe64-23c39b471965
5,"I want to go to a live jazz or music concert",114,a2c66b92-0f8f-e4ab-0430-1951d8032f8d
5,"I want to go to a live jazz or music concert",115,301a250b-eed4-4616-bb59-ab39676e0277
5,"I want to go to a live jazz or music concert",116,1c6c350f-d5bf-fade-ea3a-cef46572f1fd
5,"I want to go to a live jazz or music concert",117,38b5b870-1286-2844-536d-af567758bfe4
5,"I want to go to a live jazz or music concert",118,90d48d80-14ea-f66a-efed-6edf36762240
5,"I want to go to a live jazz or music concert",119,d6ebfa7b-f870-942f-6329-753599fc5552
5,"I want to go to a live jazz or music concert",120,85b7a99d-ff38-da1e-9426-884d6ecba7f3
5,"I want to go to a live jazz or music concert",121,71907763-2967-6154-c7d4-b819a003c7eb
5,"I want to go to a live jazz or music concert",122,b03bd27a-5cc6-392f-9c67-17ee74253457
5,"I want to go to a live jazz or music concert",123,391198fc-ef3b-bab1-47d3-3326ff363913
5,"I want to go to a live jazz or music concert",124,3224ea40-526a-cd10-83de-7bc7c48642eb
5,"I want to go to a live jazz or music concert",125,7bfd085f-10a7-fda1-a532-c6399673a4b0
5,"I want to go to a live jazz or music concert",126,3dde2e19-b29d-233f-3dbb-1f9c26e68eb8
5,"I want to go to a live jazz or music concert",127,1a74d581-af44-12e8-ba48-3824e7e6189e
5,"I want to go to a live jazz or music concert",128,dfc75eeb-4a88-77ae-f152-d62d098447cc
5,"I want to go to a live jazz or music concert",129,29de4e91-7aa1-ae7d-738b-bad0e0aed9b6
5,"I want to go to a live jazz or music concert",130,f4da2d3b-f0dd-8fd0-85e8-e7b16436b1ce
5,"I want to go to a live jazz or music concert",131,afa5ceef-cc5c-3314-4b38-c1559d0bcd98
5,"I want to go to a live jazz or music concert",132,bed0b708-11f4-cf65-c8fa-0fbc2f4d5bb4
5,"I want to go to a live jazz or music concert",133,42d20d07-00a5-aa6f-b785-114cceb4cfbb
5,"I want to go to a live jazz or music concert",134,b2705840-eb1b-6d39-0e4f-34f883b3dcb9
5,"I want to go to a live jazz or music concert",135,d5541273-c98b-38d8-4f55-8a431cca7a86
5,"I want to go to a live jazz or music concert",136,f346f5b9-216f-2d5b-0d23-0f08bf2604bb
5,"I want to go to a live jazz or music concert",137,1c211b1e-9b5d-ddfd-a837-33e42abebd52
5,"I want to go to a live jazz or music concert",138,8c2fc2ce-6a0d-26ed-dabe-01809d6f343a
5,"I want to go to a live jazz or music concert",139,e0392fa4-81f0-8696-1192-ba3c8d950559
5,"I want to go to a live jazz or music concert",140,f5bb56f8-4363-9bf6-ae2d-82b1ddb01930
5,"I want to go to a live jazz or music concert",141,7db44bc0-523c-b578-0174-d311dc8c8cd3
5,"I want to go to a live jazz or music concert",142,14b3e41d-c4ed-a39d-82b7-95fc724eeab8
5,"I want to go to a live jazz or music concert",143,d8e74e10-db6d-b27b-52ad-9fe764c24d04
5,"I want to go to a live jazz or music concert",144,ae5652ff-8ce6-7ec4-8ab0-67c1f73e1a22
5,"I want to go to a live jazz or music concert",145,feedecf3-5ec8-bb57-3fa1-a3b42409af66
5,"I want to go to a live jazz or music concert",146,6c7b3a42-fe1f-689e-b752-e9ed93ecdde3
5,"I want to go to a live jazz or music concert",147,ffea48df-d1e4-b6e8-f7aa-40d7f2129090
5,"I want to go to a live jazz or music concert",148,6a046a68-7cc8-4e6c-17e8-820de4fa9954
5,"I want to go to a live jazz or music concert",149,5683beef-ed0c-d3db-9356-fd3ce927bffc
5,"I want to go to a live jazz or music concert",150,fae762bb-f9f5-e114-e436-97c27de5f807
5,"I want to go to a live jazz or music concert",151,58ec7d45-bc84-f764-8b06-b0f603f5dfee
5,"I want to go to a live jazz or music concert",152,5d084450-2dc6-1812-552c-6b2658971f76
5,"I want to go to a live jazz or music concert",153,35e42701-0e60-7c96-f2ae-df55a809efdd
5,"I want to go to a live jazz or music concert",154,d4e8f62b-2f0a-7238-1a78-6cd602d66f1b
5,"I want to go to a live jazz or music concert",155,28ee3e11-2a9a-a2ea-9676-7e0b24c0ccaa
5,"I want to go to a live jazz or music concert",156,676f2f53-c1fe-8d46-b300-a392eee1df3a
5,"I want to go to a live jazz or music concert",157,5424e829-8931-626b-6885-4a4bcc038154
5,"I want to go to a live jazz or music concert",158,169933dc-94af-8cae-ea77-e20da0cf9c0d
5,"I want to go to a live jazz or music concert",159,6bfa8d0b-f422-f567-4b5d-5a0eed2c9d7b
5,"I want to go to a live jazz or music concert",160,89fb7d8c-5c60-9650-e249-0801209cf49a
6,"I want to do something active and energetic outdoors",1,d821f9b4-9415-142f-8d5f-2fc0da04f0d5
6,"I want to do something active and energetic outdoors",2,4f4bf320-9cc9-9804-5abd-f9b2f1ad7ea8
6,"I want to do something active and energetic outdoors",3,b835a9ea-a3db-1d27-8da9-698e166deaa2
6,"I want to do something active and energetic outdoors",4,1b5926ed-70cf-1f1e-86af-a3b535460a9d
6,"I want to do something active and energetic outdoors",5,91240817-d831-8bdb-dfb4-18bddb5d6d24
6,"I want to do something active and energetic outdoors",6,aba001d4-2e57-f146-a452-063776a83714
6,"I want to do something active and energetic outdoors",7,6a410d8f-4b7c-2577-d682-3f44614d4078
6,"I want to do something active and energetic outdoors",8,8c95bc93-5322-cf14-1070-9ec435396f09
6,"I want to do something active and energetic outdoors",9,a381c4c9-c334-f39b-7cbc-f67da452832e
6,"I want to do something active and energetic outdoors",10,1334194d-8340-735c-a765-a92592022cda
6,"I want to do something active and energetic outdoors",11,6cd23ef6-184a-acc0-8008-1a0bd8a30f2c
6,"I want to do something active and energetic outdoors",12,a75edaab-ec90-53a0-131c-d33fba5766b1
6,"I want to do something active and energetic outdoors",13,43db1f46-e59e-bee4-83d5-840f2d848e4d
6,"I want to do something active and energetic outdoors",14,a08204a8-01bd-f111-e0ab-84d8ae9fb4a7
6,"I want to do something active and energetic outdoors",15,15cd3fb7-a7fc-1708-6bea-a501615ec532
6,"I want to do something active and energetic outdoors",16,89b77fed-45f4-0a4f-ea5b-75613d2a95ee
6,"I want to do something active and energetic outdoors",17,9ad48c1e-d585-e3cb-98f2-556988d0b1d7
6,"I want to do something active and energetic outdoors",18,19fc9dbb-edb3-48dd-9625-3e784a539842
6,"I want to do something active and energetic outdoors",19,1fc825e3-14d5-2cb5-f1e2-277ab031cdea
6,"I want to do something active and energetic outdoors",20,89fb7d8c-5c60-9650-e249-0801209cf49a
6,"I want to do something active and energetic outdoors",21,128ad76f-b8f4-9737-451c-85e149f5781c
6,"I want to do something active and energetic outdoors",22,806d1965-f99c-fe9c-4ae2-40a3bc8682ee
6,"I want to do something active and energetic outdoors",23,74476dbd-d596-cc09-8622-7e52c1111a74
6,"I want to do something active and energetic outdoors",24,d4aee0fe-6bb6-f0b2-725f-d6354ec22d7c
6,"I want to do something active and energetic outdoors",25,9e0c79d3-f989-8865-d136-3a1824c49e13
6,"I want to do something active and energetic outdoors",26,4632fe90-3f94-55e4-ee73-e9cae46e56d6
6,"I want to do something active and energetic outdoors",27,22065ce8-c1a2-483d-63a3-8b2ab48a235d
6,"I want to do something active and energetic outdoors",28,87095fd8-ff8f-68d8-2fff-6538d15da977
6,"I want to do something active and energetic outdoors",29,eb570bb2-2dab-374b-be36-4659d6286fea
6,"I want to do something active and energetic outdoors",30,47bc3f87-4c5f-ea57-32c4-29a276fdc3da
6,"I want to do something active and energetic outdoors",31,96f46f0d-7cd8-877a-bd8b-c266ea7edcd9
6,"I want to do something active and energetic outdoors",32,e142b5fc-3991-84fb-dc10-304c76ee9722
6,"I want to do something active and energetic outdoors",33,6418710b-2ea0-72e6-8595-e151019b385d
6,"I want to do something active and energetic outdoors",34,c127af7c-9ffb-70f1-d3ee-33d4a5637e72
6,"I want to do something active and energetic outdoors",35,9557c937-cc6c-39a1-298d-5ba4961fd448
6,"I want to do something active and energetic outdoors",36,cc0bb6eb-5be1-ae11-044f-999eff5462c0
6,"I want to do something active and energetic outdoors",37,4e1eb9a8-cdef-8cbc-f99e-ca372a796017
6,"I want to do something active and energetic outdoors",38,6b230518-c2c8-24c3-5c9d-9467b4d2d0e3
6,"I want to do something active and energetic outdoors",39,c962501a-9c3b-6850-9375-c50624cd3b7d
6,"I want to do something active and energetic outdoors",40,329e9878-b3fa-998d-9d87-b877a5e0f2a0
6,"I want to do something active and energetic outdoors",41,e34a20bd-d7e6-1921-5562-29fcf73e2247
6,"I want to do something active and energetic outdoors",42,357d067c-cc97-911c-4a34-91686a48a2c9
6,"I want to do something active and energetic outdoors",43,ceaf1af0-3f35-68b0-8885-6be49c63a890
6,"I want to do something active and energetic outdoors",44,daf98fc0-be31-d1cb-6886-a57f37ad2390
6,"I want to do something active and energetic outdoors",45,53252c96-bfe1-aaca-2f84-f0583f64a05e
6,"I want to do something active and energetic outdoors",46,6a046a68-7cc8-4e6c-17e8-820de4fa9954
6,"I want to do something active and energetic outdoors",47,4ecb8916-1954-ad39-af55-e1d97e86b59a
6,"I want to do something active and energetic outdoors",48,cc7ade22-64c1-289b-5a4e-b5a6d53879c9
6,"I want to do something active and energetic outdoors",49,3ace9c2a-63e3-5617-a68c-106e5c390e0e
6,"I want to do something active and energetic outdoors",50,50aa757f-4ff5-0ae5-d9ce-205198ee8b08
6,"I want to do something active and energetic outdoors",51,6cac0c5f-e048-d50b-e05a-63463009b0af
6,"I want to do something active and energetic outdoors",52,f182c736-0fb0-7513-b347-8ddd33624942
6,"I want to do something active and energetic outdoors",53,c334df7f-644d-42ce-01b7-c383644d14dd
6,"I want to do something active and energetic outdoors",54,860e65c6-2261-a1f5-d030-f375f231f536
6,"I want to do something active and energetic outdoors",55,5c184e0b-e443-cc4f-6610-8d226b944e71
6,"I want to do something active and energetic outdoors",56,08a16fca-2eaf-013d-1d73-75a970d077ac
6,"I want to do something active and energetic outdoors",57,f465e4f4-fed5-2dc7-e00b-0c11b39f62f1
6,"I want to do something active and energetic outdoors",58,d48756a2-ddb4-fa26-d550-90a791013fc6
6,"I want to do something active and energetic outdoors",59,b69179dc-2ccc-c125-bde9-f44ab44f6d68
6,"I want to do something active and energetic outdoors",60,44de4add-cfc4-8468-cd3e-4cda8629489c
6,"I want to do something active and energetic outdoors",61,f749b607-9d08-a926-659e-d3f1fb666aa1
6,"I want to do something active and energetic outdoors",62,a626f641-c74b-1e6c-d959-df7fcc0410c3
6,"I want to do something active and energetic outdoors",63,bdc14067-d5c2-675e-ffb4-12e91372c62a
6,"I want to do something active and energetic outdoors",64,c500fa33-c1ad-f30e-fa76-c88d29b15e91
6,"I want to do something active and energetic outdoors",65,bc160866-0c57-ed6a-0350-8cbeb5058117
6,"I want to do something active and energetic outdoors",66,71907763-2967-6154-c7d4-b819a003c7eb
6,"I want to do something active and energetic outdoors",67,5d90601b-7768-a1ab-8660-b929c3b26460
6,"I want to do something active and energetic outdoors",68,31510ea1-b174-066d-2af9-a455e03e35e4
6,"I want to do something active and energetic outdoors",69,7bfd085f-10a7-fda1-a532-c6399673a4b0
6,"I want to do something active and energetic outdoors",70,3ce996ff-a176-c936-3701-e98018d45be5
6,"I want to do something active and energetic outdoors",71,4ec43660-ba8f-dd3f-de3c-d3b9c91afae9
6,"I want to do something active and energetic outdoors",72,71f2a897-a6fe-1d44-9606-ffddb7a28026
6,"I want to do something active and energetic outdoors",73,9ea168ff-618e-ff06-6523-65f4936e3f9f
6,"I want to do something active and energetic outdoors",74,0e75f573-f5e1-90f0-584f-1d6de521d8ce
6,"I want to do something active and energetic outdoors",75,d9a76b01-bc7f-1043-2c04-93c20fe7292d
6,"I want to do something active and energetic outdoors",76,163f83fd-6326-9f76-2efd-5c945094fd83
6,"I want to do something active and energetic outdoors",77,eddbf9e9-aba8-9f4d-122c-39ea4237b904
6,"I want to do something active and energetic outdoors",78,1ef02d28-4aef-1efd-bd52-1b4b7193b72f
6,"I want to do something active and energetic outdoors",79,51421ed1-6d7a-4dcd-d70d-dd9658f6099b
6,"I want to do something active and energetic outdoors",80,a989343e-9532-b77a-ac69-a7cc40e8eb46
6,"I want to do something active and energetic outdoors",81,e1fc7dd4-d1ec-f693-5774-0793b8d52a7d
6,"I want to do something active and energetic outdoors",82,f30807ca-276a-55fb-119e-dae5ee0ad500
6,"I want to do something active and energetic outdoors",83,4949a787-7dd7-fae3-dcdb-94a7d27aa7a7
6,"I want to do something active and energetic outdoors",84,572b1c73-28ff-1b8e-179c-93014b623ecc
6,"I want to do something active and energetic outdoors",85,0b0cb487-1fa3-ba55-6a5c-18c131a043a3
6,"I want to do something active and energetic outdoors",86,bf5a53ed-6757-0129-20d7-7575bec5142b
6,"I want to do something active and energetic outdoors",87,e8a68df7-9434-03ba-f6bf-643f3ac59b44
6,"I want to do something active and energetic outdoors",88,cda8ad7c-8c07-92b8-d2dd-c90f90f5b78b
6,"I want to do something active and energetic outdoors",89,b5bbc425-550d-c332-9a69-fb5fdafd13c0
6,"I want to do something active and energetic outdoors",90,c8bbc0a6-7247-713c-dd63-cae057db2154
6,"I want to do something active and energetic outdoors",91,a966d80e-82c3-987c-2646-e96d72ba68f7
6,"I want to do something active and energetic outdoors",92,820ebb62-a7ff-a8b2-72cd-a0914779e710
6,"I want to do something active and energetic outdoors",93,add0b70f-68da-6321-3750-3f589a5cf67b
6,"I want to do something active and energetic outdoors",94,41b43fff-d7c5-78b9-fc0c-6683ce301c8b
6,"I want to do something active and energetic outdoors",95,20e48eca-5478-8d62-0546-8be37a11af2d
6,"I want to do something active and energetic outdoors",96,6647d1e0-89cf-96c6-a0ee-b7ddcd1e7aae
6,"I want to do something active and energetic outdoors",97,c186cfc7-3d94-1c14-d752-f113847495a2
6,"I want to do something active and energetic outdoors",98,feedecf3-5ec8-bb57-3fa1-a3b42409af66
6,"I want to do something active and energetic outdoors",99,4835cc37-3f94-2c2d-29a2-d6e1001767b5
6,"I want to do something active and energetic outdoors",100,b3133d73-c536-c159-5eff-b1ae026507f4
6,"I want to do something active and energetic outdoors",101,08d365f1-76e4-e458-a77a-282713b49af5
6,"I want to do something active and energetic outdoors",102,dc957c37-f21c-a287-1855-c7318197934c
6,"I want to do something active and energetic outdoors",103,d412aa09-e177-9b40-402c-e38f0be003b0
6,"I want to do something active and energetic outdoors",104,d2e474b0-4680-59b7-c5b6-43adb6044d91
6,"I want to do something active and energetic outdoors",105,49253d71-283c-83db-1b1a-272ca877f10b
6,"I want to do something active and energetic outdoors",106,68a6026d-5fe0-0c25-d551-64d6c746a985
6,"I want to do something active and energetic outdoors",107,f72c7466-ff9b-bec5-2d4d-95f0b8d785f1
6,"I want to do something active and energetic outdoors",108,3732c5a8-e63f-4959-881e-5a030b1690d0
6,"I want to do something active and energetic outdoors",109,37998f0d-8e70-b90d-9a46-0ce9d11e8284
6,"I want to do something active and energetic outdoors",110,7b95d0da-5ecf-a08e-e8e7-29908d935adf
6,"I want to do something active and energetic outdoors",111,9fc64355-1011-5e50-741f-5fa25db50a20
6,"I want to do something active and energetic outdoors",112,af04f44d-3400-db4d-1626-5a4b0a9fb82b
6,"I want to do something active and energetic outdoors",113,621a865f-1061-3d0c-eefe-b74fb9d7ff27
6,"I want to do something active and energetic outdoors",114,db8b8866-bc29-71b1-33db-c42fa9dff41e
6,"I want to do something active and energetic outdoors",115,7560d1de-ddbc-a601-8b2a-18778fd246bf
6,"I want to do something active and energetic outdoors",116,19b777d0-cf88-9b35-19df-c406bcd3910d
6,"I want to do something active and energetic outdoors",117,3f0b7041-c770-6dff-58ed-6668505a88a0
6,"I want to do something active and energetic outdoors",118,4731de51-4fd8-c601-5198-de2ebda8ad48
6,"I want to do something active and energetic outdoors",119,b17d69e4-c29d-838e-bca1-1d76b5685b44
6,"I want to do something active and energetic outdoors",120,8779c6ee-ff7f-1e43-9082-e7766d9ff6a4
6,"I want to do something active and energetic outdoors",121,f0d2f273-1cc6-6d2f-e17e-eb3a74a6e614
6,"I want to do something active and energetic outdoors",122,7128204d-a474-c210-c381-776af0773eec
6,"I want to do something active and energetic outdoors",123,592ba703-d5d6-6c8a-a9b4-921bf88c9eab
6,"I want to do something active and energetic outdoors",124,31a37e24-db42-7d24-2f29-547b52d40dee
6,"I want to do something active and energetic outdoors",125,0d5a099e-5133-eb13-083e-41e523ab060f
6,"I want to do something active and energetic outdoors",126,b025d77d-0acb-7068-18d6-a85473cdcc2c
6,"I want to do something active and energetic outdoors",127,d5541273-c98b-38d8-4f55-8a431cca7a86
6,"I want to do something active and energetic outdoors",128,9ed3f4e2-334a-5b20-c7c2-acaceda051c8
6,"I want to do something active and energetic outdoors",129,14b3e41d-c4ed-a39d-82b7-95fc724eeab8
6,"I want to do something active and energetic outdoors",130,db8d6fb7-8da6-2f11-34a3-77dd3eab94ee
6,"I want to do something active and energetic outdoors",131,d6ebfa7b-f870-942f-6329-753599fc5552
6,"I want to do something active and energetic outdoors",132,c8dc6d7e-51e9-1853-1844-7429009b7b9f
6,"I want to do something active and energetic outdoors",133,f80f7103-8412-3c80-9873-c36a089297a0
6,"I want to do something active and energetic outdoors",134,4e676b73-a5d3-3aec-2b1b-f1404886ca43
6,"I want to do something active and energetic outdoors",135,ffea48df-d1e4-b6e8-f7aa-40d7f2129090
6,"I want to do something active and energetic outdoors",136,ee3a0227-42ab-20fc-b644-bfcf0576de9e
6,"I want to do something active and energetic outdoors",137,4b7eb04f-3faf-39f6-9b20-f3373effe3a4
6,"I want to do something active and energetic outdoors",138,983b59c9-c007-5732-1148-ab2e2af2fe2f
6,"I want to do something active and energetic outdoors",139,85b7a99d-ff38-da1e-9426-884d6ecba7f3
6,"I want to do something active and energetic outdoors",140,bb203aaa-6b32-bab8-4979-b68557ca28ee
6,"I want to do something active and energetic outdoors",141,b86d3afb-342d-4e55-d1c7-e4dcabaf33e0
6,"I want to do something active and energetic outdoors",142,addee137-39dc-4459-ac41-0c22b5f3e888
6,"I want to do something active and energetic outdoors",143,22d32ea5-99bd-bdaa-335c-b42ca7a15a94
6,"I want to do something active and energetic outdoors",144,42d20d07-00a5-aa6f-b785-114cceb4cfbb
6,"I want to do something active and energetic outdoors",145,632def64-10d9-9cee-ac95-3c3276554e25
6,"I want to do something active and energetic outdoors",146,c8f829b9-53ef-de0b-9470-663bf51989e3
6,"I want to do something active and energetic outdoors",147,66c8c624-972d-743b-a116-2d8412d424d9
6,"I want to do something active and energetic outdoors",148,756ca37c-d7ef-da47-9b29-62517f92b696
6,"I want to do something active and energetic outdoors",149,c0446d09-a979-c31f-e499-119794a953a5
6,"I want to do something active and energetic outdoors",150,5cb79e2c-5c15-753c-3cc1-171c516ab936
6,"I want to do something active and energetic outdoors",151,6c1ddd4a-0ad3-f3ad-c883-f3d11a91e1ff
6,"I want to do something active and energetic outdoors",152,13fca318-7619-0605-8fdd-0139b2978224
6,"I want to do something active and energetic outdoors",153,2674dbde-7b4b-18e1-79ff-bcf71260197d
6,"I want to do something active and energetic outdoors",154,f5485727-1800-531e-2154-e3d595deedf3
6,"I want to do something active and energetic outdoors",155,a2c66b92-0f8f-e4ab-0430-1951d8032f8d
6,"I want to do something active and energetic outdoors",156,14f60771-89d4-4186-dd71-8de9673351b4
6,"I want to do something active and energetic outdoors",157,ee2687f1-bd4b-bb2c-90c7-7a5b134d5aab
6,"I want to do something active and energetic outdoors",158,63334646-8d46-cdf7-84c0-0d8b2c5e6cca
6,"I want to do something active and energetic outdoors",159,6c1616d1-399f-0ad3-fcba-9427dbb0daea
6,"I want to do something active and energetic outdoors",160,c1cc1911-9abf-ae27-c7a4-b766a316dfda
7,"I'm looking for a quiet, intellectual evening",1,df699610-4e77-1cd8-bcc9-d37dc59bcb33
7,"I'm looking for a quiet, intellectual evening",2,8557d8b9-0c70-352b-ab99-58e696ff408f
7,"I'm looking for a quiet, intellectual evening",3,ce493a09-de96-e81d-0c8f-d1bad76a9c4b
7,"I'm looking for a quiet, intellectual evening",4,4a641acd-3948-b9dc-28ba-0800ddfdea5d
7,"I'm looking for a quiet, intellectual evening",5,6e147e2a-9c3b-5b17-1245-940178f81d99
7,"I'm looking for a quiet, intellectual evening",6,8c9277b5-7020-06da-214d-6f00256874f0
7,"I'm looking for a quiet, intellectual evening",7,d4c44f2f-cc47-0c33-3155-e57fe22e4a95
7,"I'm looking for a quiet, intellectual evening",8,728ae5d1-3b04-57a6-c146-9b3970a63262
7,"I'm looking for a quiet, intellectual evening",9,a89838bf-dfd1-4063-304c-0b3e84aa5190
7,"I'm looking for a quiet, intellectual evening",10,391198fc-ef3b-bab1-47d3-3326ff363913
7,"I'm looking for a quiet, intellectual evening",11,779ecca6-a625-691c-9b09-69c963beb279
7,"I'm looking for a quiet, intellectual evening",12,040a112b-02b1-8a08-555f-0d92ab69a575
7,"I'm looking for a quiet, intellectual evening",13,607a9fde-16ec-bf31-affb-f990591313b1
7,"I'm looking for a quiet, intellectual evening",14,43e68757-853f-7b9d-d285-116a0d41a877
7,"I'm looking for a quiet, intellectual evening",15,63b4439c-c00f-4e85-f940-4a0b5d25340d
7,"I'm looking for a quiet, intellectual evening",16,1f025e92-8039-2d72-9af4-89f218eaf3d9
7,"I'm looking for a quiet, intellectual evening",17,865b15bf-64fd-f5e7-2bfd-5476b2dabc49
7,"I'm looking for a quiet, intellectual evening",18,499984ba-56ac-5503-06a9-8c720ab3a0b5
7,"I'm looking for a quiet, intellectual evening",19,a91c0b37-35eb-4591-fe64-23c39b471965
7,"I'm looking for a quiet, intellectual evening",20,c393f98c-a6fa-9393-b2a8-7d8a04ce1737
7,"I'm looking for a quiet, intellectual evening",21,af8c9f26-4cbc-2414-34e8-765d1a7a801c
7,"I'm looking for a quiet, intellectual evening",22,8fee813c-e691-b1c7-0fbc-066d0e733ebb
7,"I'm looking for a quiet, intellectual evening",23,6c7b3a42-fe1f-689e-b752-e9ed93ecdde3
7,"I'm looking for a quiet, intellectual evening",24,8dc921ed-2d27-1268-31c8-8cfc66352dac
7,"I'm looking for a quiet, intellectual evening",25,6483e074-b3f5-4f37-7844-6ed1ca8330d6
7,"I'm looking for a quiet, intellectual evening",26,90b5373c-317c-2f4b-b387-c51c72a8b3ef
7,"I'm looking for a quiet, intellectual evening",27,3cbca495-ac93-f11a-a78f-720794af29b7
7,"I'm looking for a quiet, intellectual evening",28,6b38924a-2ac2-126d-2cad-31611f678310
7,"I'm looking for a quiet, intellectual evening",29,c684d95d-b726-2b01-8a46-f9a0e20f2035
7,"I'm looking for a quiet, intellectual evening",30,859bc2c5-52fc-ea72-43b1-4a9765d5a04e
7,"I'm looking for a quiet, intellectual evening",31,142d640b-38fe-e9f6-9739-a72f29f0d4c5
7,"I'm looking for a quiet, intellectual evening",32,1a74d581-af44-12e8-ba48-3824e7e6189e
7,"I'm looking for a quiet, intellectual evening",33,28ee3e11-2a9a-a2ea-9676-7e0b24c0ccaa
7,"I'm looking for a quiet, intellectual evening",34,fee6b9cc-af04-53e2-5da3-a30957c3b5bf
7,"I'm looking for a quiet, intellectual evening",35,59ce3aaf-9fc1-633e-303a-c4e3ade889fd
7,"I'm looking for a quiet, intellectual evening",36,b99ce3aa-3fc8-0782-e184-2891c5b552aa
7,"I'm looking for a quiet, intellectual evening",37,f5bb56f8-4363-9bf6-ae2d-82b1ddb01930
7,"I'm looking for a quiet, intellectual evening",38,6e0bf96a-a433-b2cf-f21b-46ba4a3306d8
7,"I'm looking for a quiet, intellectual evening",39,d86f9c38-a2d7-e755-d54e-58c06ca56a01
7,"I'm looking for a quiet, intellectual evening",40,4731de51-4fd8-c601-5198-de2ebda8ad48
7,"I'm looking for a quiet, intellectual evening",41,f2cc6e39-8cc9-41d2-28e5-be712f0559eb
7,"I'm looking for a quiet, intellectual evening",42,dc957c37-f21c-a287-1855-c7318197934c
7,"I'm looking for a quiet, intellectual evening",43,7cc03fa6-ef47-95b3-103b-7b9a5e877c1a
7,"I'm looking for a quiet, intellectual evening",44,756ca37c-d7ef-da47-9b29-62517f92b696
7,"I'm looking for a quiet, intellectual evening",45,af9c5271-0501-83b1-c93f-45a91c3eb973
7,"I'm looking for a quiet, intellectual evening",46,a93118b1-417a-7ac4-349a-d6cd0beaa256
7,"I'm looking for a quiet, intellectual evening",47,b199f9fe-95a1-a543-8fa0-a0faf4e2c961
7,"I'm looking for a quiet, intellectual evening",48,82eb38ca-e25f-346d-fe06-bc45bf2bd53e
7,"I'm looking for a quiet, intellectual evening",49,e86c0d50-aae8-a5f9-d729-bfc0eeb3acb6
7,"I'm looking for a quiet, intellectual evening",50,9b0ade7f-89ed-df30-80fc-1ff053dd894e
7,"I'm looking for a quiet, intellectual evening",51,1a5a7623-9e08-8d4b-0444-025f31a7a5bb
7,"I'm looking for a quiet, intellectual evening",52,6b414483-0c8f-7a00-1f5c-d953ca3d8c45
7,"I'm looking for a quiet, intellectual evening",53,6cc59e2c-cfc3-1d52-34e2-5e7fb53da047
7,"I'm looking for a quiet, intellectual evening",54,cb4d2e4d-f371-5eb4-d3d2-1ccbf8db4fb7
7,"I'm looking for a quiet, intellectual evening",55,8c557641-4743-6b34-878b-7e70441bc76f
7,"I'm looking for a quiet, intellectual evening",56,c9e7914a-fcd5-c719-2cb1-b1bc34a712d1
7,"I'm looking for a quiet, intellectual evening",57,e0392fa4-81f0-8696-1192-ba3c8d950559
7,"I'm looking for a quiet, intellectual evening",58,929a4f78-70cf-fb60-e7a5-4263dd45ec86
7,"I'm looking for a quiet, intellectual evening",59,b8563cbb-83f3-14ef-daf7-16743d25f211
7,"I'm looking for a quiet, intellectual evening",60,669cce96-c871-1b0e-2147-2bf00cadbca7
7,"I'm looking for a quiet, intellectual evening",61,5237ae01-d0a4-2289-467c-115e94e71458
7,"I'm looking for a quiet, intellectual evening",62,e58b9522-ac35-ce62-bf8a-e9d9e3268b40
7,"I'm looking for a quiet, intellectual evening",63,b1f214fd-611d-a1e6-d610-d51c2bcf735c
7,"I'm looking for a quiet, intellectual evening",64,46240cc1-8f8c-3aff-157c-2553cbb7b95b
7,"I'm looking for a quiet, intellectual evening",65,52a4f478-0dd7-421e-4fe3-bd62db7e6848
7,"I'm looking for a quiet, intellectual evening",66,86d1433e-c575-9b3a-b3e8-35d75ff0d1b9
7,"I'm looking for a quiet, intellectual evening",67,fb8cad3d-5304-1d12-2bfc-7918551ff687
7,"I'm looking for a quiet, intellectual evening",68,0eba4583-43a2-cfb2-4a58-6db7160b5038
7,"I'm looking for a quiet, intellectual evening",69,9e23084e-04fc-7dd9-3592-b1f00f72ec3b
7,"I'm looking for a quiet, intellectual evening",70,e91c2c77-0103-3bfb-e54a-9ffd0f144c33
7,"I'm looking for a quiet, intellectual evening",71,53f21e98-9b9f-3ecf-4d8b-cd353a0b049c
7,"I'm looking for a quiet, intellectual evening",72,fd242173-cd37-577c-dc25-15bbd5ce0e32
7,"I'm looking for a quiet, intellectual evening",73,4104708b-a1c4-b962-8988-94934d7c6e71
7,"I'm looking for a quiet, intellectual evening",74,49e1a55d-cb0d-8484-a760-8eb088222ba0
7,"I'm looking for a quiet, intellectual evening",75,eb9e821c-f090-183f-408c-fa98250c7e6a
7,"I'm looking for a quiet, intellectual evening",76,0f5fd85c-3ce8-8db6-de89-9d2e6e3c9540
7,"I'm looking for a quiet, intellectual evening",77,a71d7b10-5c9d-1a00-f971-165998c2b87e
7,"I'm looking for a quiet, intellectual evening",78,3f0b7041-c770-6dff-58ed-6668505a88a0
7,"I'm looking for a quiet, intellectual evening",79,f749b607-9d08-a926-659e-d3f1fb666aa1
7,"I'm looking for a quiet, intellectual evening",80,3340153c-727f-d094-4d40-6ecd47b9e36a
7,"I'm looking for a quiet, intellectual evening",81,b93a6dc0-3c4e-b2a4-dd62-f43dc782e58f
7,"I'm looking for a quiet, intellectual evening",82,2b97d7a4-52b5-4356-3a89-b2693785edd1
7,"I'm looking for a quiet, intellectual evening",83,08b41542-148f-dc81-2f79-116971c543ab
7,"I'm looking for a quiet, intellectual evening",84,9e2de9ee-5504-8017-d25b-389edfd2a90c
7,"I'm looking for a quiet, intellectual evening",85,c500fa33-c1ad-f30e-fa76-c88d29b15e91
7,"I'm looking for a quiet, intellectual evening",86,69a54b21-a995-3902-5412-bf466e80521d
7,"I'm looking for a quiet, intellectual evening",87,a83c477b-51f8-6ac6-cffd-620edb90b6a3
7,"I'm looking for a quiet, intellectual evening",88,90d48d80-14ea-f66a-efed-6edf36762240
7,"I'm looking for a quiet, intellectual evening",89,3e251a1f-d441-e3ec-9e0a-a1faa82dee60
7,"I'm looking for a quiet, intellectual evening",90,f0f7a0db-c28a-ddeb-484c-5452068e53e7
7,"I'm looking for a quiet, intellectual evening",91,06fec95f-4717-99f2-fdd7-e907724ec2fe
7,"I'm looking for a quiet, intellectual evening",92,f0df12ca-8e75-6007-9843-e14426409e13
7,"I'm looking for a quiet, intellectual evening",93,a91a53ee-7997-9bdc-bfdf-2afd17d71c92
7,"I'm looking for a quiet, intellectual evening",94,b348f22a-b0f4-bcb7-eae5-4d320a7b06e6
7,"I'm looking for a quiet, intellectual evening",95,f80f7103-8412-3c80-9873-c36a089297a0
7,"I'm looking for a quiet, intellectual evening",96,5424e829-8931-626b-6885-4a4bcc038154
7,"I'm looking for a quiet, intellectual evening",97,0e696d8d-99e3-b950-8319-ab67263a18e1
7,"I'm looking for a quiet, intellectual evening",98,35e42701-0e60-7c96-f2ae-df55a809efdd
7,"I'm looking for a quiet, intellectual evening",99,cb12a15b-f521-8ae6-72bd-0bc8284f8556
7,"I'm looking for a quiet, intellectual evening",100,b0105eb8-cdbe-ccb7-fc84-736120b3aa88
7,"I'm looking for a quiet, intellectual evening",101,85bb3b5b-9a95-8b73-6f88-5390118240b7
7,"I'm looking for a quiet, intellectual evening",102,9d339de4-da88-0a8c-daa3-b81c68fd93dc
7,"I'm looking for a quiet, intellectual evening",103,22e6532a-691f-c082-4cc4-3592783aee62
7,"I'm looking for a quiet, intellectual evening",104,f7ed64ee-ab19-263c-c595-dbdc10174968
7,"I'm looking for a quiet, intellectual evening",105,e1ce61f6-ef01-448d-ad74-6952713434a1
7,"I'm looking for a quiet, intellectual evening",106,27029a54-9b9f-5119-3c05-ea70fb25cf1a
7,"I'm looking for a quiet, intellectual evening",107,a5b3a631-247c-f3cf-7037-478437fed91d
7,"I'm looking for a quiet, intellectual evening",108,d8434141-2de2-3cac-e27c-4fe8dcffad2a
7,"I'm looking for a quiet, intellectual evening",109,1c6c350f-d5bf-fade-ea3a-cef46572f1fd
7,"I'm looking for a quiet, intellectual evening",110,bcd8f6e9-3a66-6ab8-accb-3013bc866577
7,"I'm looking for a quiet, intellectual evening",111,29de4e91-7aa1-ae7d-738b-bad0e0aed9b6
7,"I'm looking for a quiet, intellectual evening",112,ef6a2ed3-ef2b-ed61-8351-220a23035ee1
7,"I'm looking for a quiet, intellectual evening",113,09fe62a9-27d8-c70e-2574-3ecd179d7e14
7,"I'm looking for a quiet, intellectual evening",114,2ff39fa2-0895-94f4-430e-7453b7769eaa
7,"I'm looking for a quiet, intellectual evening",115,3bcffc43-a19c-d820-3739-12e8d7992bdd
7,"I'm looking for a quiet, intellectual evening",116,df4f8afa-34c9-df53-82a3-23d5639a67b5
7,"I'm looking for a quiet, intellectual evening",117,7287f36a-cd23-f137-75fe-0673d2df3a6f
7,"I'm looking for a quiet, intellectual evening",118,b27aba14-ce2f-b456-3cec-c3733ae93f98
7,"I'm looking for a quiet, intellectual evening",119,e1aa20c4-90fe-e8a7-925a-ff17f1edb48b
7,"I'm looking for a quiet, intellectual evening",120,9f8f5693-849a-ed41-426d-8a1341f2dfd6
7,"I'm looking for a quiet, intellectual evening",121,1fc825e3-14d5-2cb5-f1e2-277ab031cdea
7,"I'm looking for a quiet, intellectual evening",122,91cd1c40-7665-aeb4-5029-570a1bccd777
7,"I'm looking for a quiet, intellectual evening",123,fc6dd3c9-9901-0a3b-b8a0-2672e20f8c77
7,"I'm looking for a quiet, intellectual evening",124,0b5941e6-35bf-aec7-11a8-6599ed9d06d4
7,"I'm looking for a quiet, intellectual evening",125,679dd576-95c7-dc37-a608-2fd3e234e385
7,"I'm looking for a quiet, intellectual evening",126,9ce9cd61-d1a5-5a62-ef1b-be427d9c054b
7,"I'm looking for a quiet, intellectual evening",127,0b5de573-a15a-3d27-6390-93380669bd67
7,"I'm looking for a quiet, intellectual evening",128,5d084450-2dc6-1812-552c-6b2658971f76
7,"I'm looking for a quiet, intellectual evening",129,61c4d442-2554-69a8-11e2-8674f73ced9d
7,"I'm looking for a quiet, intellectual evening",130,6cd23ef6-184a-acc0-8008-1a0bd8a30f2c
7,"I'm looking for a quiet, intellectual evening",131,d8e74e10-db6d-b27b-52ad-9fe764c24d04
7,"I'm looking for a quiet, intellectual evening",132,acc56d70-3f69-4388-7377-d3e11ab3658f
7,"I'm looking for a quiet, intellectual evening",133,4d994992-4e45-de56-6b9b-bef61b77439f
7,"I'm looking for a quiet, intellectual evening",134,4e3791ca-d39a-c3b8-a167-b2324c2b493e
7,"I'm looking for a quiet, intellectual evening",135,e480d437-ad73-f108-8896-fe0bc2b706a8
7,"I'm looking for a quiet, intellectual evening",136,3f8d03cc-83b0-3c2d-2297-47b3be0f7ecd
7,"I'm looking for a quiet, intellectual evening",137,32ebed19-f766-1a9b-8b61-e3dbef51fcf3
7,"I'm looking for a quiet, intellectual evening",138,1ef66e0b-4da0-c445-72c0-6211f390faae
7,"I'm looking for a quiet, intellectual evening",139,ed370fba-9525-2c15-141d-8aa30fd100c8
7,"I'm looking for a quiet, intellectual evening",140,1df19a4e-46d0-ec0a-45b4-d5c82b61e566
7,"I'm looking for a quiet, intellectual evening",141,3a967291-e244-0a2e-400c-49dc8d1c60e1
7,"I'm looking for a quiet, intellectual evening",142,9f2a405d-92c6-3d90-151a-e71186647f95
7,"I'm looking for a quiet, intellectual evening",143,af04f44d-3400-db4d-1626-5a4b0a9fb82b
7,"I'm looking for a quiet, intellectual evening",144,bed0b708-11f4-cf65-c8fa-0fbc2f4d5bb4
7,"I'm looking for a quiet, intellectual evening",145,f4da2d3b-f0dd-8fd0-85e8-e7b16436b1ce
7,"I'm looking for a quiet, intellectual evening",146,53b49c9b-b835-d49f-03fe-99e114b61590
7,"I'm looking for a quiet, intellectual evening",147,13956ee6-5f17-5b4e-d3e6-7fdb142c5b9f
7,"I'm looking for a quiet, intellectual evening",148,3289d7f5-eb61-65f4-c255-454e0490150c
7,"I'm looking for a quiet, intellectual evening",149,afa5ceef-cc5c-3314-4b38-c1559d0bcd98
7,"I'm looking for a quiet, intellectual evening",150,460612c5-12f2-e9dd-50f9-e94ff27edad5
7,"I'm looking for a quiet, intellectual evening",151,0adddfb9-e35e-58fa-f424-fdaa96b95533
7,"I'm looking for a quiet, intellectual evening",152,4d6add26-da1e-323d-ef23-a5f303c9600d
7,"I'm looking for a quiet, intellectual evening",153,53a9228e-ffef-c9cc-b6eb-1676d2ba671c
7,"I'm looking for a quiet, intellectual evening",154,4528cb60-76b5-9efb-eafc-382e6924ca27
7,"I'm looking for a quiet, intellectual evening",155,4f4bf320-9cc9-9804-5abd-f9b2f1ad7ea8
7,"I'm looking for a quiet, intellectual evening",156,7eb92cb8-a425-5a63-7b14-84231035306f
7,"I'm looking for a quiet, intellectual evening",157,0d5a099e-5133-eb13-083e-41e523ab060f
7,"I'm looking for a quiet, intellectual evening",158,af18d9a4-0efd-fcfc-9466-96920367e468
7,"I'm looking for a quiet, intellectual evening",159,06ea9c61-5dac-f654-6348-77e8b8659024
7,"I'm looking for a quiet, intellectual evening",160,0e75f573-f5e1-90f0-584f-1d6de521d8ce
8,"I need something fun and family-friendly for the kids",1,af18d9a4-0efd-fcfc-9466-96920367e468
8,"I need something fun and family-friendly for the kids",2,68095cd9-2d4d-d3a6-56ca-f1269a1d6c0a
8,"I need something fun and family-friendly for the kids",3,9d339de4-da88-0a8c-daa3-b81c68fd93dc
8,"I need something fun and family-friendly for the kids",4,1334194d-8340-735c-a765-a92592022cda
8,"I need something fun and family-friendly for the kids",5,09d84fbd-c6e6-8992-fdd6-81ea98836d53
8,"I need something fun and family-friendly for the kids",6,1eb0f0c1-9eaa-1744-abe8-85d0811a1228
8,"I need something fun and family-friendly for the kids",7,4b2a5242-7306-047b-8acc-342e60ff5c5b
8,"I need something fun and family-friendly for the kids",8,36a5bc5e-f42e-c5f6-96af-30545cf04a24
8,"I need something fun and family-friendly for the kids",9,3581f6f9-d74f-2930-7cbf-82903d7fd9b4
8,"I need something fun and family-friendly for the kids",10,20e48eca-5478-8d62-0546-8be37a11af2d
8,"I need something fun and family-friendly for the kids",11,f5616214-2b8f-641c-580b-81def0576e78
8,"I need something fun and family-friendly for the kids",12,609139e9-e7fd-e530-5792-811d9ea498d0
8,"I need something fun and family-friendly for the kids",13,35fd7408-d3bf-7db9-40ca-6f3314b1685e
8,"I need something fun and family-friendly for the kids",14,2de57e78-faba-0d7f-bbe4-1fcceda02da7
8,"I need something fun and family-friendly for the kids",15,4ecb8916-1954-ad39-af55-e1d97e86b59a
8,"I need something fun and family-friendly for the kids",16,eb570bb2-2dab-374b-be36-4659d6286fea
8,"I need something fun and family-friendly for the kids",17,de190287-2b8d-000f-cf10-6fed2be6bd56
8,"I need something fun and family-friendly for the kids",18,0d8ffe02-0fee-1453-fee8-3262c5c5dcec
8,"I need something fun and family-friendly for the kids",19,9220ce1e-657e-fa58-7171-54be24971ec3
8,"I need something fun and family-friendly for the kids",20,2d302350-1853-4310-6341-66f9a1bd8390
8,"I need something fun and family-friendly for the kids",21,abd00e1a-022a-c12d-1f01-2bd6633605a7
8,"I need something fun and family-friendly for the kids",22,357d067c-cc97-911c-4a34-91686a48a2c9
8,"I need something fun and family-friendly for the kids",23,91240817-d831-8bdb-dfb4-18bddb5d6d24
8,"I need something fun and family-friendly for the kids",24,afb13a4a-4a76-c774-7c1e-ee943f618699
8,"I need something fun and family-friendly for the kids",25,88ce72df-507c-f6ab-d827-e3d4b385f5d1
8,"I need something fun and family-friendly for the kids",26,d6b0fb8f-5e3c-887d-b1a4-50c8232e6cb5
8,"I need something fun and family-friendly for the kids",27,860e65c6-2261-a1f5-d030-f375f231f536
8,"I need something fun and family-friendly for the kids",28,22d32ea5-99bd-bdaa-335c-b42ca7a15a94
8,"I need something fun and family-friendly for the kids",29,820ebb62-a7ff-a8b2-72cd-a0914779e710
8,"I need something fun and family-friendly for the kids",30,3dc534f1-67e3-72e8-302e-cc85b2c019a1
8,"I need something fun and family-friendly for the kids",31,1967b1f6-b731-5204-30df-55e7c94fdb62
8,"I need something fun and family-friendly for the kids",32,74476dbd-d596-cc09-8622-7e52c1111a74
8,"I need something fun and family-friendly for the kids",33,d9a76b01-bc7f-1043-2c04-93c20fe7292d
8,"I need something fun and family-friendly for the kids",34,cc0bb6eb-5be1-ae11-044f-999eff5462c0
8,"I need something fun and family-friendly for the kids",35,9fc64355-1011-5e50-741f-5fa25db50a20
8,"I need something fun and family-friendly for the kids",36,3e6cdd58-a6b1-e8e7-da31-584294e9bf00
8,"I need something fun and family-friendly for the kids",37,50aa757f-4ff5-0ae5-d9ce-205198ee8b08
8,"I need something fun and family-friendly for the kids",38,4e1eb9a8-cdef-8cbc-f99e-ca372a796017
8,"I need something fun and family-friendly for the kids",39,f182c736-0fb0-7513-b347-8ddd33624942
8,"I need something fun and family-friendly for the kids",40,cc7ade22-64c1-289b-5a4e-b5a6d53879c9
8,"I need something fun and family-friendly for the kids",41,cda8ad7c-8c07-92b8-d2dd-c90f90f5b78b
8,"I need something fun and family-friendly for the kids",42,c06f8d01-ca4d-80d1-f6dc-c1dc7505aafc
8,"I need something fun and family-friendly for the kids",43,a4d63665-cdc3-126f-8a94-b8f6e267731c
8,"I need something fun and family-friendly for the kids",44,adee1672-7dba-4341-986a-1a066dfb1dc2
8,"I need something fun and family-friendly for the kids",45,6e3f2ea7-f655-1ac5-c7b5-5dd95a971ab9
8,"I need something fun and family-friendly for the kids",46,22065ce8-c1a2-483d-63a3-8b2ab48a235d
8,"I need something fun and family-friendly for the kids",47,bd70004f-3df6-6a8f-d889-cace5fe93ee6
8,"I need something fun and family-friendly for the kids",48,d415d8a3-9239-4bd4-3e08-59461ff95414
8,"I need something fun and family-friendly for the kids",49,806d1965-f99c-fe9c-4ae2-40a3bc8682ee
8,"I need something fun and family-friendly for the kids",50,47bc3f87-4c5f-ea57-32c4-29a276fdc3da
8,"I need something fun and family-friendly for the kids",51,3732c5a8-e63f-4959-881e-5a030b1690d0
8,"I need something fun and family-friendly for the kids",52,5424e829-8931-626b-6885-4a4bcc038154
8,"I need something fun and family-friendly for the kids",53,710e8823-bb13-c4ea-60ba-13a4808bb707
8,"I need something fun and family-friendly for the kids",54,3f412e93-a9de-734d-7f2d-56024fc5cee5
8,"I need something fun and family-friendly for the kids",55,87095fd8-ff8f-68d8-2fff-6538d15da977
8,"I need something fun and family-friendly for the kids",56,4f2a9bac-d81e-1a94-fc5f-ef4011299bc7
8,"I need something fun and family-friendly for the kids",57,5ceb0547-bdcc-a3a2-c19c-3c38f0c4c8df
8,"I need something fun and family-friendly for the kids",58,5c184e0b-e443-cc4f-6610-8d226b944e71
8,"I need something fun and family-friendly for the kids",59,f30807ca-276a-55fb-119e-dae5ee0ad500
8,"I need something fun and family-friendly for the kids",60,b69179dc-2ccc-c125-bde9-f44ab44f6d68
8,"I need something fun and family-friendly for the kids",61,66818faa-ea8d-00b9-bcd1-4271a35d93db
8,"I need something fun and family-friendly for the kids",62,f465e4f4-fed5-2dc7-e00b-0c11b39f62f1
8,"I need something fun and family-friendly for the kids",63,4949a787-7dd7-fae3-dcdb-94a7d27aa7a7
8,"I need something fun and family-friendly for the kids",64,329e9878-b3fa-998d-9d87-b877a5e0f2a0
8,"I need something fun and family-friendly for the kids",65,82eb38ca-e25f-346d-fe06-bc45bf2bd53e
8,"I need something fun and family-friendly for the kids",66,43468f08-8f3d-b62b-9188-625ec700b568
8,"I need something fun and family-friendly for the kids",67,e44a9222-4c07-a5b1-23b4-15c36d7fcd74
8,"I need something fun and family-friendly for the kids",68,6cac0c5f-e048-d50b-e05a-63463009b0af
8,"I need something fun and family-friendly for the kids",69,689237fc-369f-431e-8bd8-1aea96ad6b2a
8,"I need something fun and family-friendly for the kids",70,0b5de573-a15a-3d27-6390-93380669bd67
8,"I need something fun and family-friendly for the kids",71,a30834bc-f999-27f1-8bed-31f46484b551
8,"I need something fun and family-friendly for the kids",72,19fc9dbb-edb3-48dd-9625-3e784a539842
8,"I need something fun and family-friendly for the kids",73,a91a53ee-7997-9bdc-bfdf-2afd17d71c92
8,"I need something fun and family-friendly for the kids",74,e1fc7dd4-d1ec-f693-5774-0793b8d52a7d
8,"I need something fun and family-friendly for the kids",75,4258b175-b0a7-c980-6739-aea704048854
8,"I need something fun and family-friendly for the kids",76,52a4f478-0dd7-421e-4fe3-bd62db7e6848
8,"I need something fun and family-friendly for the kids",77,34d07d42-6c6f-4377-5afb-48b5553079a4
8,"I need something fun and family-friendly for the kids",78,ee2687f1-bd4b-bb2c-90c7-7a5b134d5aab
8,"I need something fun and family-friendly for the kids",79,d54f531e-8e0e-32b4-1a48-9a245305a3c1
8,"I need something fun and family-friendly for the kids",80,2b23d490-edd1-4a4f-2e00-ce70dc60689a
8,"I need something fun and family-friendly for the kids",81,c186cfc7-3d94-1c14-d752-f113847495a2
8,"I need something fun and family-friendly for the kids",82,32ebed19-f766-1a9b-8b61-e3dbef51fcf3
8,"I need something fun and family-friendly for the kids",83,db8b8866-bc29-71b1-33db-c42fa9dff41e
8,"I need something fun and family-friendly for the kids",84,9e66d722-da84-f120-50cb-3f3188a8f71b
8,"I need something fun and family-friendly for the kids",85,b5bbc425-550d-c332-9a69-fb5fdafd13c0
8,"I need something fun and family-friendly for the kids",86,96dc89d7-0b5c-fd6a-b8f7-e876030d7400
8,"I need something fun and family-friendly for the kids",87,ed370fba-9525-2c15-141d-8aa30fd100c8
8,"I need something fun and family-friendly for the kids",88,3e251a1f-d441-e3ec-9e0a-a1faa82dee60
8,"I need something fun and family-friendly for the kids",89,27029a54-9b9f-5119-3c05-ea70fb25cf1a
8,"I need something fun and family-friendly for the kids",90,f2cc6e39-8cc9-41d2-28e5-be712f0559eb
8,"I need something fun and family-friendly for the kids",91,fd242173-cd37-577c-dc25-15bbd5ce0e32
8,"I need something fun and family-friendly for the kids",92,c5693a92-c8e7-a402-5dc0-cf2f6a51fd0c
8,"I need something fun and family-friendly for the kids",93,c1cc1911-9abf-ae27-c7a4-b766a316dfda
8,"I need something fun and family-friendly for the kids",94,e0392fa4-81f0-8696-1192-ba3c8d950559
8,"I need something fun and family-friendly for the kids",95,a5b3a631-247c-f3cf-7037-478437fed91d
8,"I need something fun and family-friendly for the kids",96,728ae5d1-3b04-57a6-c146-9b3970a63262
8,"I need something fun and family-friendly for the kids",97,90d48d80-14ea-f66a-efed-6edf36762240
8,"I need something fun and family-friendly for the kids",98,e89b1943-4fd8-2625-353f-3f6bbc614a0e
8,"I need something fun and family-friendly for the kids",99,865b15bf-64fd-f5e7-2bfd-5476b2dabc49
8,"I need something fun and family-friendly for the kids",100,3f8d03cc-83b0-3c2d-2297-47b3be0f7ecd
8,"I need something fun and family-friendly for the kids",101,4d6add26-da1e-323d-ef23-a5f303c9600d
8,"I need something fun and family-friendly for the kids",102,f5bb56f8-4363-9bf6-ae2d-82b1ddb01930
8,"I need something fun and family-friendly for the kids",103,1252563b-b1cc-eca6-9372-0f7459da4ee0
8,"I need something fun and family-friendly for the kids",104,cc0c5e23-50cf-f7c2-d430-babca714b2dc
8,"I need something fun and family-friendly for the kids",105,a8ca506e-ff1f-57d4-aef9-309c696091e5
8,"I need something fun and family-friendly for the kids",106,4574e3a6-955c-9846-eb4a-0641fac7024c
8,"I need something fun and family-friendly for the kids",107,11ebc227-50a6-85fa-a33d-c2801b417441
8,"I need something fun and family-friendly for the kids",108,a5b0964d-11cd-4522-7f04-1860f2933b21
8,"I need something fun and family-friendly for the kids",109,264cc9b8-4cba-cad5-dbf4-c3b3f7dcae2b
8,"I need something fun and family-friendly for the kids",110,3fabbfee-2c54-c4af-4df0-151a4b4385c5
8,"I need something fun and family-friendly for the kids",111,6a410d8f-4b7c-2577-d682-3f44614d4078
8,"I need something fun and family-friendly for the kids",112,309d8c9e-d60f-d153-a901-f27c2c43e21c
8,"I need something fun and family-friendly for the kids",113,3224ea40-526a-cd10-83de-7bc7c48642eb
8,"I need something fun and family-friendly for the kids",114,a6af21e1-fdf0-2166-cf45-3dedcc0aa0dd
8,"I need something fun and family-friendly for the kids",115,1c6c350f-d5bf-fade-ea3a-cef46572f1fd
8,"I need something fun and family-friendly for the kids",116,46a35efc-86fa-64f2-1709-a18e763008d5
8,"I need something fun and family-friendly for the kids",117,e1aa20c4-90fe-e8a7-925a-ff17f1edb48b
8,"I need something fun and family-friendly for the kids",118,44de4add-cfc4-8468-cd3e-4cda8629489c
8,"I need something fun and family-friendly for the kids",119,29de4e91-7aa1-ae7d-738b-bad0e0aed9b6
8,"I need something fun and family-friendly for the kids",120,519f9004-b3d2-0f4e-c2ec-64f381d5b78a
8,"I need something fun and family-friendly for the kids",121,e58b9522-ac35-ce62-bf8a-e9d9e3268b40
8,"I need something fun and family-friendly for the kids",122,d2e474b0-4680-59b7-c5b6-43adb6044d91
8,"I need something fun and family-friendly for the kids",123,49253d71-283c-83db-1b1a-272ca877f10b
8,"I need something fun and family-friendly for the kids",124,4a9b811f-22b8-a270-a7d9-1b17bfd967cc
8,"I need something fun and family-friendly for the kids",125,6f3baf38-daea-8ef1-90bd-f1c9bcb02073
8,"I need something fun and family-friendly for the kids",126,c27ed550-579e-852d-7651-70179188a7ae
8,"I need something fun and family-friendly for the kids",127,66a25824-bdb1-8828-e172-d22787a529c4
8,"I need something fun and family-friendly for the kids",128,6ea463cd-f5ec-76a3-a737-ec93b24f7e63
8,"I need something fun and family-friendly for the kids",129,a59027a7-34b8-e71a-118f-62760c4be1d0
8,"I need something fun and family-friendly for the kids",130,abfe5a50-98a4-445c-8afa-5e20bded568c
8,"I need something fun and family-friendly for the kids",131,3a7bd16b-c922-65c0-3e5d-070fbe040ea7
8,"I need something fun and family-friendly for the kids",132,b0a012b7-70d0-a2ef-e46e-7bd92c73dab1
8,"I need something fun and family-friendly for the kids",133,75fd3a7c-40ca-7a25-3659-4b3b19c4c284
8,"I need something fun and family-friendly for the kids",134,0b0cb487-1fa3-ba55-6a5c-18c131a043a3
8,"I need something fun and family-friendly for the kids",135,123f453a-ca5d-516c-6a6a-ff91adb3277b
8,"I need something fun and family-friendly for the kids",136,159f518c-ef06-8eb1-296f-34850ce5b209
8,"I need something fun and family-friendly for the kids",137,6a046a68-7cc8-4e6c-17e8-820de4fa9954
8,"I need something fun and family-friendly for the kids",138,ec589b08-1c56-62c3-10a4-f02a86346b2f
8,"I need something fun and family-friendly for the kids",139,2a09bb5f-3b5f-0372-e461-7ba7872138ea
8,"I need something fun and family-friendly for the kids",140,d7565a7b-c1e9-a0e9-dcdd-9b46ea8d04a2
8,"I need something fun and family-friendly for the kids",141,d2f90b4a-18c4-d284-7f88-0a882e8df305
8,"I need something fun and family-friendly for the kids",142,3b611419-3620-074b-ee66-cf17f8939086
8,"I need something fun and family-friendly for the kids",143,6d7996c5-e228-7b72-461e-7e7c39bf7160
8,"I need something fun and family-friendly for the kids",144,8e6a7496-ce9a-3310-6e1e-e202a27a7250
8,"I need something fun and family-friendly for the kids",145,f0654098-0a6b-4125-85b2-dbed22dbdc57
8,"I need something fun and family-friendly for the kids",146,8467c49f-4180-c1bc-b8f1-5426b55f48cb
8,"I need something fun and family-friendly for the kids",147,b3133d73-c536-c159-5eff-b1ae026507f4
8,"I need something fun and family-friendly for the kids",148,8557d8b9-0c70-352b-ab99-58e696ff408f
8,"I need something fun and family-friendly for the kids",149,616e86d3-a8e8-3ea5-2fa2-81bb49beaeec
8,"I need something fun and family-friendly for the kids",150,acc56d70-3f69-4388-7377-d3e11ab3658f
8,"I need something fun and family-friendly for the kids",151,80260fb7-dc4f-9522-db0f-97de8de43daf
8,"I need something fun and family-friendly for the kids",152,aa62c2d3-11b1-59ef-725b-8bb7cb703d37
8,"I need something fun and family-friendly for the kids",153,f7ed64ee-ab19-263c-c595-dbdc10174968
8,"I need something fun and family-friendly for the kids",154,0537314a-7538-c5ac-dbc4-ef51b2a94869
8,"I need something fun and family-friendly for the kids",155,1ef66e0b-4da0-c445-72c0-6211f390faae
8,"I need something fun and family-friendly for the kids",156,d3400513-b404-e3ba-e0bb-f0c6168e0212
8,"I need something fun and family-friendly for the kids",157,ce493a09-de96-e81d-0c8f-d1bad76a9c4b
8,"I need something fun and family-friendly for the kids",158,4a6e8694-d290-a467-2d4f-fda4c237db02
8,"I need something fun and family-friendly for the kids",159,89b77fed-45f4-0a4f-ea5b-75613d2a95ee
8,"I need something fun and family-friendly for the kids",160,6483e074-b3f5-4f37-7844-6ed1ca8330d6
9,"I want to feel connected to nature in the city",1,d8434141-2de2-3cac-e27c-4fe8dcffad2a
9,"I want to feel connected to nature in the city",2,756ca37c-d7ef-da47-9b29-62517f92b696
9,"I want to feel connected to nature in the city",3,ef6a2ed3-ef2b-ed61-8351-220a23035ee1
9,"I want to feel connected to nature in the city",4,a1ca0675-b0f1-6219-c6d2-f3da08c8e362
9,"I want to feel connected to nature in the city",5,51421ed1-6d7a-4dcd-d70d-dd9658f6099b
9,"I want to feel connected to nature in the city",6,ceaf1af0-3f35-68b0-8885-6be49c63a890
9,"I want to feel connected to nature in the city",7,728ae5d1-3b04-57a6-c146-9b3970a63262
9,"I want to feel connected to nature in the city",8,39cb07be-3270-182f-f7d8-89392d3eef7b
9,"I want to feel connected to nature in the city",9,3289d7f5-eb61-65f4-c255-454e0490150c
9,"I want to feel connected to nature in the city",10,4e3791ca-d39a-c3b8-a167-b2324c2b493e
9,"I want to feel connected to nature in the city",11,05965acd-62e7-d0d7-98b4-e1f882888556
9,"I want to feel connected to nature in the city",12,afa5ceef-cc5c-3314-4b38-c1559d0bcd98
9,"I want to feel connected to nature in the city",13,9ea168ff-618e-ff06-6523-65f4936e3f9f
9,"I want to feel connected to nature in the city",14,313e308c-47bd-31a8-4e44-6b2cd75bcea7
9,"I want to feel connected to nature in the city",15,96f46f0d-7cd8-877a-bd8b-c266ea7edcd9
9,"I want to feel connected to nature in the city",16,ce493a09-de96-e81d-0c8f-d1bad76a9c4b
9,"I want to feel connected to nature in the city",17,06fec95f-4717-99f2-fdd7-e907724ec2fe
9,"I want to feel connected to nature in the city",18,0d5a099e-5133-eb13-083e-41e523ab060f
9,"I want to feel connected to nature in the city",19,3f0b7041-c770-6dff-58ed-6668505a88a0
9,"I want to feel connected to nature in the city",20,fe19477a-0f43-b5a1-adbb-83ed2e80a941
9,"I want to feel connected to nature in the city",21,4731de51-4fd8-c601-5198-de2ebda8ad48
9,"I want to feel connected to nature in the city",22,e1ce61f6-ef01-448d-ad74-6952713434a1
9,"I want to feel connected to nature in the city",23,f2d9daf9-6171-12c5-378b-49daee2e07a3
9,"I want to feel connected to nature in the city",24,08c3e541-1c6d-3735-7f07-586b9001d3e0
9,"I want to feel connected to nature in the city",25,19b777d0-cf88-9b35-19df-c406bcd3910d
9,"I want to feel connected to nature in the city",26,53a0c82b-edc8-2ff7-74f0-b2807fd1ed92
9,"I want to feel connected to nature in the city",27,d0252d77-7d6e-23a1-4533-1a9e510c0f53
9,"I want to feel connected to nature in the city",28,c334df7f-644d-42ce-01b7-c383644d14dd
9,"I want to feel connected to nature in the city",29,af8ce1d6-6d10-f51b-d2c8-9761e9b089f2
9,"I want to feel connected to nature in the city",30,fb8cad3d-5304-1d12-2bfc-7918551ff687
9,"I want to feel connected to nature in the city",31,983b59c9-c007-5732-1148-ab2e2af2fe2f
9,"I want to feel connected to nature in the city",32,16ba88b1-8200-36a0-53b1-9a26f16644f6
9,"I want to feel connected to nature in the city",33,a6e296a4-26c5-9303-8dc4-b283e87fef5f
9,"I want to feel connected to nature in the city",34,e51a4ddf-f9cc-5c7a-5513-fa4094e24003
9,"I want to feel connected to nature in the city",35,865b15bf-64fd-f5e7-2bfd-5476b2dabc49
9,"I want to feel connected to nature in the city",36,85fd4591-8ad1-8cb1-84ab-fe41bb46bbb2
9,"I want to feel connected to nature in the city",37,fc955a4f-b3b2-aa82-d90a-05a7c0572243
9,"I want to feel connected to nature in the city",38,d4e8f62b-2f0a-7238-1a78-6cd602d66f1b
9,"I want to feel connected to nature in the city",39,1cb0c42d-f7a5-3ef3-9dde-ab757fa88e8a
9,"I want to feel connected to nature in the city",40,b0105eb8-cdbe-ccb7-fc84-736120b3aa88
9,"I want to feel connected to nature in the city",41,2c7730da-effb-760c-f892-c7f7ee22fbd4
9,"I want to feel connected to nature in the city",42,59ce3aaf-9fc1-633e-303a-c4e3ade889fd
9,"I want to feel connected to nature in the city",43,e9c03592-2480-88c4-d62e-f7731e059f98
9,"I want to feel connected to nature in the city",44,c500fa33-c1ad-f30e-fa76-c88d29b15e91
9,"I want to feel connected to nature in the city",45,9e0c79d3-f989-8865-d136-3a1824c49e13
9,"I want to feel connected to nature in the city",46,0b5941e6-35bf-aec7-11a8-6599ed9d06d4
9,"I want to feel connected to nature in the city",47,addee137-39dc-4459-ac41-0c22b5f3e888
9,"I want to feel connected to nature in the city",48,3983ee82-c752-5182-7a9b-eafdb9ff0d55
9,"I want to feel connected to nature in the city",49,9338c045-58a2-f2fb-e745-87b6cec9b8f8
9,"I want to feel connected to nature in the city",50,05e515da-18d3-9144-3a92-40e1a6d918f2
9,"I want to feel connected to nature in the city",51,89b77fed-45f4-0a4f-ea5b-75613d2a95ee
9,"I want to feel connected to nature in the city",52,669cce96-c871-1b0e-2147-2bf00cadbca7
9,"I want to feel connected to nature in the city",53,01d68a2a-1d82-0abd-d200-fcee3523027b
9,"I want to feel connected to nature in the city",54,e142b5fc-3991-84fb-dc10-304c76ee9722
9,"I want to feel connected to nature in the city",55,6cc59e2c-cfc3-1d52-34e2-5e7fb53da047
9,"I want to feel connected to nature in the city",56,68a6026d-5fe0-0c25-d551-64d6c746a985
9,"I want to feel connected to nature in the city",57,3cbca495-ac93-f11a-a78f-720794af29b7
9,"I want to feel connected to nature in the city",58,bade8a5e-111a-37e7-347c-210b6377224c
9,"I want to feel connected to nature in the city",59,7597896f-6af3-edc0-0406-d058945e671f
9,"I want to feel connected to nature in the city",60,51797ef6-6f73-f84d-e00b-3b388b6226b1
9,"I want to feel connected to nature in the city",61,036ca492-8b94-9302-a529-62fbb6d1e185
9,"I want to feel connected to nature in the city",62,b93a6dc0-3c4e-b2a4-dd62-f43dc782e58f
9,"I want to feel connected to nature in the city",63,6cccfca3-6842-3d7a-7b64-d9f19b312ed3
9,"I want to feel connected to nature in the city",64,f749b607-9d08-a926-659e-d3f1fb666aa1
9,"I want to feel connected to nature in the city",65,7cc03fa6-ef47-95b3-103b-7b9a5e877c1a
9,"I want to feel connected to nature in the city",66,679dd576-95c7-dc37-a608-2fd3e234e385
9,"I want to feel connected to nature in the city",67,43db1f46-e59e-bee4-83d5-840f2d848e4d
9,"I want to feel connected to nature in the city",68,458c9930-6682-fb42-a3a1-b68b2d8481c5
9,"I want to feel connected to nature in the city",69,0eba4583-43a2-cfb2-4a58-6db7160b5038
9,"I want to feel connected to nature in the city",70,27e499b9-35c2-c44d-4bde-77e249cc5de2
9,"I want to feel connected to nature in the city",71,3d0ff2fb-c228-006f-8d2c-812a974e60dc
9,"I want to feel connected to nature in the city",72,c8f829b9-53ef-de0b-9470-663bf51989e3
9,"I want to feel connected to nature in the city",73,a9e65ecb-40da-74c6-c61a-57362d919f48
9,"I want to feel connected to nature in the city",74,16632b0f-aee2-4260-08bd-c3afbcd0508e
9,"I want to feel connected to nature in the city",75,15cd3fb7-a7fc-1708-6bea-a501615ec532
9,"I want to feel connected to nature in the city",76,013ef803-ed53-54fd-f174-57244346ec4c
9,"I want to feel connected to nature in the city",77,632def64-10d9-9cee-ac95-3c3276554e25
9,"I want to feel connected to nature in the city",78,0b5de573-a15a-3d27-6390-93380669bd67
9,"I want to feel connected to nature in the city",79,66366f45-7040-1f76-6935-82f18ce0f893
9,"I want to feel connected to nature in the city",80,71f2a897-a6fe-1d44-9606-ffddb7a28026
9,"I want to feel connected to nature in the city",81,ceae4951-c96f-47e2-7cb2-3f893d73fb20
9,"I want to feel connected to nature in the city",82,c39d9e80-afd3-691e-3de1-648fe047cd58
9,"I want to feel connected to nature in the city",83,4d994992-4e45-de56-6b9b-bef61b77439f
9,"I want to feel connected to nature in the city",84,9075d494-c8b6-453d-78b3-7de4802faaa7
9,"I want to feel connected to nature in the city",85,1a5a7623-9e08-8d4b-0444-025f31a7a5bb
9,"I want to feel connected to nature in the city",86,5d90601b-7768-a1ab-8660-b929c3b26460
9,"I want to feel connected to nature in the city",87,a5b3a631-247c-f3cf-7037-478437fed91d
9,"I want to feel connected to nature in the city",88,d8e74e10-db6d-b27b-52ad-9fe764c24d04
9,"I want to feel connected to nature in the city",89,bce61be8-dfad-ace9-3608-322e8929f3c1
9,"I want to feel connected to nature in the city",90,130e69f8-1d16-a1f2-1a01-10e5c301940f
9,"I want to feel connected to nature in the city",91,b1f214fd-611d-a1e6-d610-d51c2bcf735c
9,"I want to feel connected to nature in the city",92,fee6b9cc-af04-53e2-5da3-a30957c3b5bf
9,"I want to feel connected to nature in the city",93,6c1616d1-399f-0ad3-fcba-9427dbb0daea
9,"I want to feel connected to nature in the city",94,9ed3f4e2-334a-5b20-c7c2-acaceda051c8
9,"I want to feel connected to nature in the city",95,14b3e41d-c4ed-a39d-82b7-95fc724eeab8
9,"I want to feel connected to nature in the city",96,13bb238c-5e30-60f1-c10a-c5eef5e07ec9
9,"I want to feel connected to nature in the city",97,d3900eec-934d-8984-a469-54e23466866c
9,"I want to feel connected to nature in the city",98,4835cc37-3f94-2c2d-29a2-d6e1001767b5
9,"I want to feel connected to nature in the city",99,96dc89d7-0b5c-fd6a-b8f7-e876030d7400
9,"I want to feel connected to nature in the city",100,34b1e1be-95f6-5083-4771-02ffa64b4bb6
9,"I want to feel connected to nature in the city",101,35e576a6-d6a0-1915-7649-bf1dbcaebcb7
9,"I want to feel connected to nature in the city",102,16e2fa58-54e0-8500-b09f-2ceb22ced01e
9,"I want to feel connected to nature in the city",103,1adf0d47-5801-a7d1-7385-13926eaa2112
9,"I want to feel connected to nature in the city",104,0ac0ab0b-d61f-cb6e-e065-12b4e69f6824
9,"I want to feel connected to nature in the city",105,82eb38ca-e25f-346d-fe06-bc45bf2bd53e
9,"I want to feel connected to nature in the city",106,e0f29cce-04cb-7a31-23cb-38a538954df5
9,"I want to feel connected to nature in the city",107,72e70a70-fa21-ebac-bbf0-4c81ef997cb3
9,"I want to feel connected to nature in the city",108,58ca23a8-6e16-3a85-8cb1-7c5d9ffda20e
9,"I want to feel connected to nature in the city",109,ee2687f1-bd4b-bb2c-90c7-7a5b134d5aab
9,"I want to feel connected to nature in the city",110,c8dc6d7e-51e9-1853-1844-7429009b7b9f
9,"I want to feel connected to nature in the city",111,3e251a1f-d441-e3ec-9e0a-a1faa82dee60
9,"I want to feel connected to nature in the city",112,dc957c37-f21c-a287-1855-c7318197934c
9,"I want to feel connected to nature in the city",113,aba001d4-2e57-f146-a452-063776a83714
9,"I want to feel connected to nature in the city",114,1c417ecf-f601-a4b0-056c-bcf08e7d8f37
9,"I want to feel connected to nature in the city",115,e29b6e84-37c6-0119-7e92-eaca480f6893
9,"I want to feel connected to nature in the city",116,2bf7178b-3d02-b367-d6c9-d0c7cb5775f9
9,"I want to feel connected to nature in the city",117,923a06cb-4dc0-3871-14f7-76f05e3ab149
9,"I want to feel connected to nature in the city",118,4f4bf320-9cc9-9804-5abd-f9b2f1ad7ea8
9,"I want to feel connected to nature in the city",119,53b49c9b-b835-d49f-03fe-99e114b61590
9,"I want to feel connected to nature in the city",120,b835a9ea-a3db-1d27-8da9-698e166deaa2
9,"I want to feel connected to nature in the city",121,bed0b708-11f4-cf65-c8fa-0fbc2f4d5bb4
9,"I want to feel connected to nature in the city",122,9435d95e-a50a-35b1-9a4c-df4d3411da0d
9,"I want to feel connected to nature in the city",123,ee798654-fd9e-9698-51f2-97c12705d7fd
9,"I want to feel connected to nature in the city",124,50365900-1038-c957-51fd-13f3042b128f
9,"I want to feel connected to nature in the city",125,77c9c141-596a-4de6-2c88-8a7087a1f294
9,"I want to feel connected to nature in the city",126,6418710b-2ea0-72e6-8595-e151019b385d
9,"I want to feel connected to nature in the city",127,9cf6afb7-6737-16c2-683f-f0988ad19ffa
9,"I want to feel connected to nature in the city",128,e34a20bd-d7e6-1921-5562-29fcf73e2247
9,"I want to feel connected to nature in the city",129,eb9e821c-f090-183f-408c-fa98250c7e6a
9,"I want to feel connected to nature in the city",130,f80f7103-8412-3c80-9873-c36a089297a0
9,"I want to feel connected to nature in the city",131,9f8f5693-849a-ed41-426d-8a1341f2dfd6
9,"I want to feel connected to nature in the city",132,aa98f9ad-557c-2b84-967b-07503a5b3f96
9,"I want to feel connected to nature in the city",133,3581f6f9-d74f-2930-7cbf-82903d7fd9b4
9,"I want to feel connected to nature in the city",134,28ee3e11-2a9a-a2ea-9676-7e0b24c0ccaa
9,"I want to feel connected to nature in the city",135,73416917-af96-5336-a360-2f3d3986c272
9,"I want to feel connected to nature in the city",136,69a54b21-a995-3902-5412-bf466e80521d
9,"I want to feel connected to nature in the city",137,66c8c624-972d-743b-a116-2d8412d424d9
9,"I want to feel connected to nature in the city",138,0a18dffe-7a63-6dc0-46c1-ca9e93aadbf1
9,"I want to feel connected to nature in the city",139,d48756a2-ddb4-fa26-d550-90a791013fc6
9,"I want to feel connected to nature in the city",140,5cb79e2c-5c15-753c-3cc1-171c516ab936
9,"I want to feel connected to nature in the city",141,3a8ab712-1a7e-a8f7-0d0b-57e7337c8e43
9,"I want to feel connected to nature in the city",142,e8a68df7-9434-03ba-f6bf-643f3ac59b44
9,"I want to feel connected to nature in the city",143,a89838bf-dfd1-4063-304c-0b3e84aa5190
9,"I want to feel connected to nature in the city",144,f0d2f273-1cc6-6d2f-e17e-eb3a74a6e614
9,"I want to feel connected to nature in the city",145,21400fcd-7dd9-7aac-ad2c-a95ff8824d44
9,"I want to feel connected to nature in the city",146,b575e1e8-93a6-64b9-6a9b-cae6a17b2781
9,"I want to feel connected to nature in the city",147,128ad76f-b8f4-9737-451c-85e149f5781c
9,"I want to feel connected to nature in the city",148,6a363939-74a8-200b-7463-6021a9cc1f55
9,"I want to feel connected to nature in the city",149,c684d95d-b726-2b01-8a46-f9a0e20f2035
9,"I want to feel connected to nature in the city",150,d32e1ec5-b230-cf3f-a007-1ddfc1d165c0
9,"I want to feel connected to nature in the city",151,f5616214-2b8f-641c-580b-81def0576e78
9,"I want to feel connected to nature in the city",152,95cb1f5c-cdbb-6c20-0ad4-a2b526ffa11c
9,"I want to feel connected to nature in the city",153,43e68757-853f-7b9d-d285-116a0d41a877
9,"I want to feel connected to nature in the city",154,7c99ceb9-4f12-7d27-b2d8-e177e1bc0bd5
9,"I want to feel connected to nature in the city",155,1fc825e3-14d5-2cb5-f1e2-277ab031cdea
9,"I want to feel connected to nature in the city",156,fd242173-cd37-577c-dc25-15bbd5ce0e32
9,"I want to feel connected to nature in the city",157,6e0bf96a-a433-b2cf-f21b-46ba4a3306d8
9,"I want to feel connected to nature in the city",158,4632fe90-3f94-55e4-ee73-e9cae46e56d6
9,"I want to feel connected to nature in the city",159,8119f4a6-3d86-f4db-5064-f7514e8797d4
9,"I want to feel connected to nature in the city",160,2f15d591-fc25-e69b-ce18-9d8fcc02b7ea
10,"I'm looking for a creative hands-on experience",1,66c8c624-972d-743b-a116-2d8412d424d9
10,"I'm looking for a creative hands-on experience",2,ee2687f1-bd4b-bb2c-90c7-7a5b134d5aab
10,"I'm looking for a creative hands-on experience",3,313e308c-47bd-31a8-4e44-6b2cd75bcea7
10,"I'm looking for a creative hands-on experience",4,f72c7466-ff9b-bec5-2d4d-95f0b8d785f1
10,"I'm looking for a creative hands-on experience",5,96dc89d7-0b5c-fd6a-b8f7-e876030d7400
10,"I'm looking for a creative hands-on experience",6,01d68a2a-1d82-0abd-d200-fcee3523027b
10,"I'm looking for a creative hands-on experience",7,9e0c79d3-f989-8865-d136-3a1824c49e13
10,"I'm looking for a creative hands-on experience",8,88ce72df-507c-f6ab-d827-e3d4b385f5d1
10,"I'm looking for a creative hands-on experience",9,36a5bc5e-f42e-c5f6-96af-30545cf04a24
10,"I'm looking for a creative hands-on experience",10,82eb38ca-e25f-346d-fe06-bc45bf2bd53e
10,"I'm looking for a creative hands-on experience",11,bce61be8-dfad-ace9-3608-322e8929f3c1
10,"I'm looking for a creative hands-on experience",12,8467c49f-4180-c1bc-b8f1-5426b55f48cb
10,"I'm looking for a creative hands-on experience",13,b3133d73-c536-c159-5eff-b1ae026507f4
10,"I'm looking for a creative hands-on experience",14,4fa28fa4-3be4-b56a-5561-919d71a393f1
10,"I'm looking for a creative hands-on experience",15,1967b1f6-b731-5204-30df-55e7c94fdb62
10,"I'm looking for a creative hands-on experience",16,22d32ea5-99bd-bdaa-335c-b42ca7a15a94
10,"I'm looking for a creative hands-on experience",17,8c95bc93-5322-cf14-1070-9ec435396f09
10,"I'm looking for a creative hands-on experience",18,9220ce1e-657e-fa58-7171-54be24971ec3
10,"I'm looking for a creative hands-on experience",19,530b297f-e6ba-5820-b4b4-db0a0cbaa7c6
10,"I'm looking for a creative hands-on experience",20,41b43fff-d7c5-78b9-fc0c-6683ce301c8b
10,"I'm looking for a creative hands-on experience",21,3e6cdd58-a6b1-e8e7-da31-584294e9bf00
10,"I'm looking for a creative hands-on experience",22,a6e296a4-26c5-9303-8dc4-b283e87fef5f
10,"I'm looking for a creative hands-on experience",23,d4e8f62b-2f0a-7238-1a78-6cd602d66f1b
10,"I'm looking for a creative hands-on experience",24,89b77fed-45f4-0a4f-ea5b-75613d2a95ee
10,"I'm looking for a creative hands-on experience",25,13fca318-7619-0605-8fdd-0139b2978224
10,"I'm looking for a creative hands-on experience",26,0b0cb487-1fa3-ba55-6a5c-18c131a043a3
10,"I'm looking for a creative hands-on experience",27,c06f8d01-ca4d-80d1-f6dc-c1dc7505aafc
10,"I'm looking for a creative hands-on experience",28,09d84fbd-c6e6-8992-fdd6-81ea98836d53
10,"I'm looking for a creative hands-on experience",29,44de4add-cfc4-8468-cd3e-4cda8629489c
10,"I'm looking for a creative hands-on experience",30,3dc534f1-67e3-72e8-302e-cc85b2c019a1
10,"I'm looking for a creative hands-on experience",31,9435d95e-a50a-35b1-9a4c-df4d3411da0d
10,"I'm looking for a creative hands-on experience",32,addee137-39dc-4459-ac41-0c22b5f3e888
10,"I'm looking for a creative hands-on experience",33,49253d71-283c-83db-1b1a-272ca877f10b
10,"I'm looking for a creative hands-on experience",34,3c3d9914-3db0-f457-5350-a8a1fbb6b9b1
10,"I'm looking for a creative hands-on experience",35,3581f6f9-d74f-2930-7cbf-82903d7fd9b4
10,"I'm looking for a creative hands-on experience",36,0b5de573-a15a-3d27-6390-93380669bd67
10,"I'm looking for a creative hands-on experience",37,e51a4ddf-f9cc-5c7a-5513-fa4094e24003
10,"I'm looking for a creative hands-on experience",38,d6b0fb8f-5e3c-887d-b1a4-50c8232e6cb5
10,"I'm looking for a creative hands-on experience",39,6b414483-0c8f-7a00-1f5c-d953ca3d8c45
10,"I'm looking for a creative hands-on experience",40,16ba88b1-8200-36a0-53b1-9a26f16644f6
10,"I'm looking for a creative hands-on experience",41,f5616214-2b8f-641c-580b-81def0576e78
10,"I'm looking for a creative hands-on experience",42,f0654098-0a6b-4125-85b2-dbed22dbdc57
10,"I'm looking for a creative hands-on experience",43,3340153c-727f-d094-4d40-6ecd47b9e36a
10,"I'm looking for a creative hands-on experience",44,e1ce61f6-ef01-448d-ad74-6952713434a1
10,"I'm looking for a creative hands-on experience",45,0b5941e6-35bf-aec7-11a8-6599ed9d06d4
10,"I'm looking for a creative hands-on experience",46,130e69f8-1d16-a1f2-1a01-10e5c301940f
10,"I'm looking for a creative hands-on experience",47,5d90601b-7768-a1ab-8660-b929c3b26460
10,"I'm looking for a creative hands-on experience",48,6cc59e2c-cfc3-1d52-34e2-5e7fb53da047
10,"I'm looking for a creative hands-on experience",49,4713920c-4284-acdd-8500-589b36c51c05
10,"I'm looking for a creative hands-on experience",50,4b7eb04f-3faf-39f6-9b20-f3373effe3a4
10,"I'm looking for a creative hands-on experience",51,08c3e541-1c6d-3735-7f07-586b9001d3e0
10,"I'm looking for a creative hands-on experience",52,feedecf3-5ec8-bb57-3fa1-a3b42409af66
10,"I'm looking for a creative hands-on experience",53,761faee1-eae4-0678-13aa-6a46d611e206
10,"I'm looking for a creative hands-on experience",54,91240817-d831-8bdb-dfb4-18bddb5d6d24
10,"I'm looking for a creative hands-on experience",55,6a410d8f-4b7c-2577-d682-3f44614d4078
10,"I'm looking for a creative hands-on experience",56,710e8823-bb13-c4ea-60ba-13a4808bb707
10,"I'm looking for a creative hands-on experience",57,c8dc6d7e-51e9-1853-1844-7429009b7b9f
10,"I'm looking for a creative hands-on experience",58,6ea463cd-f5ec-76a3-a737-ec93b24f7e63
10,"I'm looking for a creative hands-on experience",59,616e86d3-a8e8-3ea5-2fa2-81bb49beaeec
10,"I'm looking for a creative hands-on experience",60,632def64-10d9-9cee-ac95-3c3276554e25
10,"I'm looking for a creative hands-on experience",61,983b59c9-c007-5732-1148-ab2e2af2fe2f
10,"I'm looking for a creative hands-on experience",62,679dd576-95c7-dc37-a608-2fd3e234e385
10,"I'm looking for a creative hands-on experience",63,b1f214fd-611d-a1e6-d610-d51c2bcf735c
10,"I'm looking for a creative hands-on experience",64,d20d50f5-223e-4625-c8c4-bb2619d25c50
10,"I'm looking for a creative hands-on experience",65,c186cfc7-3d94-1c14-d752-f113847495a2
10,"I'm looking for a creative hands-on experience",66,35e576a6-d6a0-1915-7649-bf1dbcaebcb7
10,"I'm looking for a creative hands-on experience",67,39cb07be-3270-182f-f7d8-89392d3eef7b
10,"I'm looking for a creative hands-on experience",68,6c1616d1-399f-0ad3-fcba-9427dbb0daea
10,"I'm looking for a creative hands-on experience",69,47bc3f87-4c5f-ea57-32c4-29a276fdc3da
10,"I'm looking for a creative hands-on experience",70,15cd3fb7-a7fc-1708-6bea-a501615ec532
10,"I'm looking for a creative hands-on experience",71,669cce96-c871-1b0e-2147-2bf00cadbca7
10,"I'm looking for a creative hands-on experience",72,1334194d-8340-735c-a765-a92592022cda
10,"I'm looking for a creative hands-on experience",73,c8f829b9-53ef-de0b-9470-663bf51989e3
10,"I'm looking for a creative hands-on experience",74,4731de51-4fd8-c601-5198-de2ebda8ad48
10,"I'm looking for a creative hands-on experience",75,4ecb8916-1954-ad39-af55-e1d97e86b59a
10,"I'm looking for a creative hands-on experience",76,4e1eb9a8-cdef-8cbc-f99e-ca372a796017
10,"I'm looking for a creative hands-on experience",77,1eb0f0c1-9eaa-1744-abe8-85d0811a1228
10,"I'm looking for a creative hands-on experience",78,aba001d4-2e57-f146-a452-063776a83714
10,"I'm looking for a creative hands-on experience",79,e1aa20c4-90fe-e8a7-925a-ff17f1edb48b
10,"I'm looking for a creative hands-on experience",80,f465e4f4-fed5-2dc7-e00b-0c11b39f62f1
10,"I'm looking for a creative hands-on experience",81,dac8a4e0-8781-08af-5c07-40be5b00689f
10,"I'm looking for a creative hands-on experience",82,6cd23ef6-184a-acc0-8008-1a0bd8a30f2c
10,"I'm looking for a creative hands-on experience",83,0a6000c0-31e2-6507-470d-299bbae77bad
10,"I'm looking for a creative hands-on experience",84,5c184e0b-e443-cc4f-6610-8d226b944e71
10,"I'm looking for a creative hands-on experience",85,4835cc37-3f94-2c2d-29a2-d6e1001767b5
10,"I'm looking for a creative hands-on experience",86,3ce996ff-a176-c936-3701-e98018d45be5
10,"I'm looking for a creative hands-on experience",87,e8a68df7-9434-03ba-f6bf-643f3ac59b44
10,"I'm looking for a creative hands-on experience",88,1d176d6a-8fae-e393-1995-4d0a4b176374
10,"I'm looking for a creative hands-on experience",89,7d25101b-9bdb-5903-aaa5-b0c572820e39
10,"I'm looking for a creative hands-on experience",90,d415d8a3-9239-4bd4-3e08-59461ff95414
10,"I'm looking for a creative hands-on experience",91,9075d494-c8b6-453d-78b3-7de4802faaa7
10,"I'm looking for a creative hands-on experience",92,e44a9222-4c07-a5b1-23b4-15c36d7fcd74
10,"I'm looking for a creative hands-on experience",93,2a422e3e-ad12-8548-db3d-325dd9355072
10,"I'm looking for a creative hands-on experience",94,860e65c6-2261-a1f5-d030-f375f231f536
10,"I'm looking for a creative hands-on experience",95,572b1c73-28ff-1b8e-179c-93014b623ecc
10,"I'm looking for a creative hands-on experience",96,f182c736-0fb0-7513-b347-8ddd33624942
10,"I'm looking for a creative hands-on experience",97,adee1672-7dba-4341-986a-1a066dfb1dc2
10,"I'm looking for a creative hands-on experience",98,d0252d77-7d6e-23a1-4533-1a9e510c0f53
10,"I'm looking for a creative hands-on experience",99,0a18dffe-7a63-6dc0-46c1-ca9e93aadbf1
10,"I'm looking for a creative hands-on experience",100,bc160866-0c57-ed6a-0350-8cbeb5058117
10,"I'm looking for a creative hands-on experience",101,4d994992-4e45-de56-6b9b-bef61b77439f
10,"I'm looking for a creative hands-on experience",102,20e48eca-5478-8d62-0546-8be37a11af2d
10,"I'm looking for a creative hands-on experience",103,10aa49d9-7694-0825-8501-69323db1f5d2
10,"I'm looking for a creative hands-on experience",104,d2f90b4a-18c4-d284-7f88-0a882e8df305
10,"I'm looking for a creative hands-on experience",105,ceaf1af0-3f35-68b0-8885-6be49c63a890
10,"I'm looking for a creative hands-on experience",106,2cec4a3d-10a9-48b6-3723-dc71a3bd7cda
10,"I'm looking for a creative hands-on experience",107,7494da1f-69f5-5475-377f-5eea458eccde
10,"I'm looking for a creative hands-on experience",108,766212e5-dfe7-04af-bf8f-b9dc83c8cebe
10,"I'm looking for a creative hands-on experience",109,7597896f-6af3-edc0-0406-d058945e671f
10,"I'm looking for a creative hands-on experience",110,8cdf4859-c247-515e-780f-ad557f459ea2
10,"I'm looking for a creative hands-on experience",111,e1fc7dd4-d1ec-f693-5774-0793b8d52a7d
10,"I'm looking for a creative hands-on experience",112,0ade51c9-7cca-2848-2928-b8fab5a052c5
10,"I'm looking for a creative hands-on experience",113,b17ed4f9-f7ec-80ae-f005-ae96eb665739
10,"I'm looking for a creative hands-on experience",114,d86f9c38-a2d7-e755-d54e-58c06ca56a01
10,"I'm looking for a creative hands-on experience",115,96f46f0d-7cd8-877a-bd8b-c266ea7edcd9
10,"I'm looking for a creative hands-on experience",116,4258b175-b0a7-c980-6739-aea704048854
10,"I'm looking for a creative hands-on experience",117,19fc9dbb-edb3-48dd-9625-3e784a539842
10,"I'm looking for a creative hands-on experience",118,d9a76b01-bc7f-1043-2c04-93c20fe7292d
10,"I'm looking for a creative hands-on experience",119,5ceb0547-bdcc-a3a2-c19c-3c38f0c4c8df
10,"I'm looking for a creative hands-on experience",120,7128204d-a474-c210-c381-776af0773eec
10,"I'm looking for a creative hands-on experience",121,728ae5d1-3b04-57a6-c146-9b3970a63262
10,"I'm looking for a creative hands-on experience",122,08a16fca-2eaf-013d-1d73-75a970d077ac
10,"I'm looking for a creative hands-on experience",123,b86d3afb-342d-4e55-d1c7-e4dcabaf33e0
10,"I'm looking for a creative hands-on experience",124,b0105eb8-cdbe-ccb7-fc84-736120b3aa88
10,"I'm looking for a creative hands-on experience",125,74476dbd-d596-cc09-8622-7e52c1111a74
10,"I'm looking for a creative hands-on experience",126,bcba8349-6609-70c6-52b7-18f72938d5d7
10,"I'm looking for a creative hands-on experience",127,0d5a099e-5133-eb13-083e-41e523ab060f
10,"I'm looking for a creative hands-on experience",128,d3900eec-934d-8984-a469-54e23466866c
10,"I'm looking for a creative hands-on experience",129,d9789157-dd47-2656-d0c8-e8672f569777
10,"I'm looking for a creative hands-on experience",130,cc7ade22-64c1-289b-5a4e-b5a6d53879c9
10,"I'm looking for a creative hands-on experience",131,4949a787-7dd7-fae3-dcdb-94a7d27aa7a7
10,"I'm looking for a creative hands-on experience",132,af18d9a4-0efd-fcfc-9466-96920367e468
10,"I'm looking for a creative hands-on experience",133,f9dbce26-9a17-6e9c-993a-a7b37203ee48
10,"I'm looking for a creative hands-on experience",134,3f412e93-a9de-734d-7f2d-56024fc5cee5
10,"I'm looking for a creative hands-on experience",135,68a6026d-5fe0-0c25-d551-64d6c746a985
10,"I'm looking for a creative hands-on experience",136,aa98f9ad-557c-2b84-967b-07503a5b3f96
10,"I'm looking for a creative hands-on experience",137,b5bbc425-550d-c332-9a69-fb5fdafd13c0
10,"I'm looking for a creative hands-on experience",138,fe239f23-b422-097f-ca1a-c8d354e59937
10,"I'm looking for a creative hands-on experience",139,0d8ffe02-0fee-1453-fee8-3262c5c5dcec
10,"I'm looking for a creative hands-on experience",140,c334df7f-644d-42ce-01b7-c383644d14dd
10,"I'm looking for a creative hands-on experience",141,22065ce8-c1a2-483d-63a3-8b2ab48a235d
10,"I'm looking for a creative hands-on experience",142,2c7730da-effb-760c-f892-c7f7ee22fbd4
10,"I'm looking for a creative hands-on experience",143,a08204a8-01bd-f111-e0ab-84d8ae9fb4a7
10,"I'm looking for a creative hands-on experience",144,87095fd8-ff8f-68d8-2fff-6538d15da977
10,"I'm looking for a creative hands-on experience",145,b4cc2a0c-5f21-b71d-c757-391e7375e8c9
10,"I'm looking for a creative hands-on experience",146,820ebb62-a7ff-a8b2-72cd-a0914779e710
10,"I'm looking for a creative hands-on experience",147,eb570bb2-2dab-374b-be36-4659d6286fea
10,"I'm looking for a creative hands-on experience",148,9b0ade7f-89ed-df30-80fc-1ff053dd894e
10,"I'm looking for a creative hands-on experience",149,6647d1e0-89cf-96c6-a0ee-b7ddcd1e7aae
10,"I'm looking for a creative hands-on experience",150,6f3baf38-daea-8ef1-90bd-f1c9bcb02073
10,"I'm looking for a creative hands-on experience",151,fb8cad3d-5304-1d12-2bfc-7918551ff687
10,"I'm looking for a creative hands-on experience",152,2bf7178b-3d02-b367-d6c9-d0c7cb5775f9
10,"I'm looking for a creative hands-on experience",153,58ada665-4b53-a06d-dc21-c26122f461ab
10,"I'm looking for a creative hands-on experience",154,58e6b1b0-43cc-d728-3463-0bc303b0bcbb
10,"I'm looking for a creative hands-on experience",155,73416917-af96-5336-a360-2f3d3986c272
10,"I'm looking for a creative hands-on experience",156,8dc921ed-2d27-1268-31c8-8cfc66352dac
10,"I'm looking for a creative hands-on experience",157,3a074711-a27a-3463-6679-86c3d623a227
10,"I'm looking for a creative hands-on experience",158,eddbf9e9-aba8-9f4d-122c-39ea4237b904
10,"I'm looking for a creative hands-on experience",159,1a6c33c1-3cab-3944-8071-a451ebc8c8ec
10,"I'm looking for a creative hands-on experience",160,ffcb7494-7903-4efc-5a3e-e3cff475e674
11,"What free events are happening in Brooklyn?",1,7c99ceb9-4f12-7d27-b2d8-e177e1bc0bd5
11,"What free events are happening in Brooklyn?",2,a59027a7-34b8-e71a-118f-62760c4be1d0
11,"What free events are happening in Brooklyn?",3,d48756a2-ddb4-fa26-d550-90a791013fc6
11,"What free events are happening in Brooklyn?",4,396c7c4d-804a-a473-f40e-662d5e48369c
11,"What free events are happening in Brooklyn?",5,51c38721-7479-929f-a758-1c432d7ad4b8
11,"What free events are happening in Brooklyn?",6,255f525e-b7e4-d616-691d-20e3c75b471b
11,"What free events are happening in Brooklyn?",7,0c40bb28-27f6-165d-2e06-4b92b549442d
11,"What free events are happening in Brooklyn?",8,32ebed19-f766-1a9b-8b61-e3dbef51fcf3
11,"What free events are happening in Brooklyn?",9,75fd3a7c-40ca-7a25-3659-4b3b19c4c284
11,"What free events are happening in Brooklyn?",10,e34a20bd-d7e6-1921-5562-29fcf73e2247
11,"What free events are happening in Brooklyn?",11,6418710b-2ea0-72e6-8595-e151019b385d
11,"What free events are happening in Brooklyn?",12,bade8a5e-111a-37e7-347c-210b6377224c
11,"What free events are happening in Brooklyn?",13,013ef803-ed53-54fd-f174-57244346ec4c
11,"What free events are happening in Brooklyn?",14,628af73c-84e0-21f6-2a2b-1700a86dff8c
11,"What free events are happening in Brooklyn?",15,6483e074-b3f5-4f37-7844-6ed1ca8330d6
11,"What free events are happening in Brooklyn?",16,85fd4591-8ad1-8cb1-84ab-fe41bb46bbb2
11,"What free events are happening in Brooklyn?",17,9ad48c1e-d585-e3cb-98f2-556988d0b1d7
11,"What free events are happening in Brooklyn?",18,e29b6e84-37c6-0119-7e92-eaca480f6893
11,"What free events are happening in Brooklyn?",19,5cc6fa94-ba85-26f3-732b-8bdd67b76a9a
11,"What free events are happening in Brooklyn?",20,ee798654-fd9e-9698-51f2-97c12705d7fd
11,"What free events are happening in Brooklyn?",21,9338c045-58a2-f2fb-e745-87b6cec9b8f8
11,"What free events are happening in Brooklyn?",22,13bb238c-5e30-60f1-c10a-c5eef5e07ec9
11,"What free events are happening in Brooklyn?",23,af4e095e-77fe-e728-4555-240dfbf4b2ff
11,"What free events are happening in Brooklyn?",24,b835a9ea-a3db-1d27-8da9-698e166deaa2
11,"What free events are happening in Brooklyn?",25,3224ea40-526a-cd10-83de-7bc7c48642eb
11,"What free events are happening in Brooklyn?",26,05965acd-62e7-d0d7-98b4-e1f882888556
11,"What free events are happening in Brooklyn?",27,34b1e1be-95f6-5083-4771-02ffa64b4bb6
11,"What free events are happening in Brooklyn?",28,23c89b97-43b6-aae3-7cb8-840e41c7922a
11,"What free events are happening in Brooklyn?",29,26e3db95-b59c-df73-468f-480a01cfbd9d
11,"What free events are happening in Brooklyn?",30,8be67cca-54ff-9279-9d5a-b1a12e656187
11,"What free events are happening in Brooklyn?",31,3bcffc43-a19c-d820-3739-12e8d7992bdd
11,"What free events are happening in Brooklyn?",32,1b5926ed-70cf-1f1e-86af-a3b535460a9d
11,"What free events are happening in Brooklyn?",33,f47d768a-412c-e273-8277-4e8bcf019b3d
11,"What free events are happening in Brooklyn?",34,1cb0c42d-f7a5-3ef3-9dde-ab757fa88e8a
11,"What free events are happening in Brooklyn?",35,b93a6dc0-3c4e-b2a4-dd62-f43dc782e58f
11,"What free events are happening in Brooklyn?",36,7bfd085f-10a7-fda1-a532-c6399673a4b0
11,"What free events are happening in Brooklyn?",37,19b777d0-cf88-9b35-19df-c406bcd3910d
11,"What free events are happening in Brooklyn?",38,3dde2e19-b29d-233f-3dbb-1f9c26e68eb8
11,"What free events are happening in Brooklyn?",39,2c7730da-effb-760c-f892-c7f7ee22fbd4
11,"What free events are happening in Brooklyn?",40,33b13dc9-3ecb-79aa-80e8-ec1914076ede
11,"What free events are happening in Brooklyn?",41,9cf6afb7-6737-16c2-683f-f0988ad19ffa
11,"What free events are happening in Brooklyn?",42,eb570bb2-2dab-374b-be36-4659d6286fea
11,"What free events are happening in Brooklyn?",43,af8ce1d6-6d10-f51b-d2c8-9761e9b089f2
11,"What free events are happening in Brooklyn?",44,3a8ab712-1a7e-a8f7-0d0b-57e7337c8e43
11,"What free events are happening in Brooklyn?",45,8c2fc2ce-6a0d-26ed-dabe-01809d6f343a
11,"What free events are happening in Brooklyn?",46,05e515da-18d3-9144-3a92-40e1a6d918f2
11,"What free events are happening in Brooklyn?",47,43db1f46-e59e-bee4-83d5-840f2d848e4d
11,"What free events are happening in Brooklyn?",48,329e9878-b3fa-998d-9d87-b877a5e0f2a0
11,"What free events are happening in Brooklyn?",49,ce493a09-de96-e81d-0c8f-d1bad76a9c4b
11,"What free events are happening in Brooklyn?",50,5c184e0b-e443-cc4f-6610-8d226b944e71
11,"What free events are happening in Brooklyn?",51,ecae58ac-469e-e067-6f79-0220fa00a0e8
11,"What free events are happening in Brooklyn?",52,dc957c37-f21c-a287-1855-c7318197934c
11,"What free events are happening in Brooklyn?",53,f151bac0-f21c-4f66-1f7b-3fd366926190
11,"What free events are happening in Brooklyn?",54,b348f22a-b0f4-bcb7-eae5-4d320a7b06e6
11,"What free events are happening in Brooklyn?",55,f3c5d3ef-5a03-a58f-7800-dd93ef1a8170
11,"What free events are happening in Brooklyn?",56,27029a54-9b9f-5119-3c05-ea70fb25cf1a
11,"What free events are happening in Brooklyn?",57,3f412e93-a9de-734d-7f2d-56024fc5cee5
11,"What free events are happening in Brooklyn?",58,728ae5d1-3b04-57a6-c146-9b3970a63262
11,"What free events are happening in Brooklyn?",59,fd242173-cd37-577c-dc25-15bbd5ce0e32
11,"What free events are happening in Brooklyn?",60,d8e74e10-db6d-b27b-52ad-9fe764c24d04
11,"What free events are happening in Brooklyn?",61,df699610-4e77-1cd8-bcc9-d37dc59bcb33
11,"What free events are happening in Brooklyn?",62,6fb6e243-0d52-a128-746f-35141073c4d9
11,"What free events are happening in Brooklyn?",63,a91a53ee-7997-9bdc-bfdf-2afd17d71c92
11,"What free events are happening in Brooklyn?",64,ee3a0227-42ab-20fc-b644-bfcf0576de9e
11,"What free events are happening in Brooklyn?",65,aa98f9ad-557c-2b84-967b-07503a5b3f96
11,"What free events are happening in Brooklyn?",66,af18d9a4-0efd-fcfc-9466-96920367e468
11,"What free events are happening in Brooklyn?",67,d3d7624d-a828-3140-0a60-375361181d22
11,"What free events are happening in Brooklyn?",68,a1ca0675-b0f1-6219-c6d2-f3da08c8e362
11,"What free events are happening in Brooklyn?",69,14b3e41d-c4ed-a39d-82b7-95fc724eeab8
11,"What free events are happening in Brooklyn?",70,39cb07be-3270-182f-f7d8-89392d3eef7b
11,"What free events are happening in Brooklyn?",71,0b5941e6-35bf-aec7-11a8-6599ed9d06d4
11,"What free events are happening in Brooklyn?",72,35e576a6-d6a0-1915-7649-bf1dbcaebcb7
11,"What free events are happening in Brooklyn?",73,1adf0d47-5801-a7d1-7385-13926eaa2112
11,"What free events are happening in Brooklyn?",74,865b15bf-64fd-f5e7-2bfd-5476b2dabc49
11,"What free events are happening in Brooklyn?",75,b199f9fe-95a1-a543-8fa0-a0faf4e2c961
11,"What free events are happening in Brooklyn?",76,2c6d6132-3d9f-e9a6-332a-c4912201a371
11,"What free events are happening in Brooklyn?",77,d3400513-b404-e3ba-e0bb-f0c6168e0212
11,"What free events are happening in Brooklyn?",78,44e0a09a-5e7f-b883-7665-3d32bd475b8b
11,"What free events are happening in Brooklyn?",79,9ed1faf9-0bbc-faf2-743a-4041ecc38e0f
11,"What free events are happening in Brooklyn?",80,3cbca495-ac93-f11a-a78f-720794af29b7
11,"What free events are happening in Brooklyn?",81,27e499b9-35c2-c44d-4bde-77e249cc5de2
11,"What free events are happening in Brooklyn?",82,83c985e8-660e-c22a-71c6-ff88c374674b
11,"What free events are happening in Brooklyn?",83,a381c4c9-c334-f39b-7cbc-f67da452832e
11,"What free events are happening in Brooklyn?",84,fb8cad3d-5304-1d12-2bfc-7918551ff687
11,"What free events are happening in Brooklyn?",85,52a4f478-0dd7-421e-4fe3-bd62db7e6848
11,"What free events are happening in Brooklyn?",86,c5693a92-c8e7-a402-5dc0-cf2f6a51fd0c
11,"What free events are happening in Brooklyn?",87,9f2a405d-92c6-3d90-151a-e71186647f95
11,"What free events are happening in Brooklyn?",88,a89838bf-dfd1-4063-304c-0b3e84aa5190
11,"What free events are happening in Brooklyn?",89,d32e1ec5-b230-cf3f-a007-1ddfc1d165c0
11,"What free events are happening in Brooklyn?",90,a52abfb3-38fa-fe57-ad45-4590f74763f4
11,"What free events are happening in Brooklyn?",91,ad79d119-109e-69c9-5430-1d199d56ffff
11,"What free events are happening in Brooklyn?",92,53a0c82b-edc8-2ff7-74f0-b2807fd1ed92
11,"What free events are happening in Brooklyn?",93,74476dbd-d596-cc09-8622-7e52c1111a74
11,"What free events are happening in Brooklyn?",94,21400fcd-7dd9-7aac-ad2c-a95ff8824d44
11,"What free events are happening in Brooklyn?",95,35e42701-0e60-7c96-f2ae-df55a809efdd
11,"What free events are happening in Brooklyn?",96,bcd8f6e9-3a66-6ab8-accb-3013bc866577
11,"What free events are happening in Brooklyn?",97,679dd576-95c7-dc37-a608-2fd3e234e385
11,"What free events are happening in Brooklyn?",98,95cb1f5c-cdbb-6c20-0ad4-a2b526ffa11c
11,"What free events are happening in Brooklyn?",99,84bb5deb-eab2-e42f-5699-7fe614cf570e
11,"What free events are happening in Brooklyn?",100,4713920c-4284-acdd-8500-589b36c51c05
11,"What free events are happening in Brooklyn?",101,2835458f-34ad-f8e8-3de5-d3139d9c9308
11,"What free events are happening in Brooklyn?",102,f182c736-0fb0-7513-b347-8ddd33624942
11,"What free events are happening in Brooklyn?",103,2e0188f1-f5e5-b076-428d-1bc6b59f6b2b
11,"What free events are happening in Brooklyn?",104,b8cdb2af-faa1-8229-4126-b7a0b0950e6a
11,"What free events are happening in Brooklyn?",105,fe239f23-b422-097f-ca1a-c8d354e59937
11,"What free events are happening in Brooklyn?",106,8557d8b9-0c70-352b-ab99-58e696ff408f
11,"What free events are happening in Brooklyn?",107,a4d63665-cdc3-126f-8a94-b8f6e267731c
11,"What free events are happening in Brooklyn?",108,f80f7103-8412-3c80-9873-c36a089297a0
11,"What free events are happening in Brooklyn?",109,519f9004-b3d2-0f4e-c2ec-64f381d5b78a
11,"What free events are happening in Brooklyn?",110,9ed3f4e2-334a-5b20-c7c2-acaceda051c8
11,"What free events are happening in Brooklyn?",111,0ac0ab0b-d61f-cb6e-e065-12b4e69f6824
11,"What free events are happening in Brooklyn?",112,e9422506-4503-3137-9de9-8f25de881dfc
11,"What free events are happening in Brooklyn?",113,ee1ba883-9ded-143d-e1c1-a38b3f50fe83
11,"What free events are happening in Brooklyn?",114,8c9277b5-7020-06da-214d-6f00256874f0
11,"What free events are happening in Brooklyn?",115,5445cf6b-2f49-962a-4150-9ce71a15e362
11,"What free events are happening in Brooklyn?",116,4ec43660-ba8f-dd3f-de3c-d3b9c91afae9
11,"What free events are happening in Brooklyn?",117,00ea635a-2b98-2bb9-f855-97d27bbfb62a
11,"What free events are happening in Brooklyn?",118,806d1965-f99c-fe9c-4ae2-40a3bc8682ee
11,"What free events are happening in Brooklyn?",119,3581f6f9-d74f-2930-7cbf-82903d7fd9b4
11,"What free events are happening in Brooklyn?",120,e1aa20c4-90fe-e8a7-925a-ff17f1edb48b
11,"What free events are happening in Brooklyn?",121,7049ce8f-a8a0-7578-4eab-2ae0be1913f4
11,"What free events are happening in Brooklyn?",122,4ecb8916-1954-ad39-af55-e1d97e86b59a
11,"What free events are happening in Brooklyn?",123,b5bbc425-550d-c332-9a69-fb5fdafd13c0
11,"What free events are happening in Brooklyn?",124,4731de51-4fd8-c601-5198-de2ebda8ad48
11,"What free events are happening in Brooklyn?",125,ffea48df-d1e4-b6e8-f7aa-40d7f2129090
11,"What free events are happening in Brooklyn?",126,51421ed1-6d7a-4dcd-d70d-dd9658f6099b
11,"What free events are happening in Brooklyn?",127,4d6add26-da1e-323d-ef23-a5f303c9600d
11,"What free events are happening in Brooklyn?",128,1d6e2cf5-be2d-3dcb-ad13-c872f2b32753
11,"What free events are happening in Brooklyn?",129,a9a30d00-2791-9b18-98f2-1d23f99f9664
11,"What free events are happening in Brooklyn?",130,9efc305f-2403-e356-9f7b-1b6acad9b19f
11,"What free events are happening in Brooklyn?",131,632def64-10d9-9cee-ac95-3c3276554e25
11,"What free events are happening in Brooklyn?",132,2bf7178b-3d02-b367-d6c9-d0c7cb5775f9
11,"What free events are happening in Brooklyn?",133,2f42ef10-5fe1-b68b-0f41-d2f27088afd6
11,"What free events are happening in Brooklyn?",134,fee6b9cc-af04-53e2-5da3-a30957c3b5bf
11,"What free events are happening in Brooklyn?",135,acc56d70-3f69-4388-7377-d3e11ab3658f
11,"What free events are happening in Brooklyn?",136,0ade51c9-7cca-2848-2928-b8fab5a052c5
11,"What free events are happening in Brooklyn?",137,a08204a8-01bd-f111-e0ab-84d8ae9fb4a7
11,"What free events are happening in Brooklyn?",138,6c1616d1-399f-0ad3-fcba-9427dbb0daea
11,"What free events are happening in Brooklyn?",139,7c0a5bce-0c1b-1877-5251-83e9b8afd066
11,"What free events are happening in Brooklyn?",140,766212e5-dfe7-04af-bf8f-b9dc83c8cebe
11,"What free events are happening in Brooklyn?",141,e0392fa4-81f0-8696-1192-ba3c8d950559
11,"What free events are happening in Brooklyn?",142,b8563cbb-83f3-14ef-daf7-16743d25f211
11,"What free events are happening in Brooklyn?",143,820ebb62-a7ff-a8b2-72cd-a0914779e710
11,"What free events are happening in Brooklyn?",144,44de4add-cfc4-8468-cd3e-4cda8629489c
11,"What free events are happening in Brooklyn?",145,6e0bf96a-a433-b2cf-f21b-46ba4a3306d8
11,"What free events are happening in Brooklyn?",146,c500fa33-c1ad-f30e-fa76-c88d29b15e91
11,"What free events are happening in Brooklyn?",147,43e68757-853f-7b9d-d285-116a0d41a877
11,"What free events are happening in Brooklyn?",148,9220ce1e-657e-fa58-7171-54be24971ec3
11,"What free events are happening in Brooklyn?",149,4f3969e8-fdef-1e43-8938-42c0d3b6326a
11,"What free events are happening in Brooklyn?",150,7d0c3de6-7367-7f49-8dd9-58ec718cedff
11,"What free events are happening in Brooklyn?",151,e58b9522-ac35-ce62-bf8a-e9d9e3268b40
11,"What free events are happening in Brooklyn?",152,b17ed4f9-f7ec-80ae-f005-ae96eb665739
11,"What free events are happening in Brooklyn?",153,b4cc2a0c-5f21-b71d-c757-391e7375e8c9
11,"What free events are happening in Brooklyn?",154,0a18dffe-7a63-6dc0-46c1-ca9e93aadbf1
11,"What free events are happening in Brooklyn?",155,b03bd27a-5cc6-392f-9c67-17ee74253457
11,"What free events are happening in Brooklyn?",156,53b49c9b-b835-d49f-03fe-99e114b61590
11,"What free events are happening in Brooklyn?",157,4fa28fa4-3be4-b56a-5561-919d71a393f1
11,"What free events are happening in Brooklyn?",158,66818faa-ea8d-00b9-bcd1-4271a35d93db
11,"What free events are happening in Brooklyn?",159,af9c5271-0501-83b1-c93f-45a91c3eb973
11,"What free events are happening in Brooklyn?",160,2d58356e-be8c-0d49-037a-f8ff3bc4b4ae
12,"I want to do something fun in Queens",1,628af73c-84e0-21f6-2a2b-1700a86dff8c
12,"I want to do something fun in Queens",2,ce493a09-de96-e81d-0c8f-d1bad76a9c4b
12,"I want to do something fun in Queens",3,b5bbc425-550d-c332-9a69-fb5fdafd13c0
12,"I want to do something fun in Queens",4,c5693a92-c8e7-a402-5dc0-cf2f6a51fd0c
12,"I want to do something fun in Queens",5,c186cfc7-3d94-1c14-d752-f113847495a2
12,"I want to do something fun in Queens",6,1a6c33c1-3cab-3944-8071-a451ebc8c8ec
12,"I want to do something fun in Queens",7,31a37e24-db42-7d24-2f29-547b52d40dee
12,"I want to do something fun in Queens",8,83c985e8-660e-c22a-71c6-ff88c374674b
12,"I want to do something fun in Queens",9,6126b555-4f33-84ee-30e5-7833e9da4e4e
12,"I want to do something fun in Queens",10,c1cc1911-9abf-ae27-c7a4-b766a316dfda
12,"I want to do something fun in Queens",11,d6b0fb8f-5e3c-887d-b1a4-50c8232e6cb5
12,"I want to do something fun in Queens",12,cda8ad7c-8c07-92b8-d2dd-c90f90f5b78b
12,"I want to do something fun in Queens",13,de744c7b-d3f5-2b48-73a0-6da14b23c6a7
12,"I want to do something fun in Queens",14,0a18dffe-7a63-6dc0-46c1-ca9e93aadbf1
12,"I want to do something fun in Queens",15,37998f0d-8e70-b90d-9a46-0ce9d11e8284
12,"I want to do something fun in Queens",16,a08204a8-01bd-f111-e0ab-84d8ae9fb4a7
12,"I want to do something fun in Queens",17,9220ce1e-657e-fa58-7171-54be24971ec3
12,"I want to do something fun in Queens",18,a75edaab-ec90-53a0-131c-d33fba5766b1
12,"I want to do something fun in Queens",19,b8cdb2af-faa1-8229-4126-b7a0b0950e6a
12,"I want to do something fun in Queens",20,710e8823-bb13-c4ea-60ba-13a4808bb707
12,"I want to do something fun in Queens",21,a5ea3afd-d72d-376d-81db-88b5eb16aaa2
12,"I want to do something fun in Queens",22,a626f641-c74b-1e6c-d959-df7fcc0410c3
12,"I want to do something fun in Queens",23,53252c96-bfe1-aaca-2f84-f0583f64a05e
12,"I want to do something fun in Queens",24,74476dbd-d596-cc09-8622-7e52c1111a74
12,"I want to do something fun in Queens",25,21400fcd-7dd9-7aac-ad2c-a95ff8824d44
12,"I want to do something fun in Queens",26,9efc305f-2403-e356-9f7b-1b6acad9b19f
12,"I want to do something fun in Queens",27,4ecb8916-1954-ad39-af55-e1d97e86b59a
12,"I want to do something fun in Queens",28,9ea168ff-618e-ff06-6523-65f4936e3f9f
12,"I want to do something fun in Queens",29,f5616214-2b8f-641c-580b-81def0576e78
12,"I want to do something fun in Queens",30,cbac8f21-aa4b-6b73-d6f1-8909606ebb69
12,"I want to do something fun in Queens",31,3ace9c2a-63e3-5617-a68c-106e5c390e0e
12,"I want to do something fun in Queens",32,9557c937-cc6c-39a1-298d-5ba4961fd448
12,"I want to do something fun in Queens",33,4258b175-b0a7-c980-6739-aea704048854
12,"I want to do something fun in Queens",34,7b95d0da-5ecf-a08e-e8e7-29908d935adf
12,"I want to do something fun in Queens",35,bebe8779-b542-d7bd-26e7-f0c85f305d21
12,"I want to do something fun in Queens",36,860e65c6-2261-a1f5-d030-f375f231f536
12,"I want to do something fun in Queens",37,9ad48c1e-d585-e3cb-98f2-556988d0b1d7
12,"I want to do something fun in Queens",38,4713920c-4284-acdd-8500-589b36c51c05
12,"I want to do something fun in Queens",39,ceaf1af0-3f35-68b0-8885-6be49c63a890
12,"I want to do something fun in Queens",40,0e75f573-f5e1-90f0-584f-1d6de521d8ce
12,"I want to do something fun in Queens",41,728ae5d1-3b04-57a6-c146-9b3970a63262
12,"I want to do something fun in Queens",42,5445cf6b-2f49-962a-4150-9ce71a15e362
12,"I want to do something fun in Queens",43,a9a30d00-2791-9b18-98f2-1d23f99f9664
12,"I want to do something fun in Queens",44,f182c736-0fb0-7513-b347-8ddd33624942
12,"I want to do something fun in Queens",45,4fa28fa4-3be4-b56a-5561-919d71a393f1
12,"I want to do something fun in Queens",46,acc56d70-3f69-4388-7377-d3e11ab3658f
12,"I want to do something fun in Queens",47,e735ac83-704f-6683-c86a-68d117a7e493
12,"I want to do something fun in Queens",48,3dc534f1-67e3-72e8-302e-cc85b2c019a1
12,"I want to do something fun in Queens",49,36a5bc5e-f42e-c5f6-96af-30545cf04a24
12,"I want to do something fun in Queens",50,a6650b0b-825d-8573-0f12-79f3aaadbd78
12,"I want to do something fun in Queens",51,1334194d-8340-735c-a765-a92592022cda
12,"I want to do something fun in Queens",52,fd242173-cd37-577c-dc25-15bbd5ce0e32
12,"I want to do something fun in Queens",53,22d32ea5-99bd-bdaa-335c-b42ca7a15a94
12,"I want to do something fun in Queens",54,3e6cdd58-a6b1-e8e7-da31-584294e9bf00
12,"I want to do something fun in Queens",55,f30807ca-276a-55fb-119e-dae5ee0ad500
12,"I want to do something fun in Queens",56,09d84fbd-c6e6-8992-fdd6-81ea98836d53
12,"I want to do something fun in Queens",57,3a967291-e244-0a2e-400c-49dc8d1c60e1
12,"I want to do something fun in Queens",58,7c99ceb9-4f12-7d27-b2d8-e177e1bc0bd5
12,"I want to do something fun in Queens",59,9b27f92d-8814-a8a2-a37b-ccd89b4e8aa3
12,"I want to do something fun in Queens",60,88ce72df-507c-f6ab-d827-e3d4b385f5d1
12,"I want to do something fun in Queens",61,4731de51-4fd8-c601-5198-de2ebda8ad48
12,"I want to do something fun in Queens",62,0b5941e6-35bf-aec7-11a8-6599ed9d06d4
12,"I want to do something fun in Queens",63,6cccfca3-6842-3d7a-7b64-d9f19b312ed3
12,"I want to do something fun in Queens",64,4f4bf320-9cc9-9804-5abd-f9b2f1ad7ea8
12,"I want to do something fun in Queens",65,5c184e0b-e443-cc4f-6610-8d226b944e71
12,"I want to do something fun in Queens",66,1967b1f6-b731-5204-30df-55e7c94fdb62
12,"I want to do something fun in Queens",67,c06f8d01-ca4d-80d1-f6dc-c1dc7505aafc
12,"I want to do something fun in Queens",68,05e515da-18d3-9144-3a92-40e1a6d918f2
12,"I want to do something fun in Queens",69,a017c7a6-eb76-c8d7-397b-6ec04a812d6e
12,"I want to do something fun in Queens",70,75fd3a7c-40ca-7a25-3659-4b3b19c4c284
12,"I want to do something fun in Queens",71,c962501a-9c3b-6850-9375-c50624cd3b7d
12,"I want to do something fun in Queens",72,7bfd085f-10a7-fda1-a532-c6399673a4b0
12,"I want to do something fun in Queens",73,44d9598c-e5e5-24bf-cb82-c3f55bdea0cf
12,"I want to do something fun in Queens",74,e34a20bd-d7e6-1921-5562-29fcf73e2247
12,"I want to do something fun in Queens",75,1a5a7623-9e08-8d4b-0444-025f31a7a5bb
12,"I want to do something fun in Queens",76,329e9878-b3fa-998d-9d87-b877a5e0f2a0
12,"I want to do something fun in Queens",77,6a410d8f-4b7c-2577-d682-3f44614d4078
12,"I want to do something fun in Queens",78,95cb1f5c-cdbb-6c20-0ad4-a2b526ffa11c
12,"I want to do something fun in Queens",79,6a046a68-7cc8-4e6c-17e8-820de4fa9954
12,"I want to do something fun in Queens",80,ee3a0227-42ab-20fc-b644-bfcf0576de9e
12,"I want to do something fun in Queens",81,c39d9e80-afd3-691e-3de1-648fe047cd58
12,"I want to do something fun in Queens",82,f2cc6e39-8cc9-41d2-28e5-be712f0559eb
12,"I want to do something fun in Queens",83,2835458f-34ad-f8e8-3de5-d3139d9c9308
12,"I want to do something fun in Queens",84,3581f6f9-d74f-2930-7cbf-82903d7fd9b4
12,"I want to do something fun in Queens",85,6418710b-2ea0-72e6-8595-e151019b385d
12,"I want to do something fun in Queens",86,d3900eec-934d-8984-a469-54e23466866c
12,"I want to do something fun in Queens",87,00ea635a-2b98-2bb9-f855-97d27bbfb62a
12,"I want to do something fun in Queens",88,865b15bf-64fd-f5e7-2bfd-5476b2dabc49
12,"I want to do something fun in Queens",89,44de4add-cfc4-8468-cd3e-4cda8629489c
12,"I want to do something fun in Queens",90,8c2fc2ce-6a0d-26ed-dabe-01809d6f343a
12,"I want to do something fun in Queens",91,89b77fed-45f4-0a4f-ea5b-75613d2a95ee
12,"I want to do something fun in Queens",92,a966d80e-82c3-987c-2646-e96d72ba68f7
12,"I want to do something fun in Queens",93,9e66d722-da84-f120-50cb-3f3188a8f71b
12,"I want to do something fun in Queens",94,db8b8866-bc29-71b1-33db-c42fa9dff41e
12,"I want to do something fun in Queens",95,9e2de9ee-5504-8017-d25b-389edfd2a90c
12,"I want to do something fun in Queens",96,592ba703-d5d6-6c8a-a9b4-921bf88c9eab
12,"I want to do something fun in Queens",97,39cb07be-3270-182f-f7d8-89392d3eef7b
12,"I want to do something fun in Queens",98,1eb0f0c1-9eaa-1744-abe8-85d0811a1228
12,"I want to do something fun in Queens",99,6fb6e243-0d52-a128-746f-35141073c4d9
12,"I want to do something fun in Queens",100,22065ce8-c1a2-483d-63a3-8b2ab48a235d
12,"I want to do something fun in Queens",101,7128204d-a474-c210-c381-776af0773eec
12,"I want to do something fun in Queens",102,b93a6dc0-3c4e-b2a4-dd62-f43dc782e58f
12,"I want to do something fun in Queens",103,6f3baf38-daea-8ef1-90bd-f1c9bcb02073
12,"I want to do something fun in Queens",104,609139e9-e7fd-e530-5792-811d9ea498d0
12,"I want to do something fun in Queens",105,87095fd8-ff8f-68d8-2fff-6538d15da977
12,"I want to do something fun in Queens",106,afa5ceef-cc5c-3314-4b38-c1559d0bcd98
12,"I want to do something fun in Queens",107,b199f9fe-95a1-a543-8fa0-a0faf4e2c961
12,"I want to do something fun in Queens",108,c0446d09-a979-c31f-e499-119794a953a5
12,"I want to do something fun in Queens",109,33b13dc9-3ecb-79aa-80e8-ec1914076ede
12,"I want to do something fun in Queens",110,4632fe90-3f94-55e4-ee73-e9cae46e56d6
12,"I want to do something fun in Queens",111,4688d4dc-36eb-96bf-1536-d2b6b6a5691e
12,"I want to do something fun in Queens",112,820ebb62-a7ff-a8b2-72cd-a0914779e710
12,"I want to do something fun in Queens",113,c127af7c-9ffb-70f1-d3ee-33d4a5637e72
12,"I want to do something fun in Queens",114,b025d77d-0acb-7068-18d6-a85473cdcc2c
12,"I want to do something fun in Queens",115,d48756a2-ddb4-fa26-d550-90a791013fc6
12,"I want to do something fun in Queens",116,e1aa20c4-90fe-e8a7-925a-ff17f1edb48b
12,"I want to do something fun in Queens",117,08a16fca-2eaf-013d-1d73-75a970d077ac
12,"I want to do something fun in Queens",118,96f46f0d-7cd8-877a-bd8b-c266ea7edcd9
12,"I want to do something fun in Queens",119,4f3969e8-fdef-1e43-8938-42c0d3b6326a
12,"I want to do something fun in Queens",120,d8e74e10-db6d-b27b-52ad-9fe764c24d04
12,"I want to do something fun in Queens",121,3f0b7041-c770-6dff-58ed-6668505a88a0
12,"I want to do something fun in Queens",122,69a54b21-a995-3902-5412-bf466e80521d
12,"I want to do something fun in Queens",123,163f83fd-6326-9f76-2efd-5c945094fd83
12,"I want to do something fun in Queens",124,e142b5fc-3991-84fb-dc10-304c76ee9722
12,"I want to do something fun in Queens",125,df699610-4e77-1cd8-bcc9-d37dc59bcb33
12,"I want to do something fun in Queens",126,b516784e-ea19-632e-4a25-c3b5c0fcd5b0
12,"I want to do something fun in Queens",127,fee6b9cc-af04-53e2-5da3-a30957c3b5bf
12,"I want to do something fun in Queens",128,af04f44d-3400-db4d-1626-5a4b0a9fb82b
12,"I want to do something fun in Queens",129,bb203aaa-6b32-bab8-4979-b68557ca28ee
12,"I want to do something fun in Queens",130,d4aee0fe-6bb6-f0b2-725f-d6354ec22d7c
12,"I want to do something fun in Queens",131,43db1f46-e59e-bee4-83d5-840f2d848e4d
12,"I want to do something fun in Queens",132,519f9004-b3d2-0f4e-c2ec-64f381d5b78a
12,"I want to do something fun in Queens",133,0d5a099e-5133-eb13-083e-41e523ab060f
12,"I want to do something fun in Queens",134,f0d2f273-1cc6-6d2f-e17e-eb3a74a6e614
12,"I want to do something fun in Queens",135,a59027a7-34b8-e71a-118f-62760c4be1d0
12,"I want to do something fun in Queens",136,af18d9a4-0efd-fcfc-9466-96920367e468
12,"I want to do something fun in Queens",137,92bb263d-03ee-0daa-b782-03ae0ea0e721
12,"I want to do something fun in Queens",138,d5541273-c98b-38d8-4f55-8a431cca7a86
12,"I want to do something fun in Queens",139,06fec95f-4717-99f2-fdd7-e907724ec2fe
12,"I want to do something fun in Queens",140,bc160866-0c57-ed6a-0350-8cbeb5058117
12,"I want to do something fun in Queens",141,43468f08-8f3d-b62b-9188-625ec700b568
12,"I want to do something fun in Queens",142,d4e8f62b-2f0a-7238-1a78-6cd602d66f1b
12,"I want to do something fun in Queens",143,32ebed19-f766-1a9b-8b61-e3dbef51fcf3
12,"I want to do something fun in Queens",144,6cc59e2c-cfc3-1d52-34e2-5e7fb53da047
12,"I want to do something fun in Queens",145,1f6e7c24-c5ae-5874-0127-3fdcd262d12b
12,"I want to do something fun in Queens",146,dc957c37-f21c-a287-1855-c7318197934c
12,"I want to do something fun in Queens",147,4ec43660-ba8f-dd3f-de3c-d3b9c91afae9
12,"I want to do something fun in Queens",148,addee137-39dc-4459-ac41-0c22b5f3e888
12,"I want to do something fun in Queens",149,66366f45-7040-1f76-6935-82f18ce0f893
12,"I want to do something fun in Queens",150,a1ca0675-b0f1-6219-c6d2-f3da08c8e362
12,"I want to do something fun in Queens",151,ffea48df-d1e4-b6e8-f7aa-40d7f2129090
12,"I want to do something fun in Queens",152,97cbb47e-fb1e-2297-940a-f821429a8b9c
12,"I want to do something fun in Queens",153,255f525e-b7e4-d616-691d-20e3c75b471b
12,"I want to do something fun in Queens",154,75bed6c5-8265-1010-d675-3a36b406041a
12,"I want to do something fun in Queens",155,1fc825e3-14d5-2cb5-f1e2-277ab031cdea
12,"I want to do something fun in Queens",156,6cd23ef6-184a-acc0-8008-1a0bd8a30f2c
12,"I want to do something fun in Queens",157,49253d71-283c-83db-1b1a-272ca877f10b
12,"I want to do something fun in Queens",158,d2e474b0-4680-59b7-c5b6-43adb6044d91
12,"I want to do something fun in Queens",159,b835a9ea-a3db-1d27-8da9-698e166deaa2
12,"I want to do something fun in Queens",160,983b59c9-c007-5732-1148-ab2e2af2fe2f
13,"What's happening at Bryant Park?",1,ecae58ac-469e-e067-6f79-0220fa00a0e8
13,"What's happening at Bryant Park?",2,28ee3e11-2a9a-a2ea-9676-7e0b24c0ccaa
13,"What's happening at Bryant Park?",3,75caad92-0f1b-9f2a-d692-32d399efe152
13,"What's happening at Bryant Park?",4,43e68757-853f-7b9d-d285-116a0d41a877
13,"What's happening at Bryant Park?",5,90b5373c-317c-2f4b-b387-c51c72a8b3ef
13,"What's happening at Bryant Park?",6,87d1bf25-588a-742b-6274-23e3bdc97064
13,"What's happening at Bryant Park?",7,69a54b21-a995-3902-5412-bf466e80521d
13,"What's happening at Bryant Park?",8,bcd8f6e9-3a66-6ab8-accb-3013bc866577
13,"What's happening at Bryant Park?",9,7eb92cb8-a425-5a63-7b14-84231035306f
13,"What's happening at Bryant Park?",10,3d0ff2fb-c228-006f-8d2c-812a974e60dc
13,"What's happening at Bryant Park?",11,35e42701-0e60-7c96-f2ae-df55a809efdd
13,"What's happening at Bryant Park?",12,e29b6e84-37c6-0119-7e92-eaca480f6893
13,"What's happening at Bryant Park?",13,bed0b708-11f4-cf65-c8fa-0fbc2f4d5bb4
13,"What's happening at Bryant Park?",14,a6f7a697-565f-a412-27a3-6dfe5bfaaa2c
13,"What's happening at Bryant Park?",15,aa98f9ad-557c-2b84-967b-07503a5b3f96
13,"What's happening at Bryant Park?",16,c6b9c482-87e9-ba47-2946-946db19f2c21
13,"What's happening at Bryant Park?",17,7d0c3de6-7367-7f49-8dd9-58ec718cedff
13,"What's happening at Bryant Park?",18,0adddfb9-e35e-58fa-f424-fdaa96b95533
13,"What's happening at Bryant Park?",19,a481db24-928d-fa42-2dcc-76175fcb255d
13,"What's happening at Bryant Park?",20,af18d9a4-0efd-fcfc-9466-96920367e468
13,"What's happening at Bryant Park?",21,a9e65ecb-40da-74c6-c61a-57362d919f48
13,"What's happening at Bryant Park?",22,d8434141-2de2-3cac-e27c-4fe8dcffad2a
13,"What's happening at Bryant Park?",23,756ca37c-d7ef-da47-9b29-62517f92b696
13,"What's happening at Bryant Park?",24,669cce96-c871-1b0e-2147-2bf00cadbca7
13,"What's happening at Bryant Park?",25,499984ba-56ac-5503-06a9-8c720ab3a0b5
13,"What's happening at Bryant Park?",26,afa5ceef-cc5c-3314-4b38-c1559d0bcd98
13,"What's happening at Bryant Park?",27,e6fb8080-2e6d-7408-dfc1-6453367c473a
13,"What's happening at Bryant Park?",28,06fec95f-4717-99f2-fdd7-e907724ec2fe
13,"What's happening at Bryant Park?",29,3f0b7041-c770-6dff-58ed-6668505a88a0
13,"What's happening at Bryant Park?",30,fc955a4f-b3b2-aa82-d90a-05a7c0572243
13,"What's happening at Bryant Park?",31,4e3791ca-d39a-c3b8-a167-b2324c2b493e
13,"What's happening at Bryant Park?",32,ec165d07-35f5-525e-f8c2-a787befb331f
13,"What's happening at Bryant Park?",33,16632b0f-aee2-4260-08bd-c3afbcd0508e
13,"What's happening at Bryant Park?",34,bf5a53ed-6757-0129-20d7-7575bec5142b
13,"What's happening at Bryant Park?",35,3289d7f5-eb61-65f4-c255-454e0490150c
13,"What's happening at Bryant Park?",36,1a5a7623-9e08-8d4b-0444-025f31a7a5bb
13,"What's happening at Bryant Park?",37,85bb3b5b-9a95-8b73-6f88-5390118240b7
13,"What's happening at Bryant Park?",38,ef6a2ed3-ef2b-ed61-8351-220a23035ee1
13,"What's happening at Bryant Park?",39,9f8f5693-849a-ed41-426d-8a1341f2dfd6
13,"What's happening at Bryant Park?",40,5424e829-8931-626b-6885-4a4bcc038154
13,"What's happening at Bryant Park?",41,eb9e821c-f090-183f-408c-fa98250c7e6a
13,"What's happening at Bryant Park?",42,3bcffc43-a19c-d820-3739-12e8d7992bdd
13,"What's happening at Bryant Park?",43,7c99ceb9-4f12-7d27-b2d8-e177e1bc0bd5
13,"What's happening at Bryant Park?",44,e91c2c77-0103-3bfb-e54a-9ffd0f144c33
13,"What's happening at Bryant Park?",45,71f2a897-a6fe-1d44-9606-ffddb7a28026
13,"What's happening at Bryant Park?",46,08b41542-148f-dc81-2f79-116971c543ab
13,"What's happening at Bryant Park?",47,a5b3a631-247c-f3cf-7037-478437fed91d
13,"What's happening at Bryant Park?",48,3340153c-727f-d094-4d40-6ecd47b9e36a
13,"What's happening at Bryant Park?",49,ff05a262-3139-a301-f3f1-4d3c2b858385
13,"What's happening at Bryant Park?",50,b348f22a-b0f4-bcb7-eae5-4d320a7b06e6
13,"What's happening at Bryant Park?",51,5445cf6b-2f49-962a-4150-9ce71a15e362
13,"What's happening at Bryant Park?",52,53f21e98-9b9f-3ecf-4d8b-cd353a0b049c
13,"What's happening at Bryant Park?",53,53b49c9b-b835-d49f-03fe-99e114b61590
13,"What's happening at Bryant Park?",54,a89838bf-dfd1-4063-304c-0b3e84aa5190
13,"What's happening at Bryant Park?",55,6ea463cd-f5ec-76a3-a737-ec93b24f7e63
13,"What's happening at Bryant Park?",56,4fa28fa4-3be4-b56a-5561-919d71a393f1
13,"What's happening at Bryant Park?",57,6483e074-b3f5-4f37-7844-6ed1ca8330d6
13,"What's happening at Bryant Park?",58,14b3e41d-c4ed-a39d-82b7-95fc724eeab8
13,"What's happening at Bryant Park?",59,2bf7178b-3d02-b367-d6c9-d0c7cb5775f9
13,"What's happening at Bryant Park?",60,9e2de9ee-5504-8017-d25b-389edfd2a90c
13,"What's happening at Bryant Park?",61,52a4f478-0dd7-421e-4fe3-bd62db7e6848
13,"What's happening at Bryant Park?",62,1adf0d47-5801-a7d1-7385-13926eaa2112
13,"What's happening at Bryant Park?",63,51c38721-7479-929f-a758-1c432d7ad4b8
13,"What's happening at Bryant Park?",64,d3400513-b404-e3ba-e0bb-f0c6168e0212
13,"What's happening at Bryant Park?",65,628af73c-84e0-21f6-2a2b-1700a86dff8c
13,"What's happening at Bryant Park?",66,05e515da-18d3-9144-3a92-40e1a6d918f2
13,"What's happening at Bryant Park?",67,db8d6fb7-8da6-2f11-34a3-77dd3eab94ee
13,"What's happening at Bryant Park?",68,7d566e19-8d8e-fcc1-dd47-da5aa4daac90
13,"What's happening at Bryant Park?",69,0c40bb28-27f6-165d-2e06-4b92b549442d
13,"What's happening at Bryant Park?",70,df699610-4e77-1cd8-bcc9-d37dc59bcb33
13,"What's happening at Bryant Park?",71,a1ca0675-b0f1-6219-c6d2-f3da08c8e362
13,"What's happening at Bryant Park?",72,fee6b9cc-af04-53e2-5da3-a30957c3b5bf
13,"What's happening at Bryant Park?",73,b835a9ea-a3db-1d27-8da9-698e166deaa2
13,"What's happening at Bryant Park?",74,3581f6f9-d74f-2930-7cbf-82903d7fd9b4
13,"What's happening at Bryant Park?",75,1cb0c42d-f7a5-3ef3-9dde-ab757fa88e8a
13,"What's happening at Bryant Park?",76,ad79d119-109e-69c9-5430-1d199d56ffff
13,"What's happening at Bryant Park?",77,83c985e8-660e-c22a-71c6-ff88c374674b
13,"What's happening at Bryant Park?",78,728ae5d1-3b04-57a6-c146-9b3970a63262
13,"What's happening at Bryant Park?",79,3dde2e19-b29d-233f-3dbb-1f9c26e68eb8
13,"What's happening at Bryant Park?",80,a52abfb3-38fa-fe57-ad45-4590f74763f4
13,"What's happening at Bryant Park?",81,bade8a5e-111a-37e7-347c-210b6377224c
13,"What's happening at Bryant Park?",82,fd242173-cd37-577c-dc25-15bbd5ce0e32
13,"What's happening at Bryant Park?",83,82eb38ca-e25f-346d-fe06-bc45bf2bd53e
13,"What's happening at Bryant Park?",84,3e251a1f-d441-e3ec-9e0a-a1faa82dee60
13,"What's happening at Bryant Park?",85,d0252d77-7d6e-23a1-4533-1a9e510c0f53
13,"What's happening at Bryant Park?",86,85fd4591-8ad1-8cb1-84ab-fe41bb46bbb2
13,"What's happening at Bryant Park?",87,6e0bf96a-a433-b2cf-f21b-46ba4a3306d8
13,"What's happening at Bryant Park?",88,b06b3bd8-428a-ad94-ef65-bb289b455712
13,"What's happening at Bryant Park?",89,3cbca495-ac93-f11a-a78f-720794af29b7
13,"What's happening at Bryant Park?",90,8fee813c-e691-b1c7-0fbc-066d0e733ebb
13,"What's happening at Bryant Park?",91,4a641acd-3948-b9dc-28ba-0800ddfdea5d
13,"What's happening at Bryant Park?",92,c500fa33-c1ad-f30e-fa76-c88d29b15e91
13,"What's happening at Bryant Park?",93,9ad48c1e-d585-e3cb-98f2-556988d0b1d7
13,"What's happening at Bryant Park?",94,d32e1ec5-b230-cf3f-a007-1ddfc1d165c0
13,"What's happening at Bryant Park?",95,abc61b48-2dfc-6f08-5d66-0ca28cc8e0f5
13,"What's happening at Bryant Park?",96,3732c5a8-e63f-4959-881e-5a030b1690d0
13,"What's happening at Bryant Park?",97,865b15bf-64fd-f5e7-2bfd-5476b2dabc49
13,"What's happening at Bryant Park?",98,50365900-1038-c957-51fd-13f3042b128f
13,"What's happening at Bryant Park?",99,63b4439c-c00f-4e85-f940-4a0b5d25340d
13,"What's happening at Bryant Park?",100,66818faa-ea8d-00b9-bcd1-4271a35d93db
13,"What's happening at Bryant Park?",101,fe239f23-b422-097f-ca1a-c8d354e59937
13,"What's happening at Bryant Park?",102,6cc59e2c-cfc3-1d52-34e2-5e7fb53da047
13,"What's happening at Bryant Park?",103,4f4bf320-9cc9-9804-5abd-f9b2f1ad7ea8
13,"What's happening at Bryant Park?",104,983b59c9-c007-5732-1148-ab2e2af2fe2f
13,"What's happening at Bryant Park?",105,af9c5271-0501-83b1-c93f-45a91c3eb973
13,"What's happening at Bryant Park?",106,4e1eb9a8-cdef-8cbc-f99e-ca372a796017
13,"What's happening at Bryant Park?",107,74476dbd-d596-cc09-8622-7e52c1111a74
13,"What's happening at Bryant Park?",108,c8f829b9-53ef-de0b-9470-663bf51989e3
13,"What's happening at Bryant Park?",109,9cf6afb7-6737-16c2-683f-f0988ad19ffa
13,"What's happening at Bryant Park?",110,7cc03fa6-ef47-95b3-103b-7b9a5e877c1a
13,"What's happening at Bryant Park?",111,dc957c37-f21c-a287-1855-c7318197934c
13,"What's happening at Bryant Park?",112,73416917-af96-5336-a360-2f3d3986c272
13,"What's happening at Bryant Park?",113,329e9878-b3fa-998d-9d87-b877a5e0f2a0
13,"What's happening at Bryant Park?",114,10aa49d9-7694-0825-8501-69323db1f5d2
13,"What's happening at Bryant Park?",115,59ce3aaf-9fc1-633e-303a-c4e3ade889fd
13,"What's happening at Bryant Park?",116,3224ea40-526a-cd10-83de-7bc7c48642eb
13,"What's happening at Bryant Park?",117,a59027a7-34b8-e71a-118f-62760c4be1d0
13,"What's happening at Bryant Park?",118,43db1f46-e59e-bee4-83d5-840f2d848e4d
13,"What's happening at Bryant Park?",119,e58b9522-ac35-ce62-bf8a-e9d9e3268b40
13,"What's happening at Bryant Park?",120,e480d437-ad73-f108-8896-fe0bc2b706a8
13,"What's happening at Bryant Park?",121,779ecca6-a625-691c-9b09-69c963beb279
13,"What's happening at Bryant Park?",122,cca3c2fa-1f57-5a02-8da2-36a0fe9063a1
13,"What's happening at Bryant Park?",123,b93a6dc0-3c4e-b2a4-dd62-f43dc782e58f
13,"What's happening at Bryant Park?",124,b17ed4f9-f7ec-80ae-f005-ae96eb665739
13,"What's happening at Bryant Park?",125,19fc9dbb-edb3-48dd-9625-3e784a539842
13,"What's happening at Bryant Park?",126,e34a20bd-d7e6-1921-5562-29fcf73e2247
13,"What's happening at Bryant Park?",127,a4d63665-cdc3-126f-8a94-b8f6e267731c
13,"What's happening at Bryant Park?",128,16e2fa58-54e0-8500-b09f-2ceb22ced01e
13,"What's happening at Bryant Park?",129,9efc305f-2403-e356-9f7b-1b6acad9b19f
13,"What's happening at Bryant Park?",130,4b2a5242-7306-047b-8acc-342e60ff5c5b
13,"What's happening at Bryant Park?",131,6c1616d1-399f-0ad3-fcba-9427dbb0daea
13,"What's happening at Bryant Park?",132,44e0a09a-5e7f-b883-7665-3d32bd475b8b
13,"What's happening at Bryant Park?",133,f0f7a0db-c28a-ddeb-484c-5452068e53e7
13,"What's happening at Bryant Park?",134,dcbcb7e3-93d2-0be7-c1de-ac9296796cbc
13,"What's happening at Bryant Park?",135,32ebed19-f766-1a9b-8b61-e3dbef51fcf3
13,"What's happening at Bryant Park?",136,6418710b-2ea0-72e6-8595-e151019b385d
13,"What's happening at Bryant Park?",137,d48756a2-ddb4-fa26-d550-90a791013fc6
13,"What's happening at Bryant Park?",138,d8e74e10-db6d-b27b-52ad-9fe764c24d04
13,"What's happening at Bryant Park?",139,e86c0d50-aae8-a5f9-d729-bfc0eeb3acb6
13,"What's happening at Bryant Park?",140,b5f9390b-df1e-2498-9ec0-1abfef9ba2a6
13,"What's happening at Bryant Park?",141,1f345b4e-89f8-0be0-7ca8-f42e5cc5867d
13,"What's happening at Bryant Park?",142,f5bb56f8-4363-9bf6-ae2d-82b1ddb01930
13,"What's happening at Bryant Park?",143,9220ce1e-657e-fa58-7171-54be24971ec3
13,"What's happening at Bryant Park?",144,6126b555-4f33-84ee-30e5-7833e9da4e4e
13,"What's happening at Bryant Park?",145,eb570bb2-2dab-374b-be36-4659d6286fea
13,"What's happening at Bryant Park?",146,06ea9c61-5dac-f654-6348-77e8b8659024
13,"What's happening at Bryant Park?",147,27029a54-9b9f-5119-3c05-ea70fb25cf1a
13,"What's happening at Bryant Park?",148,860e65c6-2261-a1f5-d030-f375f231f536
13,"What's happening at Bryant Park?",149,036ca492-8b94-9302-a529-62fbb6d1e185
13,"What's happening at Bryant Park?",150,bc43ef4c-7099-0902-83db-87f3a0137de3
13,"What's happening at Bryant Park?",151,a08204a8-01bd-f111-e0ab-84d8ae9fb4a7
13,"What's happening at Bryant Park?",152,22065ce8-c1a2-483d-63a3-8b2ab48a235d
13,"What's happening at Bryant Park?",153,a381c4c9-c334-f39b-7cbc-f67da452832e
13,"What's happening at Bryant Park?",154,6f3baf38-daea-8ef1-90bd-f1c9bcb02073
13,"What's happening at Bryant Park?",155,e1ce61f6-ef01-448d-ad74-6952713434a1
13,"What's happening at Bryant Park?",156,4632fe90-3f94-55e4-ee73-e9cae46e56d6
13,"What's happening at Bryant Park?",157,6cd23ef6-184a-acc0-8008-1a0bd8a30f2c
13,"What's happening at Bryant Park?",158,fb8cad3d-5304-1d12-2bfc-7918551ff687
13,"What's happening at Bryant Park?",159,87095fd8-ff8f-68d8-2fff-6538d15da977
13,"What's happening at Bryant Park?",160,63334646-8d46-cdf7-84c0-0d8b2c5e6cca
14,"I want to volunteer and give back to the community",1,9e0c79d3-f989-8865-d136-3a1824c49e13
14,"I want to volunteer and give back to the community",2,addee137-39dc-4459-ac41-0c22b5f3e888
14,"I want to volunteer and give back to the community",3,a6e296a4-26c5-9303-8dc4-b283e87fef5f
14,"I want to volunteer and give back to the community",4,c8dc6d7e-51e9-1853-1844-7429009b7b9f
14,"I want to volunteer and give back to the community",5,130e69f8-1d16-a1f2-1a01-10e5c301940f
14,"I want to volunteer and give back to the community",6,6c1616d1-399f-0ad3-fcba-9427dbb0daea
14,"I want to volunteer and give back to the community",7,983b59c9-c007-5732-1148-ab2e2af2fe2f
14,"I want to volunteer and give back to the community",8,e8a68df7-9434-03ba-f6bf-643f3ac59b44
14,"I want to volunteer and give back to the community",9,b86d3afb-342d-4e55-d1c7-e4dcabaf33e0
14,"I want to volunteer and give back to the community",10,5d90601b-7768-a1ab-8660-b929c3b26460
14,"I want to volunteer and give back to the community",11,632def64-10d9-9cee-ac95-3c3276554e25
14,"I want to volunteer and give back to the community",12,f80f7103-8412-3c80-9873-c36a089297a0
14,"I want to volunteer and give back to the community",13,9075d494-c8b6-453d-78b3-7de4802faaa7
14,"I want to volunteer and give back to the community",14,e51a4ddf-f9cc-5c7a-5513-fa4094e24003
14,"I want to volunteer and give back to the community",15,c8f829b9-53ef-de0b-9470-663bf51989e3
14,"I want to volunteer and give back to the community",16,b17ed4f9-f7ec-80ae-f005-ae96eb665739
14,"I want to volunteer and give back to the community",17,aba001d4-2e57-f146-a452-063776a83714
14,"I want to volunteer and give back to the community",18,e142b5fc-3991-84fb-dc10-304c76ee9722
14,"I want to volunteer and give back to the community",19,27e499b9-35c2-c44d-4bde-77e249cc5de2
14,"I want to volunteer and give back to the community",20,3dde2e19-b29d-233f-3dbb-1f9c26e68eb8
14,"I want to volunteer and give back to the community",21,68a6026d-5fe0-0c25-d551-64d6c746a985
14,"I want to volunteer and give back to the community",22,73416917-af96-5336-a360-2f3d3986c272
14,"I want to volunteer and give back to the community",23,6cccfca3-6842-3d7a-7b64-d9f19b312ed3
14,"I want to volunteer and give back to the community",24,50365900-1038-c957-51fd-13f3042b128f
14,"I want to volunteer and give back to the community",25,d3900eec-934d-8984-a469-54e23466866c
14,"I want to volunteer and give back to the community",26,4835cc37-3f94-2c2d-29a2-d6e1001767b5
14,"I want to volunteer and give back to the community",27,0a18dffe-7a63-6dc0-46c1-ca9e93aadbf1
14,"I want to volunteer and give back to the community",28,66c8c624-972d-743b-a116-2d8412d424d9
14,"I want to volunteer and give back to the community",29,15cd3fb7-a7fc-1708-6bea-a501615ec532
14,"I want to volunteer and give back to the community",30,f2d9daf9-6171-12c5-378b-49daee2e07a3
14,"I want to volunteer and give back to the community",31,35e576a6-d6a0-1915-7649-bf1dbcaebcb7
14,"I want to volunteer and give back to the community",32,77c9c141-596a-4de6-2c88-8a7087a1f294
14,"I want to volunteer and give back to the community",33,4731de51-4fd8-c601-5198-de2ebda8ad48
14,"I want to volunteer and give back to the community",34,3983ee82-c752-5182-7a9b-eafdb9ff0d55
14,"I want to volunteer and give back to the community",35,ce493a09-de96-e81d-0c8f-d1bad76a9c4b
14,"I want to volunteer and give back to the community",36,e9c03592-2480-88c4-d62e-f7731e059f98
14,"I want to volunteer and give back to the community",37,72e70a70-fa21-ebac-bbf0-4c81ef997cb3
14,"I want to volunteer and give back to the community",38,4d994992-4e45-de56-6b9b-bef61b77439f
14,"I want to volunteer and give back to the community",39,ceaf1af0-3f35-68b0-8885-6be49c63a890
14,"I want to volunteer and give back to the community",40,08c3e541-1c6d-3735-7f07-586b9001d3e0
14,"I want to volunteer and give back to the community",41,16ba88b1-8200-36a0-53b1-9a26f16644f6
14,"I want to volunteer and give back to the community",42,ee2687f1-bd4b-bb2c-90c7-7a5b134d5aab
14,"I want to volunteer and give back to the community",43,519f9004-b3d2-0f4e-c2ec-64f381d5b78a
14,"I want to volunteer and give back to the community",44,e1aa20c4-90fe-e8a7-925a-ff17f1edb48b
14,"I want to volunteer and give back to the community",45,0d5a099e-5133-eb13-083e-41e523ab060f
14,"I want to volunteer and give back to the community",46,530b297f-e6ba-5820-b4b4-db0a0cbaa7c6
14,"I want to volunteer and give back to the community",47,a52abfb3-38fa-fe57-ad45-4590f74763f4
14,"I want to volunteer and give back to the community",48,d4e8f62b-2f0a-7238-1a78-6cd602d66f1b
14,"I want to volunteer and give back to the community",49,e1ce61f6-ef01-448d-ad74-6952713434a1
14,"I want to volunteer and give back to the community",50,c186cfc7-3d94-1c14-d752-f113847495a2
14,"I want to volunteer and give back to the community",51,4f952b8a-b5d2-2b49-1026-8f3ab039f6c3
14,"I want to volunteer and give back to the community",52,af8c9f26-4cbc-2414-34e8-765d1a7a801c
14,"I want to volunteer and give back to the community",53,e9422506-4503-3137-9de9-8f25de881dfc
14,"I want to volunteer and give back to the community",54,6cc59e2c-cfc3-1d52-34e2-5e7fb53da047
14,"I want to volunteer and give back to the community",55,fe19477a-0f43-b5a1-adbb-83ed2e80a941
14,"I want to volunteer and give back to the community",56,9435d95e-a50a-35b1-9a4c-df4d3411da0d
14,"I want to volunteer and give back to the community",57,b1f214fd-611d-a1e6-d610-d51c2bcf735c
14,"I want to volunteer and give back to the community",58,39cb07be-3270-182f-f7d8-89392d3eef7b
14,"I want to volunteer and give back to the community",59,01d68a2a-1d82-0abd-d200-fcee3523027b
14,"I want to volunteer and give back to the community",60,8dc921ed-2d27-1268-31c8-8cfc66352dac
14,"I want to volunteer and give back to the community",61,a1ca0675-b0f1-6219-c6d2-f3da08c8e362
14,"I want to volunteer and give back to the community",62,0e696d8d-99e3-b950-8319-ab67263a18e1
14,"I want to volunteer and give back to the community",63,d86f9c38-a2d7-e755-d54e-58c06ca56a01
14,"I want to volunteer and give back to the community",64,d32e1ec5-b230-cf3f-a007-1ddfc1d165c0
14,"I want to volunteer and give back to the community",65,44de4add-cfc4-8468-cd3e-4cda8629489c
14,"I want to volunteer and give back to the community",66,bade8a5e-111a-37e7-347c-210b6377224c
14,"I want to volunteer and give back to the community",67,b5bbc425-550d-c332-9a69-fb5fdafd13c0
14,"I want to volunteer and give back to the community",68,41b43fff-d7c5-78b9-fc0c-6683ce301c8b
14,"I want to volunteer and give back to the community",69,efb60b24-875f-6b45-3031-3e4c21200eab
14,"I want to volunteer and give back to the community",70,6647d1e0-89cf-96c6-a0ee-b7ddcd1e7aae
14,"I want to volunteer and give back to the community",71,d0252d77-7d6e-23a1-4533-1a9e510c0f53
14,"I want to volunteer and give back to the community",72,0b0cb487-1fa3-ba55-6a5c-18c131a043a3
14,"I want to volunteer and give back to the community",73,51421ed1-6d7a-4dcd-d70d-dd9658f6099b
14,"I want to volunteer and give back to the community",74,6b414483-0c8f-7a00-1f5c-d953ca3d8c45
14,"I want to volunteer and give back to the community",75,ffcb7494-7903-4efc-5a3e-e3cff475e674
14,"I want to volunteer and give back to the community",76,1e02e650-6c5b-063d-94d5-5004567dc286
14,"I want to volunteer and give back to the community",77,1bbdbbde-6169-bf74-4f73-3cd4f059bd70
14,"I want to volunteer and give back to the community",78,75fd3a7c-40ca-7a25-3659-4b3b19c4c284
14,"I want to volunteer and give back to the community",79,feedecf3-5ec8-bb57-3fa1-a3b42409af66
14,"I want to volunteer and give back to the community",80,bce61be8-dfad-ace9-3608-322e8929f3c1
14,"I want to volunteer and give back to the community",81,cbd6ede1-1664-9bc7-f8d7-7a7401044487
14,"I want to volunteer and give back to the community",82,b93a6dc0-3c4e-b2a4-dd62-f43dc782e58f
14,"I want to volunteer and give back to the community",83,c1cc1911-9abf-ae27-c7a4-b766a316dfda
14,"I want to volunteer and give back to the community",84,9b0ade7f-89ed-df30-80fc-1ff053dd894e
14,"I want to volunteer and give back to the community",85,58ada665-4b53-a06d-dc21-c26122f461ab
14,"I want to volunteer and give back to the community",86,313e308c-47bd-31a8-4e44-6b2cd75bcea7
14,"I want to volunteer and give back to the community",87,1304d3ba-49d8-8747-b70d-63c43f10819f
14,"I want to volunteer and give back to the community",88,21400fcd-7dd9-7aac-ad2c-a95ff8824d44
14,"I want to volunteer and give back to the community",89,13fca318-7619-0605-8fdd-0139b2978224
14,"I want to volunteer and give back to the community",90,85fd4591-8ad1-8cb1-84ab-fe41bb46bbb2
14,"I want to volunteer and give back to the community",91,d54f531e-8e0e-32b4-1a48-9a245305a3c1
14,"I want to volunteer and give back to the community",92,eb570bb2-2dab-374b-be36-4659d6286fea
14,"I want to volunteer and give back to the community",93,91240817-d831-8bdb-dfb4-18bddb5d6d24
14,"I want to volunteer and give back to the community",94,d2f43234-bffc-731e-137b-88337b0bedcd
14,"I want to volunteer and give back to the community",95,c500fa33-c1ad-f30e-fa76-c88d29b15e91
14,"I want to volunteer and give back to the community",96,13f456e6-2ae4-7d8f-8348-33528456b69d
14,"I want to volunteer and give back to the community",97,2fb48cd2-3c5c-5fdc-ee66-fed2370ad25e
14,"I want to volunteer and give back to the community",98,710e8823-bb13-c4ea-60ba-13a4808bb707
14,"I want to volunteer and give back to the community",99,1123519b-eaad-1c24-7e58-523c781832e6
14,"I want to volunteer and give back to the community",100,c334df7f-644d-42ce-01b7-c383644d14dd
14,"I want to volunteer and give back to the community",101,0f5fd85c-3ce8-8db6-de89-9d2e6e3c9540
14,"I want to volunteer and give back to the community",102,0b5de573-a15a-3d27-6390-93380669bd67
14,"I want to volunteer and give back to the community",103,aa98f9ad-557c-2b84-967b-07503a5b3f96
14,"I want to volunteer and give back to the community",104,0b5941e6-35bf-aec7-11a8-6599ed9d06d4
14,"I want to volunteer and give back to the community",105,3cbca495-ac93-f11a-a78f-720794af29b7
14,"I want to volunteer and give back to the community",106,d415d8a3-9239-4bd4-3e08-59461ff95414
14,"I want to volunteer and give back to the community",107,301a250b-eed4-4616-bb59-ab39676e0277
14,"I want to volunteer and give back to the community",108,3289d7f5-eb61-65f4-c255-454e0490150c
14,"I want to volunteer and give back to the community",109,4b7eb04f-3faf-39f6-9b20-f3373effe3a4
14,"I want to volunteer and give back to the community",110,5ff8ad4f-f3fb-c280-8bf3-052ecd976a8c
14,"I want to volunteer and give back to the community",111,19fc9dbb-edb3-48dd-9625-3e784a539842
14,"I want to volunteer and give back to the community",112,9cf6afb7-6737-16c2-683f-f0988ad19ffa
14,"I want to volunteer and give back to the community",113,2a422e3e-ad12-8548-db3d-325dd9355072
14,"I want to volunteer and give back to the community",114,a59027a7-34b8-e71a-118f-62760c4be1d0
14,"I want to volunteer and give back to the community",115,b5f9390b-df1e-2498-9ec0-1abfef9ba2a6
14,"I want to volunteer and give back to the community",116,8177e409-2826-7f41-8027-aa6ad22d3e45
14,"I want to volunteer and give back to the community",117,5c184e0b-e443-cc4f-6610-8d226b944e71
14,"I want to volunteer and give back to the community",118,19b777d0-cf88-9b35-19df-c406bcd3910d
14,"I want to volunteer and give back to the community",119,6cac0c5f-e048-d50b-e05a-63463009b0af
14,"I want to volunteer and give back to the community",120,761faee1-eae4-0678-13aa-6a46d611e206
14,"I want to volunteer and give back to the community",121,7128204d-a474-c210-c381-776af0773eec
14,"I want to volunteer and give back to the community",122,73ccac23-6a36-9477-bf0e-a516a2eee65f
14,"I want to volunteer and give back to the community",123,ae4254a6-b22b-bf3e-e8fd-73b8269763cc
14,"I want to volunteer and give back to the community",124,3b4a24c9-91b3-5119-f68c-283c6def1bc3
14,"I want to volunteer and give back to the community",125,f30807ca-276a-55fb-119e-dae5ee0ad500
14,"I want to volunteer and give back to the community",126,b65fe333-29bf-6067-345e-7505a71db6fb
14,"I want to volunteer and give back to the community",127,96f46f0d-7cd8-877a-bd8b-c266ea7edcd9
14,"I want to volunteer and give back to the community",128,169933dc-94af-8cae-ea77-e20da0cf9c0d
14,"I want to volunteer and give back to the community",129,c5693a92-c8e7-a402-5dc0-cf2f6a51fd0c
14,"I want to volunteer and give back to the community",130,95cb1f5c-cdbb-6c20-0ad4-a2b526ffa11c
14,"I want to volunteer and give back to the community",131,6a410d8f-4b7c-2577-d682-3f44614d4078
14,"I want to volunteer and give back to the community",132,9601c760-9392-e088-a67e-aaa18153e694
14,"I want to volunteer and give back to the community",133,bcba8349-6609-70c6-52b7-18f72938d5d7
14,"I want to volunteer and give back to the community",134,6418710b-2ea0-72e6-8595-e151019b385d
14,"I want to volunteer and give back to the community",135,e34a20bd-d7e6-1921-5562-29fcf73e2247
14,"I want to volunteer and give back to the community",136,616e86d3-a8e8-3ea5-2fa2-81bb49beaeec
14,"I want to volunteer and give back to the community",137,05e515da-18d3-9144-3a92-40e1a6d918f2
14,"I want to volunteer and give back to the community",138,20e48eca-5478-8d62-0546-8be37a11af2d
14,"I want to volunteer and give back to the community",139,c8bbc0a6-7247-713c-dd63-cae057db2154
14,"I want to volunteer and give back to the community",140,4e1eb9a8-cdef-8cbc-f99e-ca372a796017
14,"I want to volunteer and give back to the community",141,65a0b25a-683a-1364-4b05-bb7f8ad1e90e
14,"I want to volunteer and give back to the community",142,728ae5d1-3b04-57a6-c146-9b3970a63262
14,"I want to volunteer and give back to the community",143,53a0c82b-edc8-2ff7-74f0-b2807fd1ed92
14,"I want to volunteer and give back to the community",144,7589ecaf-80f5-9d44-af7a-6156cd81a0c4
14,"I want to volunteer and give back to the community",145,d48756a2-ddb4-fa26-d550-90a791013fc6
14,"I want to volunteer and give back to the community",146,6cd23ef6-184a-acc0-8008-1a0bd8a30f2c
14,"I want to volunteer and give back to the community",147,f9dbce26-9a17-6e9c-993a-a7b37203ee48
14,"I want to volunteer and give back to the community",148,4258b175-b0a7-c980-6739-aea704048854
14,"I want to volunteer and give back to the community",149,44d9598c-e5e5-24bf-cb82-c3f55bdea0cf
14,"I want to volunteer and give back to the community",150,8be67cca-54ff-9279-9d5a-b1a12e656187
14,"I want to volunteer and give back to the community",151,7d25101b-9bdb-5903-aaa5-b0c572820e39
14,"I want to volunteer and give back to the community",152,0ade51c9-7cca-2848-2928-b8fab5a052c5
14,"I want to volunteer and give back to the community",153,75c3a8b0-65ef-b9e0-cc52-7f404445e30f
14,"I want to volunteer and give back to the community",154,1b5926ed-70cf-1f1e-86af-a3b535460a9d
14,"I want to volunteer and give back to the community",155,7954c2ff-1994-35a2-8ba0-59bbdab08868
14,"I want to volunteer and give back to the community",156,572b1c73-28ff-1b8e-179c-93014b623ecc
14,"I want to volunteer and give back to the community",157,87095fd8-ff8f-68d8-2fff-6538d15da977
14,"I want to volunteer and give back to the community",158,58ca23a8-6e16-3a85-8cb1-7c5d9ffda20e
14,"I want to volunteer and give back to the community",159,820ebb62-a7ff-a8b2-72cd-a0914779e710
14,"I want to volunteer and give back to the community",160,5cc6fa94-ba85-26f3-732b-8bdd67b76a9a
15,"Find me something happening near the waterfront or by the water",1,acc56d70-3f69-4388-7377-d3e11ab3658f
15,"Find me something happening near the waterfront or by the water",2,865b15bf-64fd-f5e7-2bfd-5476b2dabc49
15,"Find me something happening near the waterfront or by the water",3,b0105eb8-cdbe-ccb7-fc84-736120b3aa88
15,"Find me something happening near the waterfront or by the water",4,679dd576-95c7-dc37-a608-2fd3e234e385
15,"Find me something happening near the waterfront or by the water",5,53a0c82b-edc8-2ff7-74f0-b2807fd1ed92
15,"Find me something happening near the waterfront or by the water",6,d0252d77-7d6e-23a1-4533-1a9e510c0f53
15,"Find me something happening near the waterfront or by the water",7,3a967291-e244-0a2e-400c-49dc8d1c60e1
15,"Find me something happening near the waterfront or by the water",8,ee798654-fd9e-9698-51f2-97c12705d7fd
15,"Find me something happening near the waterfront or by the water",9,e34a20bd-d7e6-1921-5562-29fcf73e2247
15,"Find me something happening near the waterfront or by the water",10,6418710b-2ea0-72e6-8595-e151019b385d
15,"Find me something happening near the waterfront or by the water",11,bcba8349-6609-70c6-52b7-18f72938d5d7
15,"Find me something happening near the waterfront or by the water",12,df699610-4e77-1cd8-bcc9-d37dc59bcb33
15,"Find me something happening near the waterfront or by the water",13,d48756a2-ddb4-fa26-d550-90a791013fc6
15,"Find me something happening near the waterfront or by the water",14,0b5941e6-35bf-aec7-11a8-6599ed9d06d4
15,"Find me something happening near the waterfront or by the water",15,1b5926ed-70cf-1f1e-86af-a3b535460a9d
15,"Find me something happening near the waterfront or by the water",16,51c38721-7479-929f-a758-1c432d7ad4b8
15,"Find me something happening near the waterfront or by the water",17,9338c045-58a2-f2fb-e745-87b6cec9b8f8
15,"Find me something happening near the waterfront or by the water",18,e7a9ff71-2d63-db6a-a824-0cba046d7b56
15,"Find me something happening near the waterfront or by the water",19,9ea168ff-618e-ff06-6523-65f4936e3f9f
15,"Find me something happening near the waterfront or by the water",20,728ae5d1-3b04-57a6-c146-9b3970a63262
15,"Find me something happening near the waterfront or by the water",21,6e0bf96a-a433-b2cf-f21b-46ba4a3306d8
15,"Find me something happening near the waterfront or by the water",22,b835a9ea-a3db-1d27-8da9-698e166deaa2
15,"Find me something happening near the waterfront or by the water",23,51421ed1-6d7a-4dcd-d70d-dd9658f6099b
15,"Find me something happening near the waterfront or by the water",24,c334df7f-644d-42ce-01b7-c383644d14dd
15,"Find me something happening near the waterfront or by the water",25,2c7730da-effb-760c-f892-c7f7ee22fbd4
15,"Find me something happening near the waterfront or by the water",26,89b77fed-45f4-0a4f-ea5b-75613d2a95ee
15,"Find me something happening near the waterfront or by the water",27,19b777d0-cf88-9b35-19df-c406bcd3910d
15,"Find me something happening near the waterfront or by the water",28,8557d8b9-0c70-352b-ab99-58e696ff408f
15,"Find me something happening near the waterfront or by the water",29,e0f29cce-04cb-7a31-23cb-38a538954df5
15,"Find me something happening near the waterfront or by the water",30,e8a68df7-9434-03ba-f6bf-643f3ac59b44
15,"Find me something happening near the waterfront or by the water",31,96f46f0d-7cd8-877a-bd8b-c266ea7edcd9
15,"Find me something happening near the waterfront or by the water",32,9ad48c1e-d585-e3cb-98f2-556988d0b1d7
15,"Find me something happening near the waterfront or by the water",33,d2f90b4a-18c4-d284-7f88-0a882e8df305
15,"Find me something happening near the waterfront or by the water",34,4f4bf320-9cc9-9804-5abd-f9b2f1ad7ea8
15,"Find me something happening near the waterfront or by the water",35,20d75837-17dc-3dd5-ddb0-3edf1c3bc675
15,"Find me something happening near the waterfront or by the water",36,9ed3f4e2-334a-5b20-c7c2-acaceda051c8
15,"Find me something happening near the waterfront or by the water",37,8c9277b5-7020-06da-214d-6f00256874f0
15,"Find me something happening near the waterfront or by the water",38,676f2f53-c1fe-8d46-b300-a392eee1df3a
15,"Find me something happening near the waterfront or by the water",39,0c40bb28-27f6-165d-2e06-4b92b549442d
15,"Find me something happening near the waterfront or by the water",40,923a06cb-4dc0-3871-14f7-76f05e3ab149
15,"Find me something happening near the waterfront or by the water",41,130e69f8-1d16-a1f2-1a01-10e5c301940f
15,"Find me something happening near the waterfront or by the water",42,7bfd085f-10a7-fda1-a532-c6399673a4b0
15,"Find me something happening near the waterfront or by the water",43,ce493a09-de96-e81d-0c8f-d1bad76a9c4b
15,"Find me something happening near the waterfront or by the water",44,4d6add26-da1e-323d-ef23-a5f303c9600d
15,"Find me something happening near the waterfront or by the water",45,27029a54-9b9f-5119-3c05-ea70fb25cf1a
15,"Find me something happening near the waterfront or by the water",46,a381c4c9-c334-f39b-7cbc-f67da452832e
15,"Find me something happening near the waterfront or by the water",47,3224ea40-526a-cd10-83de-7bc7c48642eb
15,"Find me something happening near the waterfront or by the water",48,fd242173-cd37-577c-dc25-15bbd5ce0e32
15,"Find me something happening near the waterfront or by the water",49,08c3e541-1c6d-3735-7f07-586b9001d3e0
15,"Find me something happening near the waterfront or by the water",50,e1ce61f6-ef01-448d-ad74-6952713434a1
15,"Find me something happening near the waterfront or by the water",51,6cd23ef6-184a-acc0-8008-1a0bd8a30f2c
15,"Find me something happening near the waterfront or by the water",52,fb8cad3d-5304-1d12-2bfc-7918551ff687
15,"Find me something happening near the waterfront or by the water",53,43db1f46-e59e-bee4-83d5-840f2d848e4d
15,"Find me something happening near the waterfront or by the water",54,32ebed19-f766-1a9b-8b61-e3dbef51fcf3
15,"Find me something happening near the waterfront or by the water",55,b93a6dc0-3c4e-b2a4-dd62-f43dc782e58f
15,"Find me something happening near the waterfront or by the water",56,f749b607-9d08-a926-659e-d3f1fb666aa1
15,"Find me something happening near the waterfront or by the water",57,59ce3aaf-9fc1-633e-303a-c4e3ade889fd
15,"Find me something happening near the waterfront or by the water",58,ceae4951-c96f-47e2-7cb2-3f893d73fb20
15,"Find me something happening near the waterfront or by the water",59,90d48d80-14ea-f66a-efed-6edf36762240
15,"Find me something happening near the waterfront or by the water",60,4f3969e8-fdef-1e43-8938-42c0d3b6326a
15,"Find me something happening near the waterfront or by the water",61,8be67cca-54ff-9279-9d5a-b1a12e656187
15,"Find me something happening near the waterfront or by the water",62,dc957c37-f21c-a287-1855-c7318197934c
15,"Find me something happening near the waterfront or by the water",63,6483e074-b3f5-4f37-7844-6ed1ca8330d6
15,"Find me something happening near the waterfront or by the water",64,52a4f478-0dd7-421e-4fe3-bd62db7e6848
15,"Find me something happening near the waterfront or by the water",65,519f9004-b3d2-0f4e-c2ec-64f381d5b78a
15,"Find me something happening near the waterfront or by the water",66,e480d437-ad73-f108-8896-fe0bc2b706a8
15,"Find me something happening near the waterfront or by the water",67,14b3e41d-c4ed-a39d-82b7-95fc724eeab8
15,"Find me something happening near the waterfront or by the water",68,a1ca0675-b0f1-6219-c6d2-f3da08c8e362
15,"Find me something happening near the waterfront or by the water",69,f5bb56f8-4363-9bf6-ae2d-82b1ddb01930
15,"Find me something happening near the waterfront or by the water",70,b06b3bd8-428a-ad94-ef65-bb289b455712
15,"Find me something happening near the waterfront or by the water",71,bc43ef4c-7099-0902-83db-87f3a0137de3
15,"Find me something happening near the waterfront or by the water",72,1ef66e0b-4da0-c445-72c0-6211f390faae
15,"Find me something happening near the waterfront or by the water",73,4574e3a6-955c-9846-eb4a-0641fac7024c
15,"Find me something happening near the waterfront or by the water",74,75fd3a7c-40ca-7a25-3659-4b3b19c4c284
15,"Find me something happening near the waterfront or by the water",75,f20d1149-e489-46b3-7d37-278bea5dd5c3
15,"Find me something happening near the waterfront or by the water",76,a89838bf-dfd1-4063-304c-0b3e84aa5190
15,"Find me something happening near the waterfront or by the water",77,442b860a-5725-0e78-177a-6a2864963ee8
15,"Find me something happening near the waterfront or by the water",78,3dde2e19-b29d-233f-3dbb-1f9c26e68eb8
15,"Find me something happening near the waterfront or by the water",79,f0f7a0db-c28a-ddeb-484c-5452068e53e7
15,"Find me something happening near the waterfront or by the water",80,9f2a405d-92c6-3d90-151a-e71186647f95
15,"Find me something happening near the waterfront or by the water",81,af8ce1d6-6d10-f51b-d2c8-9761e9b089f2
15,"Find me something happening near the waterfront or by the water",82,632def64-10d9-9cee-ac95-3c3276554e25
15,"Find me something happening near the waterfront or by the water",83,a83c477b-51f8-6ac6-cffd-620edb90b6a3
15,"Find me something happening near the waterfront or by the water",84,3cbca495-ac93-f11a-a78f-720794af29b7
15,"Find me something happening near the waterfront or by the water",85,13bb238c-5e30-60f1-c10a-c5eef5e07ec9
15,"Find me something happening near the waterfront or by the water",86,013ef803-ed53-54fd-f174-57244346ec4c
15,"Find me something happening near the waterfront or by the water",87,e58b9522-ac35-ce62-bf8a-e9d9e3268b40
15,"Find me something happening near the waterfront or by the water",88,4ecb8916-1954-ad39-af55-e1d97e86b59a
15,"Find me something happening near the waterfront or by the water",89,d3900eec-934d-8984-a469-54e23466866c
15,"Find me something happening near the waterfront or by the water",90,a91a53ee-7997-9bdc-bfdf-2afd17d71c92
15,"Find me something happening near the waterfront or by the water",91,34b1e1be-95f6-5083-4771-02ffa64b4bb6
15,"Find me something happening near the waterfront or by the water",92,bade8a5e-111a-37e7-347c-210b6377224c
15,"Find me something happening near the waterfront or by the water",93,27e499b9-35c2-c44d-4bde-77e249cc5de2
15,"Find me something happening near the waterfront or by the water",94,66c8c624-972d-743b-a116-2d8412d424d9
15,"Find me something happening near the waterfront or by the water",95,1304d3ba-49d8-8747-b70d-63c43f10819f
15,"Find me something happening near the waterfront or by the water",96,1cb0c42d-f7a5-3ef3-9dde-ab757fa88e8a
15,"Find me something happening near the waterfront or by the water",97,c5693a92-c8e7-a402-5dc0-cf2f6a51fd0c
15,"Find me something happening near the waterfront or by the water",98,71907763-2967-6154-c7d4-b819a003c7eb
15,"Find me something happening near the waterfront or by the water",99,036ca492-8b94-9302-a529-62fbb6d1e185
15,"Find me something happening near the waterfront or by the water",100,ef6a2ed3-ef2b-ed61-8351-220a23035ee1
15,"Find me something happening near the waterfront or by the water",101,b86d3afb-342d-4e55-d1c7-e4dcabaf33e0
15,"Find me something happening near the waterfront or by the water",102,06fec95f-4717-99f2-fdd7-e907724ec2fe
15,"Find me something happening near the waterfront or by the water",103,5d90601b-7768-a1ab-8660-b929c3b26460
15,"Find me something happening near the waterfront or by the water",104,e142b5fc-3991-84fb-dc10-304c76ee9722
15,"Find me something happening near the waterfront or by the water",105,05e515da-18d3-9144-3a92-40e1a6d918f2
15,"Find me something happening near the waterfront or by the water",106,a08204a8-01bd-f111-e0ab-84d8ae9fb4a7
15,"Find me something happening near the waterfront or by the water",107,06ea9c61-5dac-f654-6348-77e8b8659024
15,"Find me something happening near the waterfront or by the water",108,6c1616d1-399f-0ad3-fcba-9427dbb0daea
15,"Find me something happening near the waterfront or by the water",109,16ba88b1-8200-36a0-53b1-9a26f16644f6
15,"Find me something happening near the waterfront or by the water",110,cb12a15b-f521-8ae6-72bd-0bc8284f8556
15,"Find me something happening near the waterfront or by the water",111,4731de51-4fd8-c601-5198-de2ebda8ad48
15,"Find me something happening near the waterfront or by the water",112,df4f8afa-34c9-df53-82a3-23d5639a67b5
15,"Find me something happening near the waterfront or by the water",113,1e02e650-6c5b-063d-94d5-5004567dc286
15,"Find me something happening near the waterfront or by the water",114,e51a4ddf-f9cc-5c7a-5513-fa4094e24003
15,"Find me something happening near the waterfront or by the water",115,46240cc1-8f8c-3aff-157c-2553cbb7b95b
15,"Find me something happening near the waterfront or by the water",116,38f1c869-6fc9-a7be-0cc0-3d9fcb97579c
15,"Find me something happening near the waterfront or by the water",117,255f525e-b7e4-d616-691d-20e3c75b471b
15,"Find me something happening near the waterfront or by the water",118,addee137-39dc-4459-ac41-0c22b5f3e888
15,"Find me something happening near the waterfront or by the water",119,c684d95d-b726-2b01-8a46-f9a0e20f2035
15,"Find me something happening near the waterfront or by the water",120,f2cc6e39-8cc9-41d2-28e5-be712f0559eb
15,"Find me something happening near the waterfront or by the water",121,fee6b9cc-af04-53e2-5da3-a30957c3b5bf
15,"Find me something happening near the waterfront or by the water",122,b5bbc425-550d-c332-9a69-fb5fdafd13c0
15,"Find me something happening near the waterfront or by the water",123,dac8a4e0-8781-08af-5c07-40be5b00689f
15,"Find me something happening near the waterfront or by the water",124,8c2fc2ce-6a0d-26ed-dabe-01809d6f343a
15,"Find me something happening near the waterfront or by the water",125,983b59c9-c007-5732-1148-ab2e2af2fe2f
15,"Find me something happening near the waterfront or by the water",126,2c1aeefd-b2b4-4c1e-c78a-b4141d466f7b
15,"Find me something happening near the waterfront or by the water",127,1123519b-eaad-1c24-7e58-523c781832e6
15,"Find me something happening near the waterfront or by the water",128,8dc921ed-2d27-1268-31c8-8cfc66352dac
15,"Find me something happening near the waterfront or by the water",129,1eb0f0c1-9eaa-1744-abe8-85d0811a1228
15,"Find me something happening near the waterfront or by the water",130,96dc89d7-0b5c-fd6a-b8f7-e876030d7400
15,"Find me something happening near the waterfront or by the water",131,4835cc37-3f94-2c2d-29a2-d6e1001767b5
15,"Find me something happening near the waterfront or by the water",132,89fb7d8c-5c60-9650-e249-0801209cf49a
15,"Find me something happening near the waterfront or by the water",133,a6e296a4-26c5-9303-8dc4-b283e87fef5f
15,"Find me something happening near the waterfront or by the water",134,cc0c5e23-50cf-f7c2-d430-babca714b2dc
15,"Find me something happening near the waterfront or by the water",135,7c99ceb9-4f12-7d27-b2d8-e177e1bc0bd5
15,"Find me something happening near the waterfront or by the water",136,025e0b12-5202-e846-19b7-ceb9e3ffe08c
15,"Find me something happening near the waterfront or by the water",137,5cc6fa94-ba85-26f3-732b-8bdd67b76a9a
15,"Find me something happening near the waterfront or by the water",138,3bcffc43-a19c-d820-3739-12e8d7992bdd
15,"Find me something happening near the waterfront or by the water",139,abc61b48-2dfc-6f08-5d66-0ca28cc8e0f5
15,"Find me something happening near the waterfront or by the water",140,8fee813c-e691-b1c7-0fbc-066d0e733ebb
15,"Find me something happening near the waterfront or by the water",141,4cac9a30-72ac-af1a-288c-07f54ae4efa7
15,"Find me something happening near the waterfront or by the water",142,2f15d591-fc25-e69b-ce18-9d8fcc02b7ea
15,"Find me something happening near the waterfront or by the water",143,af18d9a4-0efd-fcfc-9466-96920367e468
15,"Find me something happening near the waterfront or by the water",144,63b4439c-c00f-4e85-f940-4a0b5d25340d
15,"Find me something happening near the waterfront or by the water",145,eb570bb2-2dab-374b-be36-4659d6286fea
15,"Find me something happening near the waterfront or by the water",146,499984ba-56ac-5503-06a9-8c720ab3a0b5
15,"Find me something happening near the waterfront or by the water",147,a91c0b37-35eb-4591-fe64-23c39b471965
15,"Find me something happening near the waterfront or by the water",148,c500fa33-c1ad-f30e-fa76-c88d29b15e91
15,"Find me something happening near the waterfront or by the water",149,b025d77d-0acb-7068-18d6-a85473cdcc2c
15,"Find me something happening near the waterfront or by the water",150,c8dc6d7e-51e9-1853-1844-7429009b7b9f
15,"Find me something happening near the waterfront or by the water",151,6e147e2a-9c3b-5b17-1245-940178f81d99
15,"Find me something happening near the waterfront or by the water",152,b99ce3aa-3fc8-0782-e184-2891c5b552aa
15,"Find me something happening near the waterfront or by the water",153,5c184e0b-e443-cc4f-6610-8d226b944e71
15,"Find me something happening near the waterfront or by the water",154,e0392fa4-81f0-8696-1192-ba3c8d950559
15,"Find me something happening near the waterfront or by the water",155,44de4add-cfc4-8468-cd3e-4cda8629489c
15,"Find me something happening near the waterfront or by the water",156,a59027a7-34b8-e71a-118f-62760c4be1d0
15,"Find me something happening near the waterfront or by the water",157,2bf7178b-3d02-b367-d6c9-d0c7cb5775f9
15,"Find me something happening near the waterfront or by the water",158,b348f22a-b0f4-bcb7-eae5-4d320a7b06e6
15,"Find me something happening near the waterfront or by the water",159,756ca37c-d7ef-da47-9b29-62517f92b696
15,"Find me something happening near the waterfront or by the water",160,85fd4591-8ad1-8cb1-84ab-fe41bb46bbb2
16,"Something cultural and unique that most tourists wouldn't know about",1,a1ca0675-b0f1-6219-c6d2-f3da08c8e362
16,"Something cultural and unique that most tourists wouldn't know about",2,929a4f78-70cf-fb60-e7a5-4263dd45ec86
16,"Something cultural and unique that most tourists wouldn't know about",3,06ea9c61-5dac-f654-6348-77e8b8659024
16,"Something cultural and unique that most tourists wouldn't know about",4,9ce9cd61-d1a5-5a62-ef1b-be427d9c054b
16,"Something cultural and unique that most tourists wouldn't know about",5,33b13dc9-3ecb-79aa-80e8-ec1914076ede
16,"Something cultural and unique that most tourists wouldn't know about",6,d4c44f2f-cc47-0c33-3155-e57fe22e4a95
16,"Something cultural and unique that most tourists wouldn't know about",7,16e2fa58-54e0-8500-b09f-2ceb22ced01e
16,"Something cultural and unique that most tourists wouldn't know about",8,af18d9a4-0efd-fcfc-9466-96920367e468
16,"Something cultural and unique that most tourists wouldn't know about",9,e735ac83-704f-6683-c86a-68d117a7e493
16,"Something cultural and unique that most tourists wouldn't know about",10,6e147e2a-9c3b-5b17-1245-940178f81d99
16,"Something cultural and unique that most tourists wouldn't know about",11,9435d95e-a50a-35b1-9a4c-df4d3411da0d
16,"Something cultural and unique that most tourists wouldn't know about",12,7287f36a-cd23-f137-75fe-0673d2df3a6f
16,"Something cultural and unique that most tourists wouldn't know about",13,e29b6e84-37c6-0119-7e92-eaca480f6893
16,"Something cultural and unique that most tourists wouldn't know about",14,036ca492-8b94-9302-a529-62fbb6d1e185
16,"Something cultural and unique that most tourists wouldn't know about",15,7c99ceb9-4f12-7d27-b2d8-e177e1bc0bd5
16,"Something cultural and unique that most tourists wouldn't know about",16,661217b2-fd1c-2c42-a828-b5621b42346b
16,"Something cultural and unique that most tourists wouldn't know about",17,86d1433e-c575-9b3a-b3e8-35d75ff0d1b9
16,"Something cultural and unique that most tourists wouldn't know about",18,2c1aeefd-b2b4-4c1e-c78a-b4141d466f7b
16,"Something cultural and unique that most tourists wouldn't know about",19,53b49c9b-b835-d49f-03fe-99e114b61590
16,"Something cultural and unique that most tourists wouldn't know about",20,82eb38ca-e25f-346d-fe06-bc45bf2bd53e
16,"Something cultural and unique that most tourists wouldn't know about",21,05e515da-18d3-9144-3a92-40e1a6d918f2
16,"Something cultural and unique that most tourists wouldn't know about",22,8c9277b5-7020-06da-214d-6f00256874f0
16,"Something cultural and unique that most tourists wouldn't know about",23,09fe62a9-27d8-c70e-2574-3ecd179d7e14
16,"Something cultural and unique that most tourists wouldn't know about",24,6cc59e2c-cfc3-1d52-34e2-5e7fb53da047
16,"Something cultural and unique that most tourists wouldn't know about",25,7cf23f22-b82e-c6a0-ce77-295440aec088
16,"Something cultural and unique that most tourists wouldn't know about",26,4fa28fa4-3be4-b56a-5561-919d71a393f1
16,"Something cultural and unique that most tourists wouldn't know about",27,ef6a2ed3-ef2b-ed61-8351-220a23035ee1
16,"Something cultural and unique that most tourists wouldn't know about",28,b93a6dc0-3c4e-b2a4-dd62-f43dc782e58f
16,"Something cultural and unique that most tourists wouldn't know about",29,d0252d77-7d6e-23a1-4533-1a9e510c0f53
16,"Something cultural and unique that most tourists wouldn't know about",30,676f2f53-c1fe-8d46-b300-a392eee1df3a
16,"Something cultural and unique that most tourists wouldn't know about",31,b1f214fd-611d-a1e6-d610-d51c2bcf735c
16,"Something cultural and unique that most tourists wouldn't know about",32,0b5941e6-35bf-aec7-11a8-6599ed9d06d4
16,"Something cultural and unique that most tourists wouldn't know about",33,89b77fed-45f4-0a4f-ea5b-75613d2a95ee
16,"Something cultural and unique that most tourists wouldn't know about",34,01d68a2a-1d82-0abd-d200-fcee3523027b
16,"Something cultural and unique that most tourists wouldn't know about",35,e6fb8080-2e6d-7408-dfc1-6453367c473a
16,"Something cultural and unique that most tourists wouldn't know about",36,d8434141-2de2-3cac-e27c-4fe8dcffad2a
16,"Something cultural and unique that most tourists wouldn't know about",37,73ccac23-6a36-9477-bf0e-a516a2eee65f
16,"Something cultural and unique that most tourists wouldn't know about",38,391198fc-ef3b-bab1-47d3-3326ff363913
16,"Something cultural and unique that most tourists wouldn't know about",39,3a967291-e244-0a2e-400c-49dc8d1c60e1
16,"Something cultural and unique that most tourists wouldn't know about",40,4eb0caca-c205-32d9-1757-117ee32bc834
16,"Something cultural and unique that most tourists wouldn't know about",41,afa5ceef-cc5c-3314-4b38-c1559d0bcd98
16,"Something cultural and unique that most tourists wouldn't know about",42,a9e65ecb-40da-74c6-c61a-57362d919f48
16,"Something cultural and unique that most tourists wouldn't know about",43,ee2687f1-bd4b-bb2c-90c7-7a5b134d5aab
16,"Something cultural and unique that most tourists wouldn't know about",44,f23a1623-9286-07a6-3bc4-fa5aff087ad2
16,"Something cultural and unique that most tourists wouldn't know about",45,f4da2d3b-f0dd-8fd0-85e8-e7b16436b1ce
16,"Something cultural and unique that most tourists wouldn't know about",46,d8e74e10-db6d-b27b-52ad-9fe764c24d04
16,"Something cultural and unique that most tourists wouldn't know about",47,05965acd-62e7-d0d7-98b4-e1f882888556
16,"Something cultural and unique that most tourists wouldn't know about",48,607a9fde-16ec-bf31-affb-f990591313b1
16,"Something cultural and unique that most tourists wouldn't know about",49,728ae5d1-3b04-57a6-c146-9b3970a63262
16,"Something cultural and unique that most tourists wouldn't know about",50,8460789d-3186-9b6c-194b-67d142af74b4
16,"Something cultural and unique that most tourists wouldn't know about",51,39cb07be-3270-182f-f7d8-89392d3eef7b
16,"Something cultural and unique that most tourists wouldn't know about",52,7ab29843-040b-8b9c-c73f-73a965a42dec
16,"Something cultural and unique that most tourists wouldn't know about",53,0b0cb487-1fa3-ba55-6a5c-18c131a043a3
16,"Something cultural and unique that most tourists wouldn't know about",54,b8cdb2af-faa1-8229-4126-b7a0b0950e6a
16,"Something cultural and unique that most tourists wouldn't know about",55,e7a9ff71-2d63-db6a-a824-0cba046d7b56
16,"Something cultural and unique that most tourists wouldn't know about",56,4528cb60-76b5-9efb-eafc-382e6924ca27
16,"Something cultural and unique that most tourists wouldn't know about",57,96dc89d7-0b5c-fd6a-b8f7-e876030d7400
16,"Something cultural and unique that most tourists wouldn't know about",58,0f5fd85c-3ce8-8db6-de89-9d2e6e3c9540
16,"Something cultural and unique that most tourists wouldn't know about",59,3581f6f9-d74f-2930-7cbf-82903d7fd9b4
16,"Something cultural and unique that most tourists wouldn't know about",60,756ca37c-d7ef-da47-9b29-62517f92b696
16,"Something cultural and unique that most tourists wouldn't know about",61,313e308c-47bd-31a8-4e44-6b2cd75bcea7
16,"Something cultural and unique that most tourists wouldn't know about",62,d2f90b4a-18c4-d284-7f88-0a882e8df305
16,"Something cultural and unique that most tourists wouldn't know about",63,91cd1c40-7665-aeb4-5029-570a1bccd777
16,"Something cultural and unique that most tourists wouldn't know about",64,679dd576-95c7-dc37-a608-2fd3e234e385
16,"Something cultural and unique that most tourists wouldn't know about",65,d4e8f62b-2f0a-7238-1a78-6cd602d66f1b
16,"Something cultural and unique that most tourists wouldn't know about",66,51c38721-7479-929f-a758-1c432d7ad4b8
16,"Something cultural and unique that most tourists wouldn't know about",67,75bed6c5-8265-1010-d675-3a36b406041a
16,"Something cultural and unique that most tourists wouldn't know about",68,0b5de573-a15a-3d27-6390-93380669bd67
16,"Something cultural and unique that most tourists wouldn't know about",69,58e6b1b0-43cc-d728-3463-0bc303b0bcbb
16,"Something cultural and unique that most tourists wouldn't know about",70,0c40bb28-27f6-165d-2e06-4b92b549442d
16,"Something cultural and unique that most tourists wouldn't know about",71,6a046a68-7cc8-4e6c-17e8-820de4fa9954
16,"Something cultural and unique that most tourists wouldn't know about",72,628af73c-84e0-21f6-2a2b-1700a86dff8c
16,"Something cultural and unique that most tourists wouldn't know about",73,8dc921ed-2d27-1268-31c8-8cfc66352dac
16,"Something cultural and unique that most tourists wouldn't know about",74,59ce3aaf-9fc1-633e-303a-c4e3ade889fd
16,"Something cultural and unique that most tourists wouldn't know about",75,62de876c-de99-a803-e9aa-7e8e6375c2d8
16,"Something cultural and unique that most tourists wouldn't know about",76,9338c045-58a2-f2fb-e745-87b6cec9b8f8
16,"Something cultural and unique that most tourists wouldn't know about",77,51421ed1-6d7a-4dcd-d70d-dd9658f6099b
16,"Something cultural and unique that most tourists wouldn't know about",78,710e8823-bb13-c4ea-60ba-13a4808bb707
16,"Something cultural and unique that most tourists wouldn't know about",79,8119f4a6-3d86-f4db-5064-f7514e8797d4
16,"Something cultural and unique that most tourists wouldn't know about",80,66c8c624-972d-743b-a116-2d8412d424d9
16,"Something cultural and unique that most tourists wouldn't know about",81,1adf0d47-5801-a7d1-7385-13926eaa2112
16,"Something cultural and unique that most tourists wouldn't know about",82,53a9228e-ffef-c9cc-b6eb-1676d2ba671c
16,"Something cultural and unique that most tourists wouldn't know about",83,5d084450-2dc6-1812-552c-6b2658971f76
16,"Something cultural and unique that most tourists wouldn't know about",84,458c9930-6682-fb42-a3a1-b68b2d8481c5
16,"Something cultural and unique that most tourists wouldn't know about",85,b348f22a-b0f4-bcb7-eae5-4d320a7b06e6
16,"Something cultural and unique that most tourists wouldn't know about",86,f20d1149-e489-46b3-7d37-278bea5dd5c3
16,"Something cultural and unique that most tourists wouldn't know about",87,3e6cdd58-a6b1-e8e7-da31-584294e9bf00
16,"Something cultural and unique that most tourists wouldn't know about",88,75119e74-6b42-21bd-fb2d-656814324e85
16,"Something cultural and unique that most tourists wouldn't know about",89,df1a2b65-a3e9-6caf-ebef-33e9f60d4097
16,"Something cultural and unique that most tourists wouldn't know about",90,a5b3a631-247c-f3cf-7037-478437fed91d
16,"Something cultural and unique that most tourists wouldn't know about",91,71f2a897-a6fe-1d44-9606-ffddb7a28026
16,"Something cultural and unique that most tourists wouldn't know about",92,e1aa20c4-90fe-e8a7-925a-ff17f1edb48b
16,"Something cultural and unique that most tourists wouldn't know about",93,08c3e541-1c6d-3735-7f07-586b9001d3e0
16,"Something cultural and unique that most tourists wouldn't know about",94,0e696d8d-99e3-b950-8319-ab67263a18e1
16,"Something cultural and unique that most tourists wouldn't know about",95,af8ce1d6-6d10-f51b-d2c8-9761e9b089f2
16,"Something cultural and unique that most tourists wouldn't know about",96,e0f29cce-04cb-7a31-23cb-38a538954df5
16,"Something cultural and unique that most tourists wouldn't know about",97,85fd4591-8ad1-8cb1-84ab-fe41bb46bbb2
16,"Something cultural and unique that most tourists wouldn't know about",98,923a06cb-4dc0-3871-14f7-76f05e3ab149
16,"Something cultural and unique that most tourists wouldn't know about",99,530b297f-e6ba-5820-b4b4-db0a0cbaa7c6
16,"Something cultural and unique that most tourists wouldn't know about",100,d4aee0fe-6bb6-f0b2-725f-d6354ec22d7c
16,"Something cultural and unique that most tourists wouldn't know about",101,2c7730da-effb-760c-f892-c7f7ee22fbd4
16,"Something cultural and unique that most tourists wouldn't know about",102,44de4add-cfc4-8468-cd3e-4cda8629489c
16,"Something cultural and unique that most tourists wouldn't know about",103,4e3791ca-d39a-c3b8-a167-b2324c2b493e
16,"Something cultural and unique that most tourists wouldn't know about",104,cb12a15b-f521-8ae6-72bd-0bc8284f8556
16,"Something cultural and unique that most tourists wouldn't know about",105,6f3baf38-daea-8ef1-90bd-f1c9bcb02073
16,"Something cultural and unique that most tourists wouldn't know about",106,f5bb56f8-4363-9bf6-ae2d-82b1ddb01930
16,"Something cultural and unique that most tourists wouldn't know about",107,b7832231-fc01-46f6-2e7c-361b789f778f
16,"Something cultural and unique that most tourists wouldn't know about",108,d86f9c38-a2d7-e755-d54e-58c06ca56a01
16,"Something cultural and unique that most tourists wouldn't know about",109,fb8cad3d-5304-1d12-2bfc-7918551ff687
16,"Something cultural and unique that most tourists wouldn't know about",110,a89838bf-dfd1-4063-304c-0b3e84aa5190
16,"Something cultural and unique that most tourists wouldn't know about",111,7ae77f63-c226-7519-4e3c-bbc130e348c0
16,"Something cultural and unique that most tourists wouldn't know about",112,fee6b9cc-af04-53e2-5da3-a30957c3b5bf
16,"Something cultural and unique that most tourists wouldn't know about",113,0eba4583-43a2-cfb2-4a58-6db7160b5038
16,"Something cultural and unique that most tourists wouldn't know about",114,b3133d73-c536-c159-5eff-b1ae026507f4
16,"Something cultural and unique that most tourists wouldn't know about",115,08d365f1-76e4-e458-a77a-282713b49af5
16,"Something cultural and unique that most tourists wouldn't know about",116,1721e3c3-d0bb-17de-92ad-a0c51ad7d523
16,"Something cultural and unique that most tourists wouldn't know about",117,7d0c3de6-7367-7f49-8dd9-58ec718cedff
16,"Something cultural and unique that most tourists wouldn't know about",118,2ff39fa2-0895-94f4-430e-7453b7769eaa
16,"Something cultural and unique that most tourists wouldn't know about",119,23c89b97-43b6-aae3-7cb8-840e41c7922a
16,"Something cultural and unique that most tourists wouldn't know about",120,58ca23a8-6e16-3a85-8cb1-7c5d9ffda20e
16,"Something cultural and unique that most tourists wouldn't know about",121,1cb0c42d-f7a5-3ef3-9dde-ab757fa88e8a
16,"Something cultural and unique that most tourists wouldn't know about",122,7dde4942-38a6-8186-e76c-b8ff07e5805d
16,"Something cultural and unique that most tourists wouldn't know about",123,1d6e2cf5-be2d-3dcb-ad13-c872f2b32753
16,"Something cultural and unique that most tourists wouldn't know about",124,6b414483-0c8f-7a00-1f5c-d953ca3d8c45
16,"Something cultural and unique that most tourists wouldn't know about",125,1fff500d-9671-9dec-bfbb-e13e784e6120
16,"Something cultural and unique that most tourists wouldn't know about",126,c8dc6d7e-51e9-1853-1844-7429009b7b9f
16,"Something cultural and unique that most tourists wouldn't know about",127,f5616214-2b8f-641c-580b-81def0576e78
16,"Something cultural and unique that most tourists wouldn't know about",128,8c557641-4743-6b34-878b-7e70441bc76f
16,"Something cultural and unique that most tourists wouldn't know about",129,a52abfb3-38fa-fe57-ad45-4590f74763f4
16,"Something cultural and unique that most tourists wouldn't know about",130,7d566e19-8d8e-fcc1-dd47-da5aa4daac90
16,"Something cultural and unique that most tourists wouldn't know about",131,1df19a4e-46d0-ec0a-45b4-d5c82b61e566
16,"Something cultural and unique that most tourists wouldn't know about",132,58ec7d45-bc84-f764-8b06-b0f603f5dfee
16,"Something cultural and unique that most tourists wouldn't know about",133,32b66c0b-27c2-3efe-db1e-ab09c0c3be1d
16,"Something cultural and unique that most tourists wouldn't know about",134,3bcffc43-a19c-d820-3739-12e8d7992bdd
16,"Something cultural and unique that most tourists wouldn't know about",135,63334646-8d46-cdf7-84c0-0d8b2c5e6cca
16,"Something cultural and unique that most tourists wouldn't know about",136,ceae4951-c96f-47e2-7cb2-3f893d73fb20
16,"Something cultural and unique that most tourists wouldn't know about",137,53a0c82b-edc8-2ff7-74f0-b2807fd1ed92
16,"Something cultural and unique that most tourists wouldn't know about",138,c1cc1911-9abf-ae27-c7a4-b766a316dfda
16,"Something cultural and unique that most tourists wouldn't know about",139,51797ef6-6f73-f84d-e00b-3b388b6226b1
16,"Something cultural and unique that most tourists wouldn't know about",140,7cc03fa6-ef47-95b3-103b-7b9a5e877c1a
16,"Something cultural and unique that most tourists wouldn't know about",141,6c188e7e-4a29-ac46-7f16-f9abf7ea7ec8
16,"Something cultural and unique that most tourists wouldn't know about",142,e86c0d50-aae8-a5f9-d729-bfc0eeb3acb6
16,"Something cultural and unique that most tourists wouldn't know about",143,d32e1ec5-b230-cf3f-a007-1ddfc1d165c0
16,"Something cultural and unique that most tourists wouldn't know about",144,20d75837-17dc-3dd5-ddb0-3edf1c3bc675
16,"Something cultural and unique that most tourists wouldn't know about",145,4731de51-4fd8-c601-5198-de2ebda8ad48
16,"Something cultural and unique that most tourists wouldn't know about",146,85bb3b5b-9a95-8b73-6f88-5390118240b7
16,"Something cultural and unique that most tourists wouldn't know about",147,9ea168ff-618e-ff06-6523-65f4936e3f9f
16,"Something cultural and unique that most tourists wouldn't know about",148,3f0b7041-c770-6dff-58ed-6668505a88a0
16,"Something cultural and unique that most tourists wouldn't know about",149,4f4bf320-9cc9-9804-5abd-f9b2f1ad7ea8
16,"Something cultural and unique that most tourists wouldn't know about",150,ce493a09-de96-e81d-0c8f-d1bad76a9c4b
16,"Something cultural and unique that most tourists wouldn't know about",151,06fec95f-4717-99f2-fdd7-e907724ec2fe
16,"Something cultural and unique that most tourists wouldn't know about",152,6e0bf96a-a433-b2cf-f21b-46ba4a3306d8
16,"Something cultural and unique that most tourists wouldn't know about",153,b03bd27a-5cc6-392f-9c67-17ee74253457
16,"Something cultural and unique that most tourists wouldn't know about",154,c334df7f-644d-42ce-01b7-c383644d14dd
16,"Something cultural and unique that most tourists wouldn't know about",155,83c985e8-660e-c22a-71c6-ff88c374674b
16,"Something cultural and unique that most tourists wouldn't know about",156,9b0ade7f-89ed-df30-80fc-1ff053dd894e
16,"Something cultural and unique that most tourists wouldn't know about",157,632def64-10d9-9cee-ac95-3c3276554e25
16,"Something cultural and unique that most tourists wouldn't know about",158,f47d768a-412c-e273-8277-4e8bcf019b3d
16,"Something cultural and unique that most tourists wouldn't know about",159,16ba88b1-8200-36a0-53b1-9a26f16644f6
16,"Something cultural and unique that most tourists wouldn't know about",160,3cbca495-ac93-f11a-a78f-720794af29b7
17,"What's a good way to spend a summer evening in NYC?",1,df699610-4e77-1cd8-bcc9-d37dc59bcb33
17,"What's a good way to spend a summer evening in NYC?",2,728ae5d1-3b04-57a6-c146-9b3970a63262
17,"What's a good way to spend a summer evening in NYC?",3,3bcffc43-a19c-d820-3739-12e8d7992bdd
17,"What's a good way to spend a summer evening in NYC?",4,df4f8afa-34c9-df53-82a3-23d5639a67b5
17,"What's a good way to spend a summer evening in NYC?",5,865b15bf-64fd-f5e7-2bfd-5476b2dabc49
17,"What's a good way to spend a summer evening in NYC?",6,e58b9522-ac35-ce62-bf8a-e9d9e3268b40
17,"What's a good way to spend a summer evening in NYC?",7,27029a54-9b9f-5119-3c05-ea70fb25cf1a
17,"What's a good way to spend a summer evening in NYC?",8,8fee813c-e691-b1c7-0fbc-066d0e733ebb
17,"What's a good way to spend a summer evening in NYC?",9,a91a53ee-7997-9bdc-bfdf-2afd17d71c92
17,"What's a good way to spend a summer evening in NYC?",10,6e0bf96a-a433-b2cf-f21b-46ba4a3306d8
17,"What's a good way to spend a summer evening in NYC?",11,e29b6e84-37c6-0119-7e92-eaca480f6893
17,"What's a good way to spend a summer evening in NYC?",12,fd242173-cd37-577c-dc25-15bbd5ce0e32
17,"What's a good way to spend a summer evening in NYC?",13,52a4f478-0dd7-421e-4fe3-bd62db7e6848
17,"What's a good way to spend a summer evening in NYC?",14,35e42701-0e60-7c96-f2ae-df55a809efdd
17,"What's a good way to spend a summer evening in NYC?",15,a89838bf-dfd1-4063-304c-0b3e84aa5190
17,"What's a good way to spend a summer evening in NYC?",16,1adf0d47-5801-a7d1-7385-13926eaa2112
17,"What's a good way to spend a summer evening in NYC?",17,05e515da-18d3-9144-3a92-40e1a6d918f2
17,"What's a good way to spend a summer evening in NYC?",18,e480d437-ad73-f108-8896-fe0bc2b706a8
17,"What's a good way to spend a summer evening in NYC?",19,ecae58ac-469e-e067-6f79-0220fa00a0e8
17,"What's a good way to spend a summer evening in NYC?",20,b348f22a-b0f4-bcb7-eae5-4d320a7b06e6
17,"What's a good way to spend a summer evening in NYC?",21,b99ce3aa-3fc8-0782-e184-2891c5b552aa
17,"What's a good way to spend a summer evening in NYC?",22,628af73c-84e0-21f6-2a2b-1700a86dff8c
17,"What's a good way to spend a summer evening in NYC?",23,e0392fa4-81f0-8696-1192-ba3c8d950559
17,"What's a good way to spend a summer evening in NYC?",24,6483e074-b3f5-4f37-7844-6ed1ca8330d6
17,"What's a good way to spend a summer evening in NYC?",25,b8563cbb-83f3-14ef-daf7-16743d25f211
17,"What's a good way to spend a summer evening in NYC?",26,a83c477b-51f8-6ac6-cffd-620edb90b6a3
17,"What's a good way to spend a summer evening in NYC?",27,aa98f9ad-557c-2b84-967b-07503a5b3f96
17,"What's a good way to spend a summer evening in NYC?",28,f2cc6e39-8cc9-41d2-28e5-be712f0559eb
17,"What's a good way to spend a summer evening in NYC?",29,3cbca495-ac93-f11a-a78f-720794af29b7
17,"What's a good way to spend a summer evening in NYC?",30,7cc03fa6-ef47-95b3-103b-7b9a5e877c1a
17,"What's a good way to spend a summer evening in NYC?",31,f7ed64ee-ab19-263c-c595-dbdc10174968
17,"What's a good way to spend a summer evening in NYC?",32,3f0b7041-c770-6dff-58ed-6668505a88a0
17,"What's a good way to spend a summer evening in NYC?",33,b8cdb2af-faa1-8229-4126-b7a0b0950e6a
17,"What's a good way to spend a summer evening in NYC?",34,51c38721-7479-929f-a758-1c432d7ad4b8
17,"What's a good way to spend a summer evening in NYC?",35,1ef66e0b-4da0-c445-72c0-6211f390faae
17,"What's a good way to spend a summer evening in NYC?",36,f5bb56f8-4363-9bf6-ae2d-82b1ddb01930
17,"What's a good way to spend a summer evening in NYC?",37,e91c2c77-0103-3bfb-e54a-9ffd0f144c33
17,"What's a good way to spend a summer evening in NYC?",38,46240cc1-8f8c-3aff-157c-2553cbb7b95b
17,"What's a good way to spend a summer evening in NYC?",39,d8e74e10-db6d-b27b-52ad-9fe764c24d04
17,"What's a good way to spend a summer evening in NYC?",40,bcd8f6e9-3a66-6ab8-accb-3013bc866577
17,"What's a good way to spend a summer evening in NYC?",41,391198fc-ef3b-bab1-47d3-3326ff363913
17,"What's a good way to spend a summer evening in NYC?",42,06fec95f-4717-99f2-fdd7-e907724ec2fe
17,"What's a good way to spend a summer evening in NYC?",43,b199f9fe-95a1-a543-8fa0-a0faf4e2c961
17,"What's a good way to spend a summer evening in NYC?",44,3224ea40-526a-cd10-83de-7bc7c48642eb
17,"What's a good way to spend a summer evening in NYC?",45,ed370fba-9525-2c15-141d-8aa30fd100c8
17,"What's a good way to spend a summer evening in NYC?",46,87d1bf25-588a-742b-6274-23e3bdc97064
17,"What's a good way to spend a summer evening in NYC?",47,85bb3b5b-9a95-8b73-6f88-5390118240b7
17,"What's a good way to spend a summer evening in NYC?",48,d0252d77-7d6e-23a1-4533-1a9e510c0f53
17,"What's a good way to spend a summer evening in NYC?",49,756ca37c-d7ef-da47-9b29-62517f92b696
17,"What's a good way to spend a summer evening in NYC?",50,84bb5deb-eab2-e42f-5699-7fe614cf570e
17,"What's a good way to spend a summer evening in NYC?",51,90d48d80-14ea-f66a-efed-6edf36762240
17,"What's a good way to spend a summer evening in NYC?",52,6cd23ef6-184a-acc0-8008-1a0bd8a30f2c
17,"What's a good way to spend a summer evening in NYC?",53,43e68757-853f-7b9d-d285-116a0d41a877
17,"What's a good way to spend a summer evening in NYC?",54,dc957c37-f21c-a287-1855-c7318197934c
17,"What's a good way to spend a summer evening in NYC?",55,9d339de4-da88-0a8c-daa3-b81c68fd93dc
17,"What's a good way to spend a summer evening in NYC?",56,e1aa20c4-90fe-e8a7-925a-ff17f1edb48b
17,"What's a good way to spend a summer evening in NYC?",57,fee6b9cc-af04-53e2-5da3-a30957c3b5bf
17,"What's a good way to spend a summer evening in NYC?",58,0adddfb9-e35e-58fa-f424-fdaa96b95533
17,"What's a good way to spend a summer evening in NYC?",59,0537314a-7538-c5ac-dbc4-ef51b2a94869
17,"What's a good way to spend a summer evening in NYC?",60,28ee3e11-2a9a-a2ea-9676-7e0b24c0ccaa
17,"What's a good way to spend a summer evening in NYC?",61,afa5ceef-cc5c-3314-4b38-c1559d0bcd98
17,"What's a good way to spend a summer evening in NYC?",62,4f4bf320-9cc9-9804-5abd-f9b2f1ad7ea8
17,"What's a good way to spend a summer evening in NYC?",63,6d7996c5-e228-7b72-461e-7e7c39bf7160
17,"What's a good way to spend a summer evening in NYC?",64,676f2f53-c1fe-8d46-b300-a392eee1df3a
17,"What's a good way to spend a summer evening in NYC?",65,7d566e19-8d8e-fcc1-dd47-da5aa4daac90
17,"What's a good way to spend a summer evening in NYC?",66,499984ba-56ac-5503-06a9-8c720ab3a0b5
17,"What's a good way to spend a summer evening in NYC?",67,a91c0b37-35eb-4591-fe64-23c39b471965
17,"What's a good way to spend a summer evening in NYC?",68,63b4439c-c00f-4e85-f940-4a0b5d25340d
17,"What's a good way to spend a summer evening in NYC?",69,85fd4591-8ad1-8cb1-84ab-fe41bb46bbb2
17,"What's a good way to spend a summer evening in NYC?",70,7eb92cb8-a425-5a63-7b14-84231035306f
17,"What's a good way to spend a summer evening in NYC?",71,c9e7914a-fcd5-c719-2cb1-b1bc34a712d1
17,"What's a good way to spend a summer evening in NYC?",72,abfe5a50-98a4-445c-8afa-5e20bded568c
17,"What's a good way to spend a summer evening in NYC?",73,6b38924a-2ac2-126d-2cad-31611f678310
17,"What's a good way to spend a summer evening in NYC?",74,e1ce61f6-ef01-448d-ad74-6952713434a1
17,"What's a good way to spend a summer evening in NYC?",75,c39d9e80-afd3-691e-3de1-648fe047cd58
17,"What's a good way to spend a summer evening in NYC?",76,1cb0c42d-f7a5-3ef3-9dde-ab757fa88e8a
17,"What's a good way to spend a summer evening in NYC?",77,ce493a09-de96-e81d-0c8f-d1bad76a9c4b
17,"What's a good way to spend a summer evening in NYC?",78,83c985e8-660e-c22a-71c6-ff88c374674b
17,"What's a good way to spend a summer evening in NYC?",79,e86c0d50-aae8-a5f9-d729-bfc0eeb3acb6
17,"What's a good way to spend a summer evening in NYC?",80,4d6add26-da1e-323d-ef23-a5f303c9600d
17,"What's a good way to spend a summer evening in NYC?",81,aa62c2d3-11b1-59ef-725b-8bb7cb703d37
17,"What's a good way to spend a summer evening in NYC?",82,0c40bb28-27f6-165d-2e06-4b92b549442d
17,"What's a good way to spend a summer evening in NYC?",83,af18d9a4-0efd-fcfc-9466-96920367e468
17,"What's a good way to spend a summer evening in NYC?",84,d3400513-b404-e3ba-e0bb-f0c6168e0212
17,"What's a good way to spend a summer evening in NYC?",85,cb12a15b-f521-8ae6-72bd-0bc8284f8556
17,"What's a good way to spend a summer evening in NYC?",86,06ea9c61-5dac-f654-6348-77e8b8659024
17,"What's a good way to spend a summer evening in NYC?",87,9ce9cd61-d1a5-5a62-ef1b-be427d9c054b
17,"What's a good way to spend a summer evening in NYC?",88,22e6532a-691f-c082-4cc4-3592783aee62
17,"What's a good way to spend a summer evening in NYC?",89,69a54b21-a995-3902-5412-bf466e80521d
17,"What's a good way to spend a summer evening in NYC?",90,1a5a7623-9e08-8d4b-0444-025f31a7a5bb
17,"What's a good way to spend a summer evening in NYC?",91,b93a6dc0-3c4e-b2a4-dd62-f43dc782e58f
17,"What's a good way to spend a summer evening in NYC?",92,c393f98c-a6fa-9393-b2a8-7d8a04ce1737
17,"What's a good way to spend a summer evening in NYC?",93,e735ac83-704f-6683-c86a-68d117a7e493
17,"What's a good way to spend a summer evening in NYC?",94,63334646-8d46-cdf7-84c0-0d8b2c5e6cca
17,"What's a good way to spend a summer evening in NYC?",95,7c99ceb9-4f12-7d27-b2d8-e177e1bc0bd5
17,"What's a good way to spend a summer evening in NYC?",96,255f525e-b7e4-d616-691d-20e3c75b471b
17,"What's a good way to spend a summer evening in NYC?",97,0b5941e6-35bf-aec7-11a8-6599ed9d06d4
17,"What's a good way to spend a summer evening in NYC?",98,4a6e8694-d290-a467-2d4f-fda4c237db02
17,"What's a good way to spend a summer evening in NYC?",99,39cb07be-3270-182f-f7d8-89392d3eef7b
17,"What's a good way to spend a summer evening in NYC?",100,669cce96-c871-1b0e-2147-2bf00cadbca7
17,"What's a good way to spend a summer evening in NYC?",101,ad79d119-109e-69c9-5430-1d199d56ffff
17,"What's a good way to spend a summer evening in NYC?",102,14b3e41d-c4ed-a39d-82b7-95fc724eeab8
17,"What's a good way to spend a summer evening in NYC?",103,ee1ba883-9ded-143d-e1c1-a38b3f50fe83
17,"What's a good way to spend a summer evening in NYC?",104,b0105eb8-cdbe-ccb7-fc84-736120b3aa88
17,"What's a good way to spend a summer evening in NYC?",105,ef6a2ed3-ef2b-ed61-8351-220a23035ee1
17,"What's a good way to spend a summer evening in NYC?",106,a9a30d00-2791-9b18-98f2-1d23f99f9664
17,"What's a good way to spend a summer evening in NYC?",107,75caad92-0f1b-9f2a-d692-32d399efe152
17,"What's a good way to spend a summer evening in NYC?",108,d32e1ec5-b230-cf3f-a007-1ddfc1d165c0
17,"What's a good way to spend a summer evening in NYC?",109,a481db24-928d-fa42-2dcc-76175fcb255d
17,"What's a good way to spend a summer evening in NYC?",110,4e3791ca-d39a-c3b8-a167-b2324c2b493e
17,"What's a good way to spend a summer evening in NYC?",111,e34a20bd-d7e6-1921-5562-29fcf73e2247
17,"What's a good way to spend a summer evening in NYC?",112,6418710b-2ea0-72e6-8595-e151019b385d
17,"What's a good way to spend a summer evening in NYC?",113,90b5373c-317c-2f4b-b387-c51c72a8b3ef
17,"What's a good way to spend a summer evening in NYC?",114,16632b0f-aee2-4260-08bd-c3afbcd0508e
17,"What's a good way to spend a summer evening in NYC?",115,519f9004-b3d2-0f4e-c2ec-64f381d5b78a
17,"What's a good way to spend a summer evening in NYC?",116,8c2fc2ce-6a0d-26ed-dabe-01809d6f343a
17,"What's a good way to spend a summer evening in NYC?",117,c500fa33-c1ad-f30e-fa76-c88d29b15e91
17,"What's a good way to spend a summer evening in NYC?",118,9ea168ff-618e-ff06-6523-65f4936e3f9f
17,"What's a good way to spend a summer evening in NYC?",119,4e676b73-a5d3-3aec-2b1b-f1404886ca43
17,"What's a good way to spend a summer evening in NYC?",120,5445cf6b-2f49-962a-4150-9ce71a15e362
17,"What's a good way to spend a summer evening in NYC?",121,acc56d70-3f69-4388-7377-d3e11ab3658f
17,"What's a good way to spend a summer evening in NYC?",122,cca3c2fa-1f57-5a02-8da2-36a0fe9063a1
17,"What's a good way to spend a summer evening in NYC?",123,b3133d73-c536-c159-5eff-b1ae026507f4
17,"What's a good way to spend a summer evening in NYC?",124,08d365f1-76e4-e458-a77a-282713b49af5
17,"What's a good way to spend a summer evening in NYC?",125,bed0b708-11f4-cf65-c8fa-0fbc2f4d5bb4
17,"What's a good way to spend a summer evening in NYC?",126,cc0c5e23-50cf-f7c2-d430-babca714b2dc
17,"What's a good way to spend a summer evening in NYC?",127,3289d7f5-eb61-65f4-c255-454e0490150c
17,"What's a good way to spend a summer evening in NYC?",128,142d640b-38fe-e9f6-9739-a72f29f0d4c5
17,"What's a good way to spend a summer evening in NYC?",129,a9e65ecb-40da-74c6-c61a-57362d919f48
17,"What's a good way to spend a summer evening in NYC?",130,3581f6f9-d74f-2930-7cbf-82903d7fd9b4
17,"What's a good way to spend a summer evening in NYC?",131,af9c5271-0501-83b1-c93f-45a91c3eb973
17,"What's a good way to spend a summer evening in NYC?",132,4fa28fa4-3be4-b56a-5561-919d71a393f1
17,"What's a good way to spend a summer evening in NYC?",133,d48756a2-ddb4-fa26-d550-90a791013fc6
17,"What's a good way to spend a summer evening in NYC?",134,9ad48c1e-d585-e3cb-98f2-556988d0b1d7
17,"What's a good way to spend a summer evening in NYC?",135,71f2a897-a6fe-1d44-9606-ffddb7a28026
17,"What's a good way to spend a summer evening in NYC?",136,db8d6fb7-8da6-2f11-34a3-77dd3eab94ee
17,"What's a good way to spend a summer evening in NYC?",137,44e0a09a-5e7f-b883-7665-3d32bd475b8b
17,"What's a good way to spend a summer evening in NYC?",138,a5b3a631-247c-f3cf-7037-478437fed91d
17,"What's a good way to spend a summer evening in NYC?",139,3a967291-e244-0a2e-400c-49dc8d1c60e1
17,"What's a good way to spend a summer evening in NYC?",140,71907763-2967-6154-c7d4-b819a003c7eb
17,"What's a good way to spend a summer evening in NYC?",141,b025d77d-0acb-7068-18d6-a85473cdcc2c
17,"What's a good way to spend a summer evening in NYC?",142,a1ca0675-b0f1-6219-c6d2-f3da08c8e362
17,"What's a good way to spend a summer evening in NYC?",143,96f46f0d-7cd8-877a-bd8b-c266ea7edcd9
17,"What's a good way to spend a summer evening in NYC?",144,b06b3bd8-428a-ad94-ef65-bb289b455712
17,"What's a good way to spend a summer evening in NYC?",145,fb8cad3d-5304-1d12-2bfc-7918551ff687
17,"What's a good way to spend a summer evening in NYC?",146,16e2fa58-54e0-8500-b09f-2ceb22ced01e
17,"What's a good way to spend a summer evening in NYC?",147,32ebed19-f766-1a9b-8b61-e3dbef51fcf3
17,"What's a good way to spend a summer evening in NYC?",148,80260fb7-dc4f-9522-db0f-97de8de43daf
17,"What's a good way to spend a summer evening in NYC?",149,e89b1943-4fd8-2625-353f-3f6bbc614a0e
17,"What's a good way to spend a summer evening in NYC?",150,62de876c-de99-a803-e9aa-7e8e6375c2d8
17,"What's a good way to spend a summer evening in NYC?",151,679dd576-95c7-dc37-a608-2fd3e234e385
17,"What's a good way to spend a summer evening in NYC?",152,75fd3a7c-40ca-7a25-3659-4b3b19c4c284
17,"What's a good way to spend a summer evening in NYC?",153,6a046a68-7cc8-4e6c-17e8-820de4fa9954
17,"What's a good way to spend a summer evening in NYC?",154,44de4add-cfc4-8468-cd3e-4cda8629489c
17,"What's a good way to spend a summer evening in NYC?",155,3e251a1f-d441-e3ec-9e0a-a1faa82dee60
17,"What's a good way to spend a summer evening in NYC?",156,bb203aaa-6b32-bab8-4979-b68557ca28ee
17,"What's a good way to spend a summer evening in NYC?",157,f80f7103-8412-3c80-9873-c36a089297a0
17,"What's a good way to spend a summer evening in NYC?",158,9f2a405d-92c6-3d90-151a-e71186647f95
17,"What's a good way to spend a summer evening in NYC?",159,3fcfc0ae-1754-99c5-4b31-67f5abbd5920
17,"What's a good way to spend a summer evening in NYC?",160,099d487b-0e70-03a5-8658-aaaf155e7a5c
18,"I want to learn something new this weekend",1,6b414483-0c8f-7a00-1f5c-d953ca3d8c45
18,"I want to learn something new this weekend",2,bce61be8-dfad-ace9-3608-322e8929f3c1
18,"I want to learn something new this weekend",3,4731de51-4fd8-c601-5198-de2ebda8ad48
18,"I want to learn something new this weekend",4,2b81dd84-7b34-f951-0d2d-a3a6ae8b8fb3
18,"I want to learn something new this weekend",5,3b611419-3620-074b-ee66-cf17f8939086
18,"I want to learn something new this weekend",6,b0a012b7-70d0-a2ef-e46e-7bd92c73dab1
18,"I want to learn something new this weekend",7,2c3b5c71-5201-8788-3185-908af28bd6e0
18,"I want to learn something new this weekend",8,bae822de-cd56-f2f8-de93-7b80ceecbf4c
18,"I want to learn something new this weekend",9,66a25824-bdb1-8828-e172-d22787a529c4
18,"I want to learn something new this weekend",10,5d90601b-7768-a1ab-8660-b929c3b26460
18,"I want to learn something new this weekend",11,7d25101b-9bdb-5903-aaa5-b0c572820e39
18,"I want to learn something new this weekend",12,a8ca506e-ff1f-57d4-aef9-309c696091e5
18,"I want to learn something new this weekend",13,309d8c9e-d60f-d153-a901-f27c2c43e21c
18,"I want to learn something new this weekend",14,159f518c-ef06-8eb1-296f-34850ce5b209
18,"I want to learn something new this weekend",15,d7565a7b-c1e9-a0e9-dcdd-9b46ea8d04a2
18,"I want to learn something new this weekend",16,31d10697-f075-2db4-88a0-ed76cf4a2ebe
18,"I want to learn something new this weekend",17,08c3e541-1c6d-3735-7f07-586b9001d3e0
18,"I want to learn something new this weekend",18,46a35efc-86fa-64f2-1709-a18e763008d5
18,"I want to learn something new this weekend",19,a6af21e1-fdf0-2166-cf45-3dedcc0aa0dd
18,"I want to learn something new this weekend",20,a5b0964d-11cd-4522-7f04-1860f2933b21
18,"I want to learn something new this weekend",21,28f8d9e6-004c-1798-0222-23374ebb06b3
18,"I want to learn something new this weekend",22,313e308c-47bd-31a8-4e44-6b2cd75bcea7
18,"I want to learn something new this weekend",23,6cc59e2c-cfc3-1d52-34e2-5e7fb53da047
18,"I want to learn something new this weekend",24,1252563b-b1cc-eca6-9372-0f7459da4ee0
18,"I want to learn something new this weekend",25,264cc9b8-4cba-cad5-dbf4-c3b3f7dcae2b
18,"I want to learn something new this weekend",26,d48756a2-ddb4-fa26-d550-90a791013fc6
18,"I want to learn something new this weekend",27,0b0cb487-1fa3-ba55-6a5c-18c131a043a3
18,"I want to learn something new this weekend",28,e393791e-98df-3151-bf5d-025f98550912
18,"I want to learn something new this weekend",29,c27ed550-579e-852d-7651-70179188a7ae
18,"I want to learn something new this weekend",30,8460789d-3186-9b6c-194b-67d142af74b4
18,"I want to learn something new this weekend",31,ee2687f1-bd4b-bb2c-90c7-7a5b134d5aab
18,"I want to learn something new this weekend",32,0d5a099e-5133-eb13-083e-41e523ab060f
18,"I want to learn something new this weekend",33,4a9b811f-22b8-a270-a7d9-1b17bfd967cc
18,"I want to learn something new this weekend",34,d2c36f2d-c84e-85ab-adf8-a1baa609647d
18,"I want to learn something new this weekend",35,8fe5b442-d4cb-69e2-537d-3a3f25de269b
18,"I want to learn something new this weekend",36,c500fa33-c1ad-f30e-fa76-c88d29b15e91
18,"I want to learn something new this weekend",37,8d55d0c3-1eff-089a-f525-21e3228215f1
18,"I want to learn something new this weekend",38,75fd3a7c-40ca-7a25-3659-4b3b19c4c284
18,"I want to learn something new this weekend",39,49253d71-283c-83db-1b1a-272ca877f10b
18,"I want to learn something new this weekend",40,3c3d9914-3db0-f457-5350-a8a1fbb6b9b1
18,"I want to learn something new this weekend",41,8c95bc93-5322-cf14-1070-9ec435396f09
18,"I want to learn something new this weekend",42,b3f019d3-2d35-96b6-c51e-9e099d03c1fb
18,"I want to learn something new this weekend",43,70dbeceb-22af-228a-9ba4-3519e0fd7bb9
18,"I want to learn something new this weekend",44,3a7bd16b-c922-65c0-3e5d-070fbe040ea7
18,"I want to learn something new this weekend",45,4a527358-0af4-3bcd-8846-049ae2b1454b
18,"I want to learn something new this weekend",46,66c8c624-972d-743b-a116-2d8412d424d9
18,"I want to learn something new this weekend",47,27f549ba-bc88-c8ab-04bf-f2d9be2c4881
18,"I want to learn something new this weekend",48,89b77fed-45f4-0a4f-ea5b-75613d2a95ee
18,"I want to learn something new this weekend",49,44de4add-cfc4-8468-cd3e-4cda8629489c
18,"I want to learn something new this weekend",50,2a09bb5f-3b5f-0372-e461-7ba7872138ea
18,"I want to learn something new this weekend",51,d4e8f62b-2f0a-7238-1a78-6cd602d66f1b
18,"I want to learn something new this weekend",52,39cb07be-3270-182f-f7d8-89392d3eef7b
18,"I want to learn something new this weekend",53,6cd23ef6-184a-acc0-8008-1a0bd8a30f2c
18,"I want to learn something new this weekend",54,f72c7466-ff9b-bec5-2d4d-95f0b8d785f1
18,"I want to learn something new this weekend",55,679dd576-95c7-dc37-a608-2fd3e234e385
18,"I want to learn something new this weekend",56,4b7eb04f-3faf-39f6-9b20-f3373effe3a4
18,"I want to learn something new this weekend",57,a6e296a4-26c5-9303-8dc4-b283e87fef5f
18,"I want to learn something new this weekend",58,df4f8afa-34c9-df53-82a3-23d5639a67b5
18,"I want to learn something new this weekend",59,0b5941e6-35bf-aec7-11a8-6599ed9d06d4
18,"I want to learn something new this weekend",60,36a3b11e-fb72-0877-661a-5feeff1016b4
18,"I want to learn something new this weekend",61,16ba88b1-8200-36a0-53b1-9a26f16644f6
18,"I want to learn something new this weekend",62,9435d95e-a50a-35b1-9a4c-df4d3411da0d
18,"I want to learn something new this weekend",63,ec143a30-3576-86b6-fcaf-907122486be6
18,"I want to learn something new this weekend",64,8467c49f-4180-c1bc-b8f1-5426b55f48cb
18,"I want to learn something new this weekend",65,b3133d73-c536-c159-5eff-b1ae026507f4
18,"I want to learn something new this weekend",66,d5541273-c98b-38d8-4f55-8a431cca7a86
18,"I want to learn something new this weekend",67,7d82041f-4d7b-205e-95f0-9d36cf6085c5
18,"I want to learn something new this weekend",68,feedecf3-5ec8-bb57-3fa1-a3b42409af66
18,"I want to learn something new this weekend",69,e51a4ddf-f9cc-5c7a-5513-fa4094e24003
18,"I want to learn something new this weekend",70,9ad48c1e-d585-e3cb-98f2-556988d0b1d7
18,"I want to learn something new this weekend",71,0b5de573-a15a-3d27-6390-93380669bd67
18,"I want to learn something new this weekend",72,ae5652ff-8ce6-7ec4-8ab0-67c1f73e1a22
18,"I want to learn something new this weekend",73,aba001d4-2e57-f146-a452-063776a83714
18,"I want to learn something new this weekend",74,6a410d8f-4b7c-2577-d682-3f44614d4078
18,"I want to learn something new this weekend",75,b1f214fd-611d-a1e6-d610-d51c2bcf735c
18,"I want to learn something new this weekend",76,d6ebfa7b-f870-942f-6329-753599fc5552
18,"I want to learn something new this weekend",77,1fff500d-9671-9dec-bfbb-e13e784e6120
18,"I want to learn something new this weekend",78,ce493a09-de96-e81d-0c8f-d1bad76a9c4b
18,"I want to learn something new this weekend",79,a381c4c9-c334-f39b-7cbc-f67da452832e
18,"I want to learn something new this weekend",80,013ef803-ed53-54fd-f174-57244346ec4c
18,"I want to learn something new this weekend",81,a306c909-b900-25a7-f463-9488b8f90f9f
18,"I want to learn something new this weekend",82,15cd3fb7-a7fc-1708-6bea-a501615ec532
18,"I want to learn something new this weekend",83,616e86d3-a8e8-3ea5-2fa2-81bb49beaeec
18,"I want to learn something new this weekend",84,6418710b-2ea0-72e6-8595-e151019b385d
18,"I want to learn something new this weekend",85,1f7bb5a4-8078-1c48-9a53-ed086d1458a8
18,"I want to learn something new this weekend",86,ceaf1af0-3f35-68b0-8885-6be49c63a890
18,"I want to learn something new this weekend",87,af04f44d-3400-db4d-1626-5a4b0a9fb82b
18,"I want to learn something new this weekend",88,ad79d119-109e-69c9-5430-1d199d56ffff
18,"I want to learn something new this weekend",89,e34a20bd-d7e6-1921-5562-29fcf73e2247
18,"I want to learn something new this weekend",90,1f451e0a-24cd-7912-87c6-00dd7a23b500
18,"I want to learn something new this weekend",91,9e0c79d3-f989-8865-d136-3a1824c49e13
18,"I want to learn something new this weekend",92,d3d7624d-a828-3140-0a60-375361181d22
18,"I want to learn something new this weekend",93,fb8cad3d-5304-1d12-2bfc-7918551ff687
18,"I want to learn something new this weekend",94,96dc89d7-0b5c-fd6a-b8f7-e876030d7400
18,"I want to learn something new this weekend",95,5ff8ad4f-f3fb-c280-8bf3-052ecd976a8c
18,"I want to learn something new this weekend",96,4dfd99c9-59e9-eb5f-25b7-051023dcef8e
18,"I want to learn something new this weekend",97,1b5926ed-70cf-1f1e-86af-a3b535460a9d
18,"I want to learn something new this weekend",98,59f28d92-cfb1-4977-6673-2f737dc179fa
18,"I want to learn something new this weekend",99,7128204d-a474-c210-c381-776af0773eec
18,"I want to learn something new this weekend",100,9220ce1e-657e-fa58-7171-54be24971ec3
18,"I want to learn something new this weekend",101,e1ce61f6-ef01-448d-ad74-6952713434a1
18,"I want to learn something new this weekend",102,4f4bf320-9cc9-9804-5abd-f9b2f1ad7ea8
18,"I want to learn something new this weekend",103,36a5bc5e-f42e-c5f6-96af-30545cf04a24
18,"I want to learn something new this weekend",104,aa98f9ad-557c-2b84-967b-07503a5b3f96
18,"I want to learn something new this weekend",105,ac70e0a7-0c7b-7436-92b3-f6a6c7e09d8b
18,"I want to learn something new this weekend",106,dfc75eeb-4a88-77ae-f152-d62d098447cc
18,"I want to learn something new this weekend",107,0a18dffe-7a63-6dc0-46c1-ca9e93aadbf1
18,"I want to learn something new this weekend",108,f0654098-0a6b-4125-85b2-dbed22dbdc57
18,"I want to learn something new this weekend",109,d4aee0fe-6bb6-f0b2-725f-d6354ec22d7c
18,"I want to learn something new this weekend",110,4f3969e8-fdef-1e43-8938-42c0d3b6326a
18,"I want to learn something new this weekend",111,6a046a68-7cc8-4e6c-17e8-820de4fa9954
18,"I want to learn something new this weekend",112,4688d4dc-36eb-96bf-1536-d2b6b6a5691e
18,"I want to learn something new this weekend",113,85b7a99d-ff38-da1e-9426-884d6ecba7f3
18,"I want to learn something new this weekend",114,d821f9b4-9415-142f-8d5f-2fc0da04f0d5
18,"I want to learn something new this weekend",115,43db1f46-e59e-bee4-83d5-840f2d848e4d
18,"I want to learn something new this weekend",116,b93a6dc0-3c4e-b2a4-dd62-f43dc782e58f
18,"I want to learn something new this weekend",117,dc957c37-f21c-a287-1855-c7318197934c
18,"I want to learn something new this weekend",118,4e676b73-a5d3-3aec-2b1b-f1404886ca43
18,"I want to learn something new this weekend",119,af8c9f26-4cbc-2414-34e8-765d1a7a801c
18,"I want to learn something new this weekend",120,01d68a2a-1d82-0abd-d200-fcee3523027b
18,"I want to learn something new this weekend",121,c4c5f234-f1e6-0b55-969e-4182d9b4cbc1
18,"I want to learn something new this weekend",122,c127af7c-9ffb-70f1-d3ee-33d4a5637e72
18,"I want to learn something new this weekend",123,7bfd085f-10a7-fda1-a532-c6399673a4b0
18,"I want to learn something new this weekend",124,58ada665-4b53-a06d-dc21-c26122f461ab
18,"I want to learn something new this weekend",125,b025d77d-0acb-7068-18d6-a85473cdcc2c
18,"I want to learn something new this weekend",126,f5616214-2b8f-641c-580b-81def0576e78
18,"I want to learn something new this weekend",127,addee137-39dc-4459-ac41-0c22b5f3e888
18,"I want to learn something new this weekend",128,63334646-8d46-cdf7-84c0-0d8b2c5e6cca
18,"I want to learn something new this weekend",129,f0d2f273-1cc6-6d2f-e17e-eb3a74a6e614
18,"I want to learn something new this weekend",130,983b59c9-c007-5732-1148-ab2e2af2fe2f
18,"I want to learn something new this weekend",131,9ae1ff51-4d95-967c-41ab-d5d2ff094fac
18,"I want to learn something new this weekend",132,09d84fbd-c6e6-8992-fdd6-81ea98836d53
18,"I want to learn something new this weekend",133,75c3a8b0-65ef-b9e0-cc52-7f404445e30f
18,"I want to learn something new this weekend",134,62de876c-de99-a803-e9aa-7e8e6375c2d8
18,"I want to learn something new this weekend",135,bb203aaa-6b32-bab8-4979-b68557ca28ee
18,"I want to learn something new this weekend",136,86d1433e-c575-9b3a-b3e8-35d75ff0d1b9
18,"I want to learn something new this weekend",137,b99ce3aa-3fc8-0782-e184-2891c5b552aa
18,"I want to learn something new this weekend",138,e725e0d3-94d4-bd1f-dd04-ff55a38b0ab5
18,"I want to learn something new this weekend",139,ffcb7494-7903-4efc-5a3e-e3cff475e674
18,"I want to learn something new this weekend",140,c71a801b-6e32-9fe4-6f3a-bc8997af90b6
18,"I want to learn something new this weekend",141,48077394-f19b-84bc-8d3b-3639bf4d5a83
18,"I want to learn something new this weekend",142,6c1616d1-399f-0ad3-fcba-9427dbb0daea
18,"I want to learn something new this weekend",143,8cf60f18-908e-3780-c7dd-4260c68ae292
18,"I want to learn something new this weekend",144,9ce9cd61-d1a5-5a62-ef1b-be427d9c054b
18,"I want to learn something new this weekend",145,3e6cdd58-a6b1-e8e7-da31-584294e9bf00
18,"I want to learn something new this weekend",146,31a37e24-db42-7d24-2f29-547b52d40dee
18,"I want to learn something new this weekend",147,333b0737-33d5-9cfe-9498-652f93391bc7
18,"I want to learn something new this weekend",148,4fa28fa4-3be4-b56a-5561-919d71a393f1
18,"I want to learn something new this weekend",149,8779c6ee-ff7f-1e43-9082-e7766d9ff6a4
18,"I want to learn something new this weekend",150,a83c477b-51f8-6ac6-cffd-620edb90b6a3
18,"I want to learn something new this weekend",151,22d32ea5-99bd-bdaa-335c-b42ca7a15a94
18,"I want to learn something new this weekend",152,05e515da-18d3-9144-3a92-40e1a6d918f2
18,"I want to learn something new this weekend",153,82eb38ca-e25f-346d-fe06-bc45bf2bd53e
18,"I want to learn something new this weekend",154,c334df7f-644d-42ce-01b7-c383644d14dd
18,"I want to learn something new this weekend",155,4713920c-4284-acdd-8500-589b36c51c05
18,"I want to learn something new this weekend",156,8177e409-2826-7f41-8027-aa6ad22d3e45
18,"I want to learn something new this weekend",157,d0252d77-7d6e-23a1-4533-1a9e510c0f53
18,"I want to learn something new this weekend",158,32ebed19-f766-1a9b-8b61-e3dbef51fcf3
18,"I want to learn something new this weekend",159,a206137d-1b75-8236-0f22-fa43168fd0c0
18,"I want to learn something new this weekend",160,a1ca0675-b0f1-6219-c6d2-f3da08c8e362
19,"Surprise me with something I probably haven't tried before",1,929a4f78-70cf-fb60-e7a5-4263dd45ec86
19,"Surprise me with something I probably haven't tried before",2,e735ac83-704f-6683-c86a-68d117a7e493
19,"Surprise me with something I probably haven't tried before",3,32b66c0b-27c2-3efe-db1e-ab09c0c3be1d
19,"Surprise me with something I probably haven't tried before",4,7dde4942-38a6-8186-e76c-b8ff07e5805d
19,"Surprise me with something I probably haven't tried before",5,af18d9a4-0efd-fcfc-9466-96920367e468
19,"Surprise me with something I probably haven't tried before",6,607a9fde-16ec-bf31-affb-f990591313b1
19,"Surprise me with something I probably haven't tried before",7,0b0cb487-1fa3-ba55-6a5c-18c131a043a3
19,"Surprise me with something I probably haven't tried before",8,6e147e2a-9c3b-5b17-1245-940178f81d99
19,"Surprise me with something I probably haven't tried before",9,679dd576-95c7-dc37-a608-2fd3e234e385
19,"Surprise me with something I probably haven't tried before",10,41b43fff-d7c5-78b9-fc0c-6683ce301c8b
19,"Surprise me with something I probably haven't tried before",11,6a046a68-7cc8-4e6c-17e8-820de4fa9954
19,"Surprise me with something I probably haven't tried before",12,0b5941e6-35bf-aec7-11a8-6599ed9d06d4
19,"Surprise me with something I probably haven't tried before",13,ffc101c9-fc48-3c51-f96e-63d5b98527d9
19,"Surprise me with something I probably haven't tried before",14,7ab29843-040b-8b9c-c73f-73a965a42dec
19,"Surprise me with something I probably haven't tried before",15,36a5bc5e-f42e-c5f6-96af-30545cf04a24
19,"Surprise me with something I probably haven't tried before",16,6a410d8f-4b7c-2577-d682-3f44614d4078
19,"Surprise me with something I probably haven't tried before",17,761faee1-eae4-0678-13aa-6a46d611e206
19,"Surprise me with something I probably haven't tried before",18,8c9277b5-7020-06da-214d-6f00256874f0
19,"Surprise me with something I probably haven't tried before",19,f5616214-2b8f-641c-580b-81def0576e78
19,"Surprise me with something I probably haven't tried before",20,e1aa20c4-90fe-e8a7-925a-ff17f1edb48b
19,"Surprise me with something I probably haven't tried before",21,4fa28fa4-3be4-b56a-5561-919d71a393f1
19,"Surprise me with something I probably haven't tried before",22,a940d5fb-95d9-778e-16c3-324811848ade
19,"Surprise me with something I probably haven't tried before",23,9ce9cd61-d1a5-5a62-ef1b-be427d9c054b
19,"Surprise me with something I probably haven't tried before",24,b199f9fe-95a1-a543-8fa0-a0faf4e2c961
19,"Surprise me with something I probably haven't tried before",25,8c2fc2ce-6a0d-26ed-dabe-01809d6f343a
19,"Surprise me with something I probably haven't tried before",26,d4c44f2f-cc47-0c33-3155-e57fe22e4a95
19,"Surprise me with something I probably haven't tried before",27,1c5dad61-01a1-6606-ad16-5c206484a673
19,"Surprise me with something I probably haven't tried before",28,59ce3aaf-9fc1-633e-303a-c4e3ade889fd
19,"Surprise me with something I probably haven't tried before",29,08c3e541-1c6d-3735-7f07-586b9001d3e0
19,"Surprise me with something I probably haven't tried before",30,ee2687f1-bd4b-bb2c-90c7-7a5b134d5aab
19,"Surprise me with something I probably haven't tried before",31,8460789d-3186-9b6c-194b-67d142af74b4
19,"Surprise me with something I probably haven't tried before",32,4f4bf320-9cc9-9804-5abd-f9b2f1ad7ea8
19,"Surprise me with something I probably haven't tried before",33,49253d71-283c-83db-1b1a-272ca877f10b
19,"Surprise me with something I probably haven't tried before",34,3c3d9914-3db0-f457-5350-a8a1fbb6b9b1
19,"Surprise me with something I probably haven't tried before",35,7287f36a-cd23-f137-75fe-0673d2df3a6f
19,"Surprise me with something I probably haven't tried before",36,d6b0fb8f-5e3c-887d-b1a4-50c8232e6cb5
19,"Surprise me with something I probably haven't tried before",37,bcba8349-6609-70c6-52b7-18f72938d5d7
19,"Surprise me with something I probably haven't tried before",38,89b77fed-45f4-0a4f-ea5b-75613d2a95ee
19,"Surprise me with something I probably haven't tried before",39,feedecf3-5ec8-bb57-3fa1-a3b42409af66
19,"Surprise me with something I probably haven't tried before",40,1967b1f6-b731-5204-30df-55e7c94fdb62
19,"Surprise me with something I probably haven't tried before",41,fc6dd3c9-9901-0a3b-b8a0-2672e20f8c77
19,"Surprise me with something I probably haven't tried before",42,82eb38ca-e25f-346d-fe06-bc45bf2bd53e
19,"Surprise me with something I probably haven't tried before",43,06ea9c61-5dac-f654-6348-77e8b8659024
19,"Surprise me with something I probably haven't tried before",44,2c7730da-effb-760c-f892-c7f7ee22fbd4
19,"Surprise me with something I probably haven't tried before",45,728ae5d1-3b04-57a6-c146-9b3970a63262
19,"Surprise me with something I probably haven't tried before",46,f182c736-0fb0-7513-b347-8ddd33624942
19,"Surprise me with something I probably haven't tried before",47,88ce72df-507c-f6ab-d827-e3d4b385f5d1
19,"Surprise me with something I probably haven't tried before",48,9220ce1e-657e-fa58-7171-54be24971ec3
19,"Surprise me with something I probably haven't tried before",49,460612c5-12f2-e9dd-50f9-e94ff27edad5
19,"Surprise me with something I probably haven't tried before",50,0b5de573-a15a-3d27-6390-93380669bd67
19,"Surprise me with something I probably haven't tried before",51,44de4add-cfc4-8468-cd3e-4cda8629489c
19,"Surprise me with something I probably haven't tried before",52,8c95bc93-5322-cf14-1070-9ec435396f09
19,"Surprise me with something I probably haven't tried before",53,6c188e7e-4a29-ac46-7f16-f9abf7ea7ec8
19,"Surprise me with something I probably haven't tried before",54,e29b6e84-37c6-0119-7e92-eaca480f6893
19,"Surprise me with something I probably haven't tried before",55,6cc59e2c-cfc3-1d52-34e2-5e7fb53da047
19,"Surprise me with something I probably haven't tried before",56,3581f6f9-d74f-2930-7cbf-82903d7fd9b4
19,"Surprise me with something I probably haven't tried before",57,05e515da-18d3-9144-3a92-40e1a6d918f2
19,"Surprise me with something I probably haven't tried before",58,22d32ea5-99bd-bdaa-335c-b42ca7a15a94
19,"Surprise me with something I probably haven't tried before",59,f23a1623-9286-07a6-3bc4-fa5aff087ad2
19,"Surprise me with something I probably haven't tried before",60,7c99ceb9-4f12-7d27-b2d8-e177e1bc0bd5
19,"Surprise me with something I probably haven't tried before",61,96f46f0d-7cd8-877a-bd8b-c266ea7edcd9
19,"Surprise me with something I probably haven't tried before",62,d4e8f62b-2f0a-7238-1a78-6cd602d66f1b
19,"Surprise me with something I probably haven't tried before",63,4e676b73-a5d3-3aec-2b1b-f1404886ca43
19,"Surprise me with something I probably haven't tried before",64,ce493a09-de96-e81d-0c8f-d1bad76a9c4b
19,"Surprise me with something I probably haven't tried before",65,96dc89d7-0b5c-fd6a-b8f7-e876030d7400
19,"Surprise me with something I probably haven't tried before",66,313e308c-47bd-31a8-4e44-6b2cd75bcea7
19,"Surprise me with something I probably haven't tried before",67,0eba4583-43a2-cfb2-4a58-6db7160b5038
19,"Surprise me with something I probably haven't tried before",68,53b49c9b-b835-d49f-03fe-99e114b61590
19,"Surprise me with something I probably haven't tried before",69,c06f8d01-ca4d-80d1-f6dc-c1dc7505aafc
19,"Surprise me with something I probably haven't tried before",70,d4aee0fe-6bb6-f0b2-725f-d6354ec22d7c
19,"Surprise me with something I probably haven't tried before",71,49e1a55d-cb0d-8484-a760-8eb088222ba0
19,"Surprise me with something I probably haven't tried before",72,b5bbc425-550d-c332-9a69-fb5fdafd13c0
19,"Surprise me with something I probably haven't tried before",73,01d68a2a-1d82-0abd-d200-fcee3523027b
19,"Surprise me with something I probably haven't tried before",74,4a641acd-3948-b9dc-28ba-0800ddfdea5d
19,"Surprise me with something I probably haven't tried before",75,c9e7914a-fcd5-c719-2cb1-b1bc34a712d1
19,"Surprise me with something I probably haven't tried before",76,f5bb56f8-4363-9bf6-ae2d-82b1ddb01930
19,"Surprise me with something I probably haven't tried before",77,040a112b-02b1-8a08-555f-0d92ab69a575
19,"Surprise me with something I probably haven't tried before",78,3dc534f1-67e3-72e8-302e-cc85b2c019a1
19,"Surprise me with something I probably haven't tried before",79,8557d8b9-0c70-352b-ab99-58e696ff408f
19,"Surprise me with something I probably haven't tried before",80,9ea168ff-618e-ff06-6523-65f4936e3f9f
19,"Surprise me with something I probably haven't tried before",81,b3133d73-c536-c159-5eff-b1ae026507f4
19,"Surprise me with something I probably haven't tried before",82,08d365f1-76e4-e458-a77a-282713b49af5
19,"Surprise me with something I probably haven't tried before",83,bce61be8-dfad-ace9-3608-322e8929f3c1
19,"Surprise me with something I probably haven't tried before",84,d0252d77-7d6e-23a1-4533-1a9e510c0f53
19,"Surprise me with something I probably haven't tried before",85,09d84fbd-c6e6-8992-fdd6-81ea98836d53
19,"Surprise me with something I probably haven't tried before",86,f0d2f273-1cc6-6d2f-e17e-eb3a74a6e614
19,"Surprise me with something I probably haven't tried before",87,4731de51-4fd8-c601-5198-de2ebda8ad48
19,"Surprise me with something I probably haven't tried before",88,c500fa33-c1ad-f30e-fa76-c88d29b15e91
19,"Surprise me with something I probably haven't tried before",89,16e2fa58-54e0-8500-b09f-2ceb22ced01e
19,"Surprise me with something I probably haven't tried before",90,c5693a92-c8e7-a402-5dc0-cf2f6a51fd0c
19,"Surprise me with something I probably haven't tried before",91,39cb07be-3270-182f-f7d8-89392d3eef7b
19,"Surprise me with something I probably haven't tried before",92,c186cfc7-3d94-1c14-d752-f113847495a2
19,"Surprise me with something I probably haven't tried before",93,ad79d119-109e-69c9-5430-1d199d56ffff
19,"Surprise me with something I probably haven't tried before",94,8dc921ed-2d27-1268-31c8-8cfc66352dac
19,"Surprise me with something I probably haven't tried before",95,3a967291-e244-0a2e-400c-49dc8d1c60e1
19,"Surprise me with something I probably haven't tried before",96,fb8cad3d-5304-1d12-2bfc-7918551ff687
19,"Surprise me with something I probably haven't tried before",97,1fff500d-9671-9dec-bfbb-e13e784e6120
19,"Surprise me with something I probably haven't tried before",98,4835cc37-3f94-2c2d-29a2-d6e1001767b5
19,"Surprise me with something I probably haven't tried before",99,15cd3fb7-a7fc-1708-6bea-a501615ec532
19,"Surprise me with something I probably haven't tried before",100,20d75837-17dc-3dd5-ddb0-3edf1c3bc675
19,"Surprise me with something I probably haven't tried before",101,9ad48c1e-d585-e3cb-98f2-556988d0b1d7
19,"Surprise me with something I probably haven't tried before",102,d93a3c11-90aa-3a9a-5587-0f61e320995a
19,"Surprise me with something I probably haven't tried before",103,f72c7466-ff9b-bec5-2d4d-95f0b8d785f1
19,"Surprise me with something I probably haven't tried before",104,33b13dc9-3ecb-79aa-80e8-ec1914076ede
19,"Surprise me with something I probably haven't tried before",105,6bfa8d0b-f422-f567-4b5d-5a0eed2c9d7b
19,"Surprise me with something I probably haven't tried before",106,5237ae01-d0a4-2289-467c-115e94e71458
19,"Surprise me with something I probably haven't tried before",107,3e6cdd58-a6b1-e8e7-da31-584294e9bf00
19,"Surprise me with something I probably haven't tried before",108,4e3791ca-d39a-c3b8-a167-b2324c2b493e
19,"Surprise me with something I probably haven't tried before",109,b1f214fd-611d-a1e6-d610-d51c2bcf735c
19,"Surprise me with something I probably haven't tried before",110,c127af7c-9ffb-70f1-d3ee-33d4a5637e72
19,"Surprise me with something I probably haven't tried before",111,d6ebfa7b-f870-942f-6329-753599fc5552
19,"Surprise me with something I probably haven't tried before",112,c334df7f-644d-42ce-01b7-c383644d14dd
19,"Surprise me with something I probably haven't tried before",113,301a250b-eed4-4616-bb59-ab39676e0277
19,"Surprise me with something I probably haven't tried before",114,4b2a5242-7306-047b-8acc-342e60ff5c5b
19,"Surprise me with something I probably haven't tried before",115,5cc6fa94-ba85-26f3-732b-8bdd67b76a9a
19,"Surprise me with something I probably haven't tried before",116,5d90601b-7768-a1ab-8660-b929c3b26460
19,"Surprise me with something I probably haven't tried before",117,df1a2b65-a3e9-6caf-ebef-33e9f60d4097
19,"Surprise me with something I probably haven't tried before",118,6c1616d1-399f-0ad3-fcba-9427dbb0daea
19,"Surprise me with something I probably haven't tried before",119,5424e829-8931-626b-6885-4a4bcc038154
19,"Surprise me with something I probably haven't tried before",120,8e9aac2c-572d-a9d7-a359-85c8ffc62628
19,"Surprise me with something I probably haven't tried before",121,2b97d7a4-52b5-4356-3a89-b2693785edd1
19,"Surprise me with something I probably haven't tried before",122,98744771-3956-8de2-f799-a79f4d5eedbe
19,"Surprise me with something I probably haven't tried before",123,83c985e8-660e-c22a-71c6-ff88c374674b
19,"Surprise me with something I probably haven't tried before",124,3340153c-727f-d094-4d40-6ecd47b9e36a
19,"Surprise me with something I probably haven't tried before",125,d90b4f59-23a0-076b-d13b-c2b152b63581
19,"Surprise me with something I probably haven't tried before",126,16ba88b1-8200-36a0-53b1-9a26f16644f6
19,"Surprise me with something I probably haven't tried before",127,779ecca6-a625-691c-9b09-69c963beb279
19,"Surprise me with something I probably haven't tried before",128,6b414483-0c8f-7a00-1f5c-d953ca3d8c45
19,"Surprise me with something I probably haven't tried before",129,519f9004-b3d2-0f4e-c2ec-64f381d5b78a
19,"Surprise me with something I probably haven't tried before",130,530b297f-e6ba-5820-b4b4-db0a0cbaa7c6
19,"Surprise me with something I probably haven't tried before",131,391198fc-ef3b-bab1-47d3-3326ff363913
19,"Surprise me with something I probably haven't tried before",132,9435d95e-a50a-35b1-9a4c-df4d3411da0d
19,"Surprise me with something I probably haven't tried before",133,a89838bf-dfd1-4063-304c-0b3e84aa5190
19,"Surprise me with something I probably haven't tried before",134,661217b2-fd1c-2c42-a828-b5621b42346b
19,"Surprise me with something I probably haven't tried before",135,0e696d8d-99e3-b950-8319-ab67263a18e1
19,"Surprise me with something I probably haven't tried before",136,66c8c624-972d-743b-a116-2d8412d424d9
19,"Surprise me with something I probably haven't tried before",137,1f025e92-8039-2d72-9af4-89f218eaf3d9
19,"Surprise me with something I probably haven't tried before",138,ef6a2ed3-ef2b-ed61-8351-220a23035ee1
19,"Surprise me with something I probably haven't tried before",139,bcd8f6e9-3a66-6ab8-accb-3013bc866577
19,"Surprise me with something I probably haven't tried before",140,13fca318-7619-0605-8fdd-0139b2978224
19,"Surprise me with something I probably haven't tried before",141,a71d7b10-5c9d-1a00-f971-165998c2b87e
19,"Surprise me with something I probably haven't tried before",142,72e70a70-fa21-ebac-bbf0-4c81ef997cb3
19,"Surprise me with something I probably haven't tried before",143,e34a20bd-d7e6-1921-5562-29fcf73e2247
19,"Surprise me with something I probably haven't tried before",144,df699610-4e77-1cd8-bcc9-d37dc59bcb33
19,"Surprise me with something I probably haven't tried before",145,e0f29cce-04cb-7a31-23cb-38a538954df5
19,"Surprise me with something I probably haven't tried before",146,865b15bf-64fd-f5e7-2bfd-5476b2dabc49
19,"Surprise me with something I probably haven't tried before",147,a5ea3afd-d72d-376d-81db-88b5eb16aaa2
19,"Surprise me with something I probably haven't tried before",148,aba001d4-2e57-f146-a452-063776a83714
19,"Surprise me with something I probably haven't tried before",149,6b38924a-2ac2-126d-2cad-31611f678310
19,"Surprise me with something I probably haven't tried before",150,e91c2c77-0103-3bfb-e54a-9ffd0f144c33
19,"Surprise me with something I probably haven't tried before",151,73f092f9-e8f1-d850-f5de-ba4478708f39
19,"Surprise me with something I probably haven't tried before",152,4528cb60-76b5-9efb-eafc-382e6924ca27
19,"Surprise me with something I probably haven't tried before",153,0a6000c0-31e2-6507-470d-299bbae77bad
19,"Surprise me with something I probably haven't tried before",154,af8ce1d6-6d10-f51b-d2c8-9761e9b089f2
19,"Surprise me with something I probably haven't tried before",155,a5b3a631-247c-f3cf-7037-478437fed91d
19,"Surprise me with something I probably haven't tried before",156,6483e074-b3f5-4f37-7844-6ed1ca8330d6
19,"Surprise me with something I probably haven't tried before",157,a966d80e-82c3-987c-2646-e96d72ba68f7
19,"Surprise me with something I probably haven't tried before",158,6418710b-2ea0-72e6-8595-e151019b385d
19,"Surprise me with something I probably haven't tried before",159,bb203aaa-6b32-bab8-4979-b68557ca28ee
19,"Surprise me with something I probably haven't tried before",160,09fe62a9-27d8-c70e-2574-3ecd179d7e14
20,"I just want to get out of the house and do something fun",1,d5541273-c98b-38d8-4f55-8a431cca7a86
20,"I just want to get out of the house and do something fun",2,85b7a99d-ff38-da1e-9426-884d6ecba7f3
20,"I just want to get out of the house and do something fun",3,8dc921ed-2d27-1268-31c8-8cfc66352dac
20,"I just want to get out of the house and do something fun",4,8e9aac2c-572d-a9d7-a359-85c8ffc62628
20,"I just want to get out of the house and do something fun",5,c127af7c-9ffb-70f1-d3ee-33d4a5637e72
20,"I just want to get out of the house and do something fun",6,d4aee0fe-6bb6-f0b2-725f-d6354ec22d7c
20,"I just want to get out of the house and do something fun",7,d821f9b4-9415-142f-8d5f-2fc0da04f0d5
20,"I just want to get out of the house and do something fun",8,b2705840-eb1b-6d39-0e4f-34f883b3dcb9
20,"I just want to get out of the house and do something fun",9,728ae5d1-3b04-57a6-c146-9b3970a63262
20,"I just want to get out of the house and do something fun",10,4f3969e8-fdef-1e43-8938-42c0d3b6326a
20,"I just want to get out of the house and do something fun",11,4f4bf320-9cc9-9804-5abd-f9b2f1ad7ea8
20,"I just want to get out of the house and do something fun",12,6a410d8f-4b7c-2577-d682-3f44614d4078
20,"I just want to get out of the house and do something fun",13,a75edaab-ec90-53a0-131c-d33fba5766b1
20,"I just want to get out of the house and do something fun",14,acc56d70-3f69-4388-7377-d3e11ab3658f
20,"I just want to get out of the house and do something fun",15,af04f44d-3400-db4d-1626-5a4b0a9fb82b
20,"I just want to get out of the house and do something fun",16,42d20d07-00a5-aa6f-b785-114cceb4cfbb
20,"I just want to get out of the house and do something fun",17,21923bbf-f910-5fba-b810-dd2ac9cdf413
20,"I just want to get out of the house and do something fun",18,a966d80e-82c3-987c-2646-e96d72ba68f7
20,"I just want to get out of the house and do something fun",19,1334194d-8340-735c-a765-a92592022cda
20,"I just want to get out of the house and do something fun",20,74476dbd-d596-cc09-8622-7e52c1111a74
20,"I just want to get out of the house and do something fun",21,4731de51-4fd8-c601-5198-de2ebda8ad48
20,"I just want to get out of the house and do something fun",22,ce3da0a6-30c0-ab86-ab3d-43c8609d9bf2
20,"I just want to get out of the house and do something fun",23,1fff500d-9671-9dec-bfbb-e13e784e6120
20,"I just want to get out of the house and do something fun",24,6cd23ef6-184a-acc0-8008-1a0bd8a30f2c
20,"I just want to get out of the house and do something fun",25,1def0e3d-4520-7420-7a4c-40e0a4408717
20,"I just want to get out of the house and do something fun",26,ce493a09-de96-e81d-0c8f-d1bad76a9c4b
20,"I just want to get out of the house and do something fun",27,2de57e78-faba-0d7f-bbe4-1fcceda02da7
20,"I just want to get out of the house and do something fun",28,4e1eb9a8-cdef-8cbc-f99e-ca372a796017
20,"I just want to get out of the house and do something fun",29,91240817-d831-8bdb-dfb4-18bddb5d6d24
20,"I just want to get out of the house and do something fun",30,c186cfc7-3d94-1c14-d752-f113847495a2
20,"I just want to get out of the house and do something fun",31,86449a20-2b9e-4e60-5f65-8b346a4b6046
20,"I just want to get out of the house and do something fun",32,cbac8f21-aa4b-6b73-d6f1-8909606ebb69
20,"I just want to get out of the house and do something fun",33,63334646-8d46-cdf7-84c0-0d8b2c5e6cca
20,"I just want to get out of the house and do something fun",34,08a16fca-2eaf-013d-1d73-75a970d077ac
20,"I just want to get out of the house and do something fun",35,a08204a8-01bd-f111-e0ab-84d8ae9fb4a7
20,"I just want to get out of the house and do something fun",36,4b2a5242-7306-047b-8acc-342e60ff5c5b
20,"I just want to get out of the house and do something fun",37,4949a787-7dd7-fae3-dcdb-94a7d27aa7a7
20,"I just want to get out of the house and do something fun",38,530b297f-e6ba-5820-b4b4-db0a0cbaa7c6
20,"I just want to get out of the house and do something fun",39,6bfa8d0b-f422-f567-4b5d-5a0eed2c9d7b
20,"I just want to get out of the house and do something fun",40,3ace9c2a-63e3-5617-a68c-106e5c390e0e
20,"I just want to get out of the house and do something fun",41,9ad48c1e-d585-e3cb-98f2-556988d0b1d7
20,"I just want to get out of the house and do something fun",42,1eb0f0c1-9eaa-1744-abe8-85d0811a1228
20,"I just want to get out of the house and do something fun",43,c1cc1911-9abf-ae27-c7a4-b766a316dfda
20,"I just want to get out of the house and do something fun",44,cbc7c68f-da07-e66d-86ad-3c1cb34aa4a2
20,"I just want to get out of the house and do something fun",45,ad79d119-109e-69c9-5430-1d199d56ffff
20,"I just want to get out of the house and do something fun",46,4ecb8916-1954-ad39-af55-e1d97e86b59a
20,"I just want to get out of the house and do something fun",47,6b38924a-2ac2-126d-2cad-31611f678310
20,"I just want to get out of the house and do something fun",48,87095fd8-ff8f-68d8-2fff-6538d15da977
20,"I just want to get out of the house and do something fun",49,0787d336-6919-7f12-7b58-658aa4fe352c
20,"I just want to get out of the house and do something fun",50,34d07d42-6c6f-4377-5afb-48b5553079a4
20,"I just want to get out of the house and do something fun",51,6b230518-c2c8-24c3-5c9d-9467b4d2d0e3
20,"I just want to get out of the house and do something fun",52,89fb7d8c-5c60-9650-e249-0801209cf49a
20,"I just want to get out of the house and do something fun",53,5c184e0b-e443-cc4f-6610-8d226b944e71
20,"I just want to get out of the house and do something fun",54,163f83fd-6326-9f76-2efd-5c945094fd83
20,"I just want to get out of the house and do something fun",55,e58b9522-ac35-ce62-bf8a-e9d9e3268b40
20,"I just want to get out of the house and do something fun",56,d6ebfa7b-f870-942f-6329-753599fc5552
20,"I just want to get out of the house and do something fun",57,36a5bc5e-f42e-c5f6-96af-30545cf04a24
20,"I just want to get out of the house and do something fun",58,128ad76f-b8f4-9737-451c-85e149f5781c
20,"I just want to get out of the house and do something fun",59,329e9878-b3fa-998d-9d87-b877a5e0f2a0
20,"I just want to get out of the house and do something fun",60,a626f641-c74b-1e6c-d959-df7fcc0410c3
20,"I just want to get out of the house and do something fun",61,6ffceaeb-45c1-ecba-ab8d-200351109f0f
20,"I just want to get out of the house and do something fun",62,40f075b9-c285-b79c-7716-0ace0a33c917
20,"I just want to get out of the house and do something fun",63,b90fe2b7-2c73-d40e-7707-9b081d388827
20,"I just want to get out of the house and do something fun",64,b69179dc-2ccc-c125-bde9-f44ab44f6d68
20,"I just want to get out of the house and do something fun",65,39356715-9323-e258-099a-d5c2d7e384d2
20,"I just want to get out of the house and do something fun",66,d9a76b01-bc7f-1043-2c04-93c20fe7292d
20,"I just want to get out of the house and do something fun",67,b5bbc425-550d-c332-9a69-fb5fdafd13c0
20,"I just want to get out of the house and do something fun",68,374cf35d-e179-24f6-9df3-20e2978f7b2f
20,"I just want to get out of the house and do something fun",69,ed370fba-9525-2c15-141d-8aa30fd100c8
20,"I just want to get out of the house and do something fun",70,00562523-0a0e-dd8b-ebb6-b5250900b508
20,"I just want to get out of the house and do something fun",71,00e8d3e2-e2a4-f0f9-2bc9-d0d1ebf0afc6
20,"I just want to get out of the house and do something fun",72,6fb6e243-0d52-a128-746f-35141073c4d9
20,"I just want to get out of the house and do something fun",73,a2c66b92-0f8f-e4ab-0430-1951d8032f8d
20,"I just want to get out of the house and do something fun",74,3f412e93-a9de-734d-7f2d-56024fc5cee5
20,"I just want to get out of the house and do something fun",75,9557c937-cc6c-39a1-298d-5ba4961fd448
20,"I just want to get out of the house and do something fun",76,bf5a53ed-6757-0129-20d7-7575bec5142b
20,"I just want to get out of the house and do something fun",77,820ebb62-a7ff-a8b2-72cd-a0914779e710
20,"I just want to get out of the house and do something fun",78,c8bbc0a6-7247-713c-dd63-cae057db2154
20,"I just want to get out of the house and do something fun",79,31a37e24-db42-7d24-2f29-547b52d40dee
20,"I just want to get out of the house and do something fun",80,87b9b704-4191-b222-df6a-0ca4574da247
20,"I just want to get out of the house and do something fun",81,cda8ad7c-8c07-92b8-d2dd-c90f90f5b78b
20,"I just want to get out of the house and do something fun",82,ee3a0227-42ab-20fc-b644-bfcf0576de9e
20,"I just want to get out of the house and do something fun",83,889be0f2-09f0-2c94-7576-15adb3e07f24
20,"I just want to get out of the house and do something fun",84,89b77fed-45f4-0a4f-ea5b-75613d2a95ee
20,"I just want to get out of the house and do something fun",85,9e0c79d3-f989-8865-d136-3a1824c49e13
20,"I just want to get out of the house and do something fun",86,e1fc7dd4-d1ec-f693-5774-0793b8d52a7d
20,"I just want to get out of the house and do something fun",87,0d8ffe02-0fee-1453-fee8-3262c5c5dcec
20,"I just want to get out of the house and do something fun",88,74a39d7f-37ab-b7d2-af10-d1315ecde70f
20,"I just want to get out of the house and do something fun",89,3dc534f1-67e3-72e8-302e-cc85b2c019a1
20,"I just want to get out of the house and do something fun",90,5ceb0547-bdcc-a3a2-c19c-3c38f0c4c8df
20,"I just want to get out of the house and do something fun",91,b17d69e4-c29d-838e-bca1-1d76b5685b44
20,"I just want to get out of the house and do something fun",92,e6fb8080-2e6d-7408-dfc1-6453367c473a
20,"I just want to get out of the house and do something fun",93,d2e474b0-4680-59b7-c5b6-43adb6044d91
20,"I just want to get out of the house and do something fun",94,49253d71-283c-83db-1b1a-272ca877f10b
20,"I just want to get out of the house and do something fun",95,f30807ca-276a-55fb-119e-dae5ee0ad500
20,"I just want to get out of the house and do something fun",96,b93a6dc0-3c4e-b2a4-dd62-f43dc782e58f
20,"I just want to get out of the house and do something fun",97,f182c736-0fb0-7513-b347-8ddd33624942
20,"I just want to get out of the house and do something fun",98,86cb9eb1-87ac-8218-c45f-01377d291170
20,"I just want to get out of the house and do something fun",99,d415d8a3-9239-4bd4-3e08-59461ff95414
20,"I just want to get out of the house and do something fun",100,a017c7a6-eb76-c8d7-397b-6ec04a812d6e
20,"I just want to get out of the house and do something fun",101,d6b0fb8f-5e3c-887d-b1a4-50c8232e6cb5
20,"I just want to get out of the house and do something fun",102,71907763-2967-6154-c7d4-b819a003c7eb
20,"I just want to get out of the house and do something fun",103,f465e4f4-fed5-2dc7-e00b-0c11b39f62f1
20,"I just want to get out of the house and do something fun",104,1f345b4e-89f8-0be0-7ca8-f42e5cc5867d
20,"I just want to get out of the house and do something fun",105,b516784e-ea19-632e-4a25-c3b5c0fcd5b0
20,"I just want to get out of the house and do something fun",106,3732c5a8-e63f-4959-881e-5a030b1690d0
20,"I just want to get out of the house and do something fun",107,6a046a68-7cc8-4e6c-17e8-820de4fa9954
20,"I just want to get out of the house and do something fun",108,a91a53ee-7997-9bdc-bfdf-2afd17d71c92
20,"I just want to get out of the house and do something fun",109,7bfd085f-10a7-fda1-a532-c6399673a4b0
20,"I just want to get out of the house and do something fun",110,8460789d-3186-9b6c-194b-67d142af74b4
20,"I just want to get out of the house and do something fun",111,c5693a92-c8e7-a402-5dc0-cf2f6a51fd0c
20,"I just want to get out of the house and do something fun",112,73f092f9-e8f1-d850-f5de-ba4478708f39
20,"I just want to get out of the house and do something fun",113,a30834bc-f999-27f1-8bed-31f46484b551
20,"I just want to get out of the house and do something fun",114,036ca492-8b94-9302-a529-62fbb6d1e185
20,"I just want to get out of the house and do something fun",115,6cac0c5f-e048-d50b-e05a-63463009b0af
20,"I just want to get out of the house and do something fun",116,9220ce1e-657e-fa58-7171-54be24971ec3
20,"I just want to get out of the house and do something fun",117,63b4439c-c00f-4e85-f940-4a0b5d25340d
20,"I just want to get out of the house and do something fun",118,abb47f57-1d9f-c721-9e76-0f06b82fb76f
20,"I just want to get out of the house and do something fun",119,27e499b9-35c2-c44d-4bde-77e249cc5de2
20,"I just want to get out of the house and do something fun",120,09d84fbd-c6e6-8992-fdd6-81ea98836d53
20,"I just want to get out of the house and do something fun",121,c500fa33-c1ad-f30e-fa76-c88d29b15e91
20,"I just want to get out of the house and do something fun",122,1c211b1e-9b5d-ddfd-a837-33e42abebd52
20,"I just want to get out of the house and do something fun",123,f5485727-1800-531e-2154-e3d595deedf3
20,"I just want to get out of the house and do something fun",124,ee2687f1-bd4b-bb2c-90c7-7a5b134d5aab
20,"I just want to get out of the house and do something fun",125,88ce72df-507c-f6ab-d827-e3d4b385f5d1
20,"I just want to get out of the house and do something fun",126,865b15bf-64fd-f5e7-2bfd-5476b2dabc49
20,"I just want to get out of the house and do something fun",127,5237ae01-d0a4-2289-467c-115e94e71458
20,"I just want to get out of the house and do something fun",128,b8563cbb-83f3-14ef-daf7-16743d25f211
20,"I just want to get out of the house and do something fun",129,387ad309-4d13-1a7c-e94c-07caa1b2c061
20,"I just want to get out of the house and do something fun",130,3f0b7041-c770-6dff-58ed-6668505a88a0
20,"I just want to get out of the house and do something fun",131,c06f8d01-ca4d-80d1-f6dc-c1dc7505aafc
20,"I just want to get out of the house and do something fun",132,43468f08-8f3d-b62b-9188-625ec700b568
20,"I just want to get out of the house and do something fun",133,b835a9ea-a3db-1d27-8da9-698e166deaa2
20,"I just want to get out of the house and do something fun",134,5218e39b-275c-0230-3798-698b99781935
20,"I just want to get out of the house and do something fun",135,af8c9f26-4cbc-2414-34e8-765d1a7a801c
20,"I just want to get out of the house and do something fun",136,bb203aaa-6b32-bab8-4979-b68557ca28ee
20,"I just want to get out of the house and do something fun",137,fee6b9cc-af04-53e2-5da3-a30957c3b5bf
20,"I just want to get out of the house and do something fun",138,15cd3fb7-a7fc-1708-6bea-a501615ec532
20,"I just want to get out of the house and do something fun",139,1fc825e3-14d5-2cb5-f1e2-277ab031cdea
20,"I just want to get out of the house and do something fun",140,0f5fd85c-3ce8-8db6-de89-9d2e6e3c9540
20,"I just want to get out of the house and do something fun",141,aba001d4-2e57-f146-a452-063776a83714
20,"I just want to get out of the house and do something fun",142,a989343e-9532-b77a-ac69-a7cc40e8eb46
20,"I just want to get out of the house and do something fun",143,0d5a099e-5133-eb13-083e-41e523ab060f
20,"I just want to get out of the house and do something fun",144,22d32ea5-99bd-bdaa-335c-b42ca7a15a94
20,"I just want to get out of the house and do something fun",145,af18d9a4-0efd-fcfc-9466-96920367e468
20,"I just want to get out of the house and do something fun",146,4ec43660-ba8f-dd3f-de3c-d3b9c91afae9
20,"I just want to get out of the house and do something fun",147,e1aa20c4-90fe-e8a7-925a-ff17f1edb48b
20,"I just want to get out of the house and do something fun",148,e34a20bd-d7e6-1921-5562-29fcf73e2247
20,"I just want to get out of the house and do something fun",149,ef6a2ed3-ef2b-ed61-8351-220a23035ee1
20,"I just want to get out of the house and do something fun",150,621a865f-1061-3d0c-eefe-b74fb9d7ff27
20,"I just want to get out of the house and do something fun",151,d861ab04-1dfe-f80b-203a-6b987253ad98
20,"I just want to get out of the house and do something fun",152,3581f6f9-d74f-2930-7cbf-82903d7fd9b4
20,"I just want to get out of the house and do something fun",153,59f28d92-cfb1-4977-6673-2f737dc179fa
20,"I just want to get out of the house and do something fun",154,1967b1f6-b731-5204-30df-55e7c94fdb62
20,"I just want to get out of the house and do something fun",155,b025d77d-0acb-7068-18d6-a85473cdcc2c
20,"I just want to get out of the house and do something fun",156,90d48d80-14ea-f66a-efed-6edf36762240
20,"I just want to get out of the house and do something fun",157,14b3e41d-c4ed-a39d-82b7-95fc724eeab8
20,"I just want to get out of the house and do something fun",158,4b7eb04f-3faf-39f6-9b20-f3373effe3a4
20,"I just want to get out of the house and do something fun",159,6a363939-74a8-200b-7463-6021a9cc1f55
20,"I just want to get out of the house and do something fun",160,43db1f46-e59e-bee4-83d5-840f2d848e4d