event_id,title,category,venue_name,neighborhood,description
1ef66e0b-4da0-c445-72c0-6211f390faae,"Movies Under the Stars: Greenland 2: Migration","Movies Under the Stars","Midland Field","","Grab a blanket and come enjoy a movie in a neighborhood park or playground! This summer, NYC Parks and The Mayor&#8217;s Office of Media and Entertainment will host family-friendly movie showings across the five boroughs. <br/><br/>The surviving Garrity family must leave the safety of the Greenland bunker and embark on a perilous journey across the decimated frozen wasteland of Europe to find a new home. <br/><br/>Rated PG-13 <br/><br/>The following movie has been rated PG-13. Some material may be inappropriate for young children. Parents may wish to consider whether it should be viewed by those under 13. <br/><br/>Movies begin at dusk. This event is FREE and open to the public. Glass bottles and alcoholic beverages are strictly prohibited. In the event of heavy rain or extreme weather, the screening may be canceled. The decision to cancel the event will be made prior to the screening and will be promptly posted on our website. <br/><br/>For more information visit nyc.gov/parks or call 311. Contact (212) 360-1430 or accessibility@parks.nyc.gov for more information regarding accessibility."
27029a54-9b9f-5119-3c05-ea70fb25cf1a,"Movies Under the Stars: A Minecraft Movie","Movies Under the Stars","Parkside Playground","","Grab a blanket and come enjoy a movie in a neighborhood park or playground! This summer, NYC Parks and The Mayor&#8217;s Office of Media and Entertainment will host family-friendly movie showings across the five boroughs. <br/><br/>Four misfits are suddenly pulled through a mysterious portal into a bizarre, cubic wonderland that thrives on imagination. To get back home, they&#8217;ll have to master this world while embarking on a quest with an unexpected, expert crafter.<br/><br/>Movies begin at dusk. This event is FREE and open to the public. Glass bottles and alcoholic beverages are strictly prohibited. In the event of heavy rain or extreme weather, the screening may be canceled. The decision to cancel the event will be made prior to the screening and will be prominently posted on our website.<br/><br/>For more information visit nyc.gov/parks or call 311. Contact (212) 360-1430 or accessibility@parks.nyc.gov for more information regarding accessibility."
fd242173-cd37-577c-dc25-15bbd5ce0e32,"Movies Under the Stars: Hoppers (2026)","Movies Under the Stars","Judge Moses Weinstein Playground","","Grab a blanket and come enjoy a movie in a neighborhood park or playground! This summer, NYC Parks and The Mayor&#8217;s Office of Media and Entertainment will host family-friendly movie showings across the five boroughs. <br/><br/>Animal lover Mabel uses clever new technology designed to ""hop"" human consciousness into lifelike robotic animals to communicate with beavers, uncovering mysteries within the animal world beyond anything she could have imagined.<br/><br/>Rated PG<br/>The following movie has been rated PG. Some material may not be suitable for children. The film should be investigated further by parents before they let their younger children attend.<br/><br/>Movies begin at dusk. This event is FREE and open to the public. Glass bottles and alcoholic beverages are strictly prohibited. In the event of heavy rain or extreme weather, the screening may be canceled. The decision to cancel the event will be made prior to the screening and will be promptly posted on our website.<br/><br/>For more information visit nyc.gov/parks or call 311. Contact (212) 360-1430 or accessibility@parks.nyc.gov for more information regarding accessibility.<br/>"
e58b9522-ac35-ce62-bf8a-e9d9e3268b40,"Movies Under the Stars: Ferris Bueller&#8217;s Day Off","Movies Under the Stars","Spuyten Duyvil Playground","","Grab a blanket and come enjoy a movie in a neighborhood park or playground! This summer, NYC Parks and The Mayor&#8217;s Office of Media and Entertainment will host family-friendly movie showings across the five boroughs. <br/><br/>A charismatic high-school student convinces his repressed best friend to play hooky and his girlfriend and attempts to bring the young man out of his shell during a memorable day in Chicago.<br/><br/>Movies begin at dusk. This event is FREE and open to the public. Glass bottles and alcoholic beverages are strictly prohibited. In the event of heavy rain or extreme weather, the screening may be canceled. The decision to cancel the event will be made prior to the screening and will be prominently posted on our website.<br/><br/>The following movie has been rated PG-13. Some material may be inappropriate for young children. Parents may wish to consider whether it should be viewed by those under 13.<br/><br/>For more information visit nyc.gov/parks or call 311. Contact (212) 360-1430 or accessibility@parks.nyc.gov for more information regarding accessibility."
6483e074-b3f5-4f37-7844-6ed1ca8330d6,"Brooklyn Bridge Park Movies With A View presented by Persol","Free Summer Movies","Brooklyn Bridge Park","","<p>Brooklyn Bridge Park's free outdoor film series, Movies With A View presented by Persol, is back for 2026! Enjoy free screenings on Thursday evenings in July and August &#8211; expanding with an additional family film night on Friday, September 18.</p><p>This summer&#8217;s lineup features beloved classics and modern hits, taking place across the globe from Italy to Costa Rica and back to New York City. With a diverse blend of genres, including action, romantic comedy, and a musical, there is something for everyone to enjoy.</p><p>Each evening, the lawn opens at 6:00 PM and the movie begins at sunset. Entry is free on a first-come, first-served basis.</p><p><br><strong>Thursday, July 2: Hamilton</strong> (PG-13, 2020, 160 minutes) &#8211; Kick off the 4th of July weekend with New York&#8217;s own Lin-Manuel Miranda&#8217;s imaginative retelling of American founding father Alexander Hamilton. This is the filmed version of the Broadway production &#8211; singing along is encouraged!</p><p><br><strong>Thursday, July 9: When Harry Met Sally</strong> (R, 1989, 95 minutes) &#8211; This classic romantic comedy starring Meg Ryan and Billy Crystal attempts to answer the question, &#8220;Can men and women just be friends?&#8221;. Directed by the late Rob Reiner.</p><p><br><strong>Thursday, July 16: Bend it like Beckham</strong> (PG-13, 2002, 112 minutes) &#8211; Leading up to the World Cup Final, revisit the popular film about a young woman chasing her passion for soccer despite her family&#8217;s wishes.</p><p><br><strong>Thursday, July 23: The Talented Mr. Ripley</strong> (R, 1999, 139 minutes) &#8211; Based on the bestselling novel, this psychological thriller sets Matt Damon, Jude Law, and Gwyneth Paltrow against the Italian coast, making it the perfect film to watch on a summer evening in the park.</p><p><br><strong>Thursday, July 30: Clueless</strong> (PG-13, 1995, 97 minutes) &#8211; The beloved film adapted from Jane Austen&#8217;s Emma about a high school student playing matchmaker for her peers and teachers is a perfect movie to watch on the lawn with friends.</p><p><br><strong>Thursday, August 6: Jurassic Park </strong>(PG-13, 1993, 122 minutes) &#8211; The first film of the epic franchise thirty years in the making, revisit the original movie when scientists first set foot on Isla Nubar and encounter the adventure of a lifetime.</p><p><br><strong>Thursday, August 13: Do the Right Thing </strong>(R, 1989, 120 minutes) &#8211; Directed by Brooklyn&#8217;s Spike Lee, this classic film follows the stories of various Bed-Stuy residents on a hot summer day, culminating in violence and tragedy.</p><p><br><strong>Thursday, August 20: Bridesmaids</strong> (R, 2011, 125 minutes) &#8211; This box-office hit comedy features career-defining performances by Kristen Wiig, Maya Rudolph, Rose Byrne, Melissa McCarthy and more.</p><p><br><strong>Thursday, August 27: Public Choice</strong> &#8211; In early August, the public gets to vote for their favorite selection from three options to view on August 27! Selections include Challengers (R, 2024, 131 minutes), The Great Gatsby (PG-13, 2013, 143 minutes), and Ocean&#8217;s Eleven (PG-13, 2001, 116 minutes). Voting takes place online at brooklynbridgepark.org.</p><p><br><strong>Friday, September 18: How to Train Your Dragon</strong> (PG, 2010, 93 minutes) &#8211; Extending to our first September viewing, join for family film night with this fun animated story about a young Viking who befriends a dragon.</p><p><br>This year&#8217;s line-up of free screenings is presented by Persol. Throughout the series,&#8239;Persol&#8239;will bring the spirit of the Italian Riviera to Brooklyn Bridge Park through&#8239;immersive on-site activations&#8239;inspired by the effortless elegance,&#8239;and cinematic atmosphere of the brand&#8217;s Spring/Summer 2026 campaign and collection.</p><p><br>Guests are encouraged to arrive early to grab a spot at Pier 1 Harbor View Lawn in Brooklyn Bridge. Guests are welcome to bring their own food for picnicking and encouraged to support nearby Park concessions and neighborhood restaurants. Popcorn, water, soft drinks, and alcoholic beverages (for those 21+) will be available for sale on-site by&#8239;Fornino. Attendees are encouraged to bring picnic blankets or small soft cushions but reminded that lawn chairs and dogs are not permitted on the lawn, and glass bottles and outside alcohol are never allowed in the Park. For full details, please visit <a href=""https://brooklynbridgepark.org/event-series/movies-with-a-view/"">brooklynbridgepark.org/event-series/movies-with-a-view</a></p><p><br> </p>"
865b15bf-64fd-f5e7-2bfd-5476b2dabc49,"Movie Night: Zootopia 2","Waterfront","Randall's Island Park","","<p><br>Bring a blanket and settle in under the stars for an outdoor movie night in the Park. Enjoy sweeping views of the Hell Gate Bridge and the city skyline while watching <i>Zootopia 2, </i>the perfect pick for a fun summer evening! </p><p><strong>Location: Field 62 Urban Farm </strong></p><p>For inquiries about accessibility, to request an accommodation or for event information, please email <a href=""mailto:publicprograms@randallsisland.org"">publicprograms@randallsisland.org</a>. </p>"
90d48d80-14ea-f66a-efed-6edf36762240,"Movies Under the Stars: The Land of Sometimes (2026)","Movies Under the Stars","De Matti Park","","Grab a blanket and come enjoy a movie in a neighborhood park or playground! This summer, NYC Parks and The Mayor&#8217;s Office of Media and Entertainment will host family-friendly movie showings across the five boroughs. <br/><br/>Brother and sister Alfie and Elise keep wishing for more, until the night before Christmas when the strange and mysterious Wish Collector appears and whisks them off to the Land of Sometimes, where all their wishes can come true. <br/><br/>Rated PG <br/><br/>The following movie has been rated PG. Some material may not be suitable for children. The film should be investigated further by parents before they let their younger children attend. <br/><br/>Movies begin at dusk. This event is FREE and open to the public. Glass bottles and alcoholic beverages are strictly prohibited. In the event of heavy rain or extreme weather, the screening may be canceled. The decision to cancel the event will be made prior to the screening and will be promptly posted on our website. <br/><br/>For more information visit nyc.gov/parks or call 311. Contact (212) 360-1430 or accessibility@parks.nyc.gov for more information regarding accessibility."
46240cc1-8f8c-3aff-157c-2553cbb7b95b,"The Sandlot (Rooftop Cinema)","Film & cinema","Rooftop Cinema Club Midtown","Midtown","Open-air rooftop screening of The Sandlot at Rooftop Cinema Club Midtown"
6d7996c5-e228-7b72-461e-7e7c39bf7160,"Movies Under the Stars: Superman (2025)","Movies Under the Stars","Homecrest Playground","","Grab a blanket and come enjoy a movie in a neighborhood park or playground! This summer, NYC Parks and The Mayor&#8217;s Office of Media and Entertainment will host family-friendly movie showings across the five boroughs. <br/><br/>In his signature style, James Gunn takes on the original superhero in the newly imagined DC universe with a singular blend of epic action, humor and heart, delivering a Superman who&#8217;s driven by compassion and an inherent belief in the goodness of humankind. <br/><br/>Rated PG-13 <br/><br/>The following movie has been rated PG-13. Some material may be inappropriate for young children. Parents may wish to consider whether it should be viewed by those under 13. <br/><br/>Movies begin at dusk. This event is FREE and open to the public. Glass bottles and alcoholic beverages are strictly prohibited. In the event of heavy rain or extreme weather, the screening may be canceled. The decision to cancel the event will be made prior to the screening and will be promptly posted on our website. <br/><br/>For more information visit nyc.gov/parks or call 311. Contact (212) 360-1430 or accessibility@parks.nyc.gov for more information regarding accessibility."
0537314a-7538-c5ac-dbc4-ef51b2a94869,"Movies Under the Stars: Superman (2025)","Movies Under the Stars","Bowne Playground","","Grab a blanket and come enjoy a movie in a neighborhood park or playground! This summer, NYC Parks and The Mayor&#8217;s Office of Media and Entertainment will host family-friendly movie showings across the five boroughs. <br/><br/>In his signature style, James Gunn takes on the original superhero in the newly imagined DC universe with a singular blend of epic action, humor and heart, delivering a Superman who&#8217;s driven by compassion and an inherent belief in the goodness of humankind.<br/><br/>Rated PG-13<br/>The following movie has been rated PG-13. Some material may be inappropriate for young children. Parents may wish to consider whether it should be viewed by those under 13.<br/><br/>Movies begin at dusk. This event is FREE and open to the public. Glass bottles and alcoholic beverages are strictly prohibited. In the event of heavy rain or extreme weather, the screening may be canceled. The decision to cancel the event will be made prior to the screening and will be promptly posted on our website.<br/><br/>For more information visit nyc.gov/parks or call 311. Contact (212) 360-1430 or accessibility@parks.nyc.gov for more information regarding accessibility.<br/>"
35e42701-0e60-7c96-f2ae-df55a809efdd,"Bryant Park Movie Nights","Free Summer Movies","Bryant Park","","<p>Movie Nights at Bryant Park returns for its 33rd season! Bring a blanket and a friend and grab your spot on the lawn to watch a feature film on the big screen under the stars. The lawn opens at 5pm and films begin at 8pm.</p><p>Food items for sale curated by Hester Street Fair are available 4pm-8:30pm on the Fountain Terrace, and beer and wine can be purchased on the western end of the lawn beginning at 5pm. Paramount+ Movie Nights at Bryant Park are supported by Time Out and Sour Patch Kids.</p><p>Jul 13: Wayne's World</p><p>Jul 20: Good Morning Vietnam</p><p>Jul 27: The Truman Show</p><p>Aug 03: Bridget Jones's Diary</p><p>Aug 10: Catch Me If You Can</p><p>Aug 17: City of God</p><p>Aug 24: King Creole</p><p>Aug 31: No Country for Old Men</p><p>Sep 07: Galaxy Quest</p><p>Sept 14: Shakespeare in Love</p>"
f7ed64ee-ab19-263c-c595-dbdc10174968,"Movies Under the Stars: School of Rock (2003)","Movies Under the Stars","","","Grab a blanket and come enjoy a movie in a neighborhood park or playground! This summer, NYC Parks and The Mayor&#8217;s Office of Media and Entertainment will host family-friendly movie showings across the five boroughs. <br/><br/>Dewey Finn gets kicked out of his band and faces mounting debts. Desperate for work, he poses as his roommate to land a substitute teaching job at a prestigious prep school.<br/><br/>Rated PG-13 <br/><br/>The following movie has been rated PG-13. Some material may be inappropriate for young children. Parents may wish to consider whether it should be viewed by those under 13. <br/><br/>Movies begin at dusk. This event is FREE and open to the public. Glass bottles and alcoholic beverages are strictly prohibited. In the event of heavy rain or extreme weather, the screening may be canceled. The decision to cancel the event will be made prior to the screening and will be promptly posted on our website. <br/><br/> <br/><br/>For more information visit nyc.gov/parks or call 311. Contact (212) 360-1430 or accessibility@parks.nyc.gov for more information regarding accessibility."
3224ea40-526a-cd10-83de-7bc7c48642eb,"Summerstarz 2026 Free Movies","Free Summer Movies","WNYC Transmitter Park","","<p>Town Square BK's SummerSTARZ 2026 free movies are back in Transmitter Park. Arrive early to snag a good spot on the grass and enjoy the gorgeous Brooklyn waterfront until the movie starts at sunset. Get your FREE tickets here: <a href=""https://summerstarz-2025.eventbrite.com/"">https://summerstarz-2026.eventbrite.com</a></p><ul><li>Fri. July 17 - Zootopia 2 >> POSTPONED TO Aug 21!!</li><li>Fri. July 24 - The Princess Bride</li><li>Fri. July 31 - Michael</li><li>Fri. August 7 - Ford v Ferrari</li><li>Fri. August 14 - Project Hail Mary</li><li>Fri. August 21 - Zootopia 2</li></ul><p> </p>"
abfe5a50-98a4-445c-8afa-5e20bded568c,"Movies Under the Stars: Space Jam","Movies Under the Stars","Eugene McCabe Field","","Grab a blanket and come enjoy a movie in a neighborhood park or playground! This summer, NYC Parks and The Mayor&#8217;s Office of Media and Entertainment will host family-friendly movie showings across the five boroughs.<br/><br/>Michael Jordan makes his starring film debut opposite the celluloid skills of Warner Bros.' Looney Tunes. Jordan must help the Looney Tunes win a basketball game against a group of outer-space creatures who plan, if they win, to kidnap the Looney Tunes and take them to an interplanetary theme park as the latest attraction. Numerous NBA All-Stars, including Charles Barkley, Larry Bird, Patrick Ewing, Larry Johnson, Muggsey Bogues and Shawn Bradley, make appearances.<br/><br/>Rated PG<br/>Parental Guidance Suggested. Some Material May Not Be Suitable For Children. A PG-rated motion picture should be investigated by parents before they let their younger children attend.<br/><br/>Movies begin at dusk. This event is FREE and open to the public. Glass bottles and alcoholic beverages are strictly prohibited. In the event of heavy rain or extreme weather, the screening may be canceled. The decision to cancel the event will be made prior to the screening and will be promptly posted on our website.<br/><br/>For more information visit nyc.gov/parks or call 311. Contact (212) 360-1430 or accessibility@parks.nyc.gov for more information regarding accessibility."
4d6add26-da1e-323d-ef23-a5f303c9600d,"Movies Under the Stars: The Spongebob Movie: Search for Squarepants (2025)","Movies Under the Stars","Irving Square Park","","Grab a blanket and come enjoy a movie in a neighborhood park or playground! This summer, NYC Parks and The Mayor&#8217;s Office of Media and Entertainment will host family-friendly movie showings across the five boroughs. <br/><br/> <br/><br/>Hoping to prove his bravery to Mr. Krabs, SpongeBob follows a mysterious, swashbuckling ghost pirate known as the Flying Dutchman on a seafaring adventure that takes him to the deepest depths of the ocean. <br/><br/>Rated PG <br/><br/>The following movie has been rated PG. Some material may not be suitable for children. The film should be investigated further by parents before they let their younger children attend. <br/><br/> <br/><br/>Movies begin at dusk. This event is FREE and open to the public. Glass bottles and alcoholic beverages are strictly prohibited. In the event of heavy rain or extreme weather, the screening may be canceled. The decision to cancel the event will be made prior to the screening and will be promptly posted on our website. <br/><br/> <br/><br/>For more information visit nyc.gov/parks or call 311. Contact (212) 360-1430 or accessibility@parks.nyc.gov for more information regarding accessibility."
f5bb56f8-4363-9bf6-ae2d-82b1ddb01930,"Summer on the Hudson: Pier I Picture Show- The Maltese Falcon (1941)","Free Summer Movies","Riverside Park South","","<p>Pack a picnic, bring a friend, and settle in for a night of premier movies on the Pier. Film begins at dusk. Open Captioned.</p><p><strong>THIS YEAR&#8217;S THEME: IT BELONGS IN A MUSEUM! </strong></p><ul><li><strong>July 8:</strong> <a href=""https://www.imdb.com/title/tt0082971/"">Raiders of the Lost Ark</a> (1981) PG &#8226; 1h 55m </li><li><strong>July 15:</strong> <a href=""https://www.imdb.com/title/tt0082474/?ref_=fn_t_1"">The Great Muppet Caper</a> (1981) G &#8226; 1h 37m </li><li><strong>July 22:</strong> <a href=""https://www.imdb.com/title/tt3262342/?ref_=nv_sr_srsg_0_tt_7_nm_1_in_0_q_Loving%20Vincent"">Loving Vincent</a> (2017) PG-13 &#8226; 1h 35m </li><li><strong>July 29: </strong><a href=""https://www.imdb.com/title/tt0033870/?ref_=nv_sr_srsg_0_tt_6_nm_2_in_0_q_The%20Maltese%20Falcon"">The Maltese Falcon</a> (1941) NR &#8226; 1h 41m </li><li><strong>August 5:</strong> <a href=""https://www.imdb.com/title/tt1979388/?ref_=nv_sr_srsg_0_tt_8_nm_0_in_0_q_the%20good%20di"">The Good Dinosaur</a> (2015) PG &#8226; 1h 33m </li><li><strong>August 12:</strong> <a href=""https://www.imdb.com/title/tt14561712/?ref_=nv_sr_srsg_0_tt_8_nm_0_in_0_q_La%20Chimera"">La Chimera</a> (2023) NR &#8226; 2h 11m </li><li><strong>August 19:</strong> <a href=""https://www.imdb.com/title/tt0368891/?ref_=nv_sr_srsg_0_tt_8_nm_0_in_0_q_National%20Treasure%20"">National Treasure </a>(2004) PG &#8226; 2h 11m</li></ul>"
e0392fa4-81f0-8696-1192-ba3c8d950559,"Movies Under the Stars: Wicked: For Good","Movies Under the Stars","Williamsbridge Oval","","Grab a blanket and come enjoy a movie in a neighborhood park or playground! This summer, NYC Parks and The Mayor&#8217;s Office of Media and Entertainment will host family-friendly movie showings across the five boroughs. <br/><br/>Elphaba, the future Wicked Witch of the West and her relationship with Glinda, the Good Witch of the North. <br/><br/>Rated PG <br/><br/>The following movie has been rated PG. Some material may not be suitable for children. The film should be investigated further by parents before they let their younger children attend. <br/><br/>Movies begin at dusk. This event is FREE and open to the public. Glass bottles and alcoholic beverages are strictly prohibited. In the event of heavy rain or extreme weather, the screening may be canceled. The decision to cancel the event will be made prior to the screening and will be promptly posted on our website. <br/><br/>For more information visit nyc.gov/parks or call 311. Contact (212) 360-1430 or accessibility@parks.nyc.gov for more information regarding accessibility."
a91a53ee-7997-9bdc-bfdf-2afd17d71c92,"Movies Under the Stars: Kicking & Screaming","Recreation Center Programming","Blood Root Valley","","Grab a blanket and come enjoy a movie in a neighborhood park or playground! This summer, NYC Parks and The Mayor&#8217;s Office of Media and Entertainment will host family-friendly movie showings across the five boroughs. <br/><br/>A mild-mannered dad turns competitive when he realizes that by agreeing to coach his son's soccer team he'll be going against his own macho father, who's coaching a rival team. <br/><br/>Rated PG <br/><br/>The following movie has been rated PG. Some material may not be suitable for children. The film should be investigated further by parents before they let their younger children attend. <br/><br/>Movies begin at dusk. This event is FREE and open to the public. Glass bottles and alcoholic beverages are strictly prohibited. In the event of heavy rain or extreme weather, the screening may be canceled. The decision to cancel the event will be made prior to the screening and will be promptly posted on our website. <br/><br/>For more information visit nyc.gov/parks or call 311. Contact (212) 360-1430 or accessibility@parks.nyc.gov for more information regarding accessibility."
8fee813c-e691-b1c7-0fbc-066d0e733ebb,"Movies Under the Stars: When Harry Met Sally","Recreation Center Programming","Asser Levy Playground","","Grab a blanket and come enjoy a movie in a neighborhood park or playground! This summer, NYC Parks and The Mayor&#8217;s Office of Media and Entertainment will host family-friendly movie showings across the five boroughs.<br/><br/>Meg Ryan and Billy Crystal star as two best friends of the opposite sex in the blockbuster, heartwarming romantic comedy When Harry Met Sally. Harry Burns (Crystal--Analyze This) and Sally Albright (Ryan--In the Land of Women) meet when the share a car on a trip from Chicago to New York right after both graduate from college. As the two build their lives and careers in Manhattan, they find love and heartache--with other people--but their paths continue to cross and their friendship continues to grow over the years ... until they confront the decision whether to let their friendship develop into romance.<br/><br/>Rated R:<br/>Contains some adult material. Parents are urged to learn more about the film before taking their young children with them.<br/><br/>Movies begin at dusk. This event is FREE and open to the public. Glass bottles and alcoholic beverages are strictly prohibited. In the event of heavy rain or extreme weather, the screening may be canceled. The decision to cancel the event will be made prior to the screening and will be promptly posted on our website.<br/><br/>For more information visit nyc.gov/parks or call 311. Contact (212) 360-1430 or accessibility@parks.nyc.gov for more information regarding accessibility."
ed370fba-9525-2c15-141d-8aa30fd100c8,"Movies Under the Stars: Gabby's Dollhouse: The Movie","Movies Under the Stars","Gerard P. Dugan Playground","","Grab a blanket and come enjoy a movie in a neighborhood park or playground! This summer, NYC Parks and The Mayor&#8217;s Office of Media and Entertainment will host family-friendly movie showings across the five boroughs. <br/><br/>Gabby heads out on a road trip with her Grandma Gigi to the urban wonderland of Cat Francisco. But when Gabby's dollhouse, her most prized possession, ends up in the hands of an eccentric cat lady named Vera, Gabby sets off on an adventure through the real world to get the Gabby Cats back together and save the dollhouse before it's too late. <br/><br/>Rated G <br/><br/>This movie had been rated G. This film is suitable for all ages. <br/><br/>Movies begin at dusk. This event is FREE and open to the public. Glass bottles and alcoholic beverages are strictly prohibited. In the event of heavy rain or extreme weather, the screening may be canceled. The decision to cancel the event will be made prior to the screening and will be promptly posted on our website. <br/><br/>For more information visit nyc.gov/parks or call 311. Contact (212) 360-1430 or accessibility@parks.nyc.gov for more information regarding accessibility. <br/><br/>"
f2cc6e39-8cc9-41d2-28e5-be712f0559eb,"Movies Under the Stars: Wicked: For Good","Recreation Center Programming","Sorrentino Recreation Center","","Grab a blanket and come enjoy a movie in a neighborhood park or playground! This summer, NYC Parks and The Mayor&#8217;s Office of Media and Entertainment will host family-friendly movie showings across the five boroughs. <br/><br/>Elphaba, the future Wicked Witch of the West and her relationship with Glinda, the Good Witch of the North. <br/><br/>Rated PG <br/><br/>The following movie has been rated PG. Some material may not be suitable for children. The film should be investigated further by parents before they let their younger children attend. <br/><br/>Movies begin at dusk. This event is FREE and open to the public. Glass bottles and alcoholic beverages are strictly prohibited. In the event of heavy rain or extreme weather, the screening may be canceled. The decision to cancel the event will be made prior to the screening and will be promptly posted on our website. <br/><br/>For more information visit nyc.gov/parks or call 311. Contact (212) 360-1430 or accessibility@parks.nyc.gov for more information regarding accessibility. <br/>"
2b23d490-edd1-4a4f-2e00-ce70dc60689a,"Movies Under the Stars: The Bad Guys 2 (2025)","Movies Under the Stars","Evergreen Park","","Grab a blanket and come enjoy a movie in a neighborhood park or playground! This summer, NYC Parks and The Mayor&#8217;s Office of Media and Entertainment will host family-friendly movie showings across the five boroughs. <br/><br/>In the new action-packed chapter from DreamWorks Animation's acclaimed comedy smash about a crackerjack crew of animal outlaws, our now-reformed Bad Guys are trying (very, very hard) to be good, but instead find themselves hijacked into a high-stakes, globe-trotting heist, masterminded by a new team of criminals they never saw coming: The Bad Girls. <br/><br/>Rated PG <br/><br/>The following movie has been rated PG. Some material may not be suitable for children. The film should be investigated further by parents before they let their younger children attend. <br/><br/>Movies begin at dusk. This event is FREE and open to the public. Glass bottles and alcoholic beverages are strictly prohibited. In the event of heavy rain or extreme weather, the screening may be canceled. The decision to cancel the event will be made prior to the screening and will be promptly posted on our website. <br/><br/>For more information visit nyc.gov/parks or call 311. Contact (212) 360-1430 or accessibility@parks.nyc.gov for more information regarding accessibility."
0eba4583-43a2-cfb2-4a58-6db7160b5038,"Wild Inside (World Premiere)","Film & cinema","Central Park — Great Hill","Upper West Side","Feature Film Program"
a91c0b37-35eb-4591-fe64-23c39b471965,"The Notebook (Rooftop Cinema)","Film & cinema","Rooftop Cinema Club Midtown","Midtown","Open-air rooftop screening of The Notebook at Rooftop Cinema Club Midtown"
e86c0d50-aae8-a5f9-d729-bfc0eeb3acb6,"Cinema Under the Stars: The Price of the Ticket (1989) by Karen Thorsen","Free Summer Theater","St. Nicholas Park","","<p>AFF&#8217;s 2026 Summer Series presents The Price of the Ticket with an introduction by the Director Karen Thorsen. The film is preceded by James Baldwin: From Another Place. Live jazz + film under the stars! </p><p>Join us for a special evening of film, music, and community in St. Nicholas Park as part of AFF&#8217;s 2026 Summer Series. Festivities begin at 6:30 PM with live jazz by David Lee Jones & The Harlem Groove Band. At 8:15 PM, we&#8217;ll screen James Baldwin: From Another Place then The Price of the Ticket, a revelatory documentary showcasing archival footage and associates of James Baldwin. This emotional film expounds on Baldwin&#8217;s legacy with appearances from Maya Angelou, Amiri Baraka, William Stryton, and others. Bring your blankets, lawn chairs, and loved ones for a night under the stars. The program is co-presented by Maysles Cinema, Harlem One Stop, and NYC Parks.</p><p>Free and open to all. In case of rain, the screening will take place at Maysles Cinema.</p>"
acc56d70-3f69-4388-7377-d3e11ab3658f,"Free Movie On The Waterfront: Ferris Bueller's Day Off","Accessible Activities","Astoria Park","","<p>Join us for free movies on the waterfront! On the Great Lawn in Astoria Park. We will be showing Ferris Bueller's Day Off (Rated PG13) No registration required. </p>"
e89b1943-4fd8-2625-353f-3f6bbc614a0e,"Movies Under the Stars: Big Hero 6 (2014)","Movies Under the Stars","McKinley Park","","Grab a blanket and come enjoy a movie in a neighborhood park or playground! This summer, NYC Parks and The Mayor&#8217;s Office of Media and Entertainment will host family-friendly movie showings across the five boroughs. <br/><br/>A young tech whiz named Hiro must save his city from a nefarious villain with the help of his inflatable robot Baymax, as well as his friends Go Go Tomago, Wasabi, Honey Lemon and Fred.<br/><br/>Rated PG <br/><br/>The following movie has been rated PG. Some material may not be suitable for children. The film should be investigated further by parents before they let their younger children attend. <br/><br/>Movies begin at dusk. This event is FREE and open to the public. Glass bottles and alcoholic beverages are strictly prohibited. In the event of heavy rain or extreme weather, the screening may be canceled. The decision to cancel the event will be made prior to the screening and will be promptly posted on our website. <br/><br/> For more information visit nyc.gov/parks or call 311. Contact (212) 360-1430 or accessibility@parks.nyc.gov for more information regarding accessibility."
cc0c5e23-50cf-f7c2-d430-babca714b2dc,"Movies Under the Stars: Storks","Movies Under the Stars","Washington Market Park","","Grab a blanket and come enjoy a movie in a neighborhood park or playground! This summer, NYC Parks and The Mayor&#8217;s Office of Media and Entertainment will host family-friendly movie showings across the five boroughs.<br/><br/>Storks deliver babies... or at least they used to. Now they deliver packages for global internet Cornerstone.com. Junior, the company's top delivery stork, is about to be promoted when he accidentally activates the Baby Making Machine, producing an adorable and wholly unauthorized baby girl. Desperate to deliver this bundle of trouble before the boss gets wise, Junior and his friend Tulip, the only human on Stork Mountain, race to make their first-ever baby drop - in a wild and revealing journey that could make more than on family whole and restore the stork's true mission in the world.<br/><br/>Rated PG<br/>Parental Guidance Suggested. Some Material May Not Be Suitable For Children. A PG-rated motion picture should be investigated by parents before they let their younger children attend.<br/><br/>Movies begin at dusk. This event is FREE and open to the public. Glass bottles and alcoholic beverages are strictly prohibited. In the event of heavy rain or extreme weather, the screening may be canceled. The decision to cancel the event will be made prior to the screening and will be promptly posted on our website.<br/><br/>For more information visit nyc.gov/parks or call 311. Contact (212) 360-1430 or accessibility@parks.nyc.gov for more information regarding accessibility."
b8563cbb-83f3-14ef-daf7-16743d25f211,"Movies Under the Stars: Spy Kids","Family & kids","Alexander Hamilton Playground","","Grab a blanket and come enjoy a movie in a neighborhood park or playground! This summer, NYC Parks and The Mayor&#8217;s Office of Media and Entertainment will host family-friendly movie showings across the five boroughs.<br/><br/>The offspring of former secret agents must come to the rescue when their parents are kidnapped by a madman. Ten years after retiring to raise a family, the couple is lured back into the spy game to thwart a villain plotting world domination. But their plan goes awry and they're captured, leaving it up to their kids to save not only their parents, but all of humanity.<br/><br/>Rated PG<br/>Parental Guidance Suggested. Some Material May Not Be Suitable For Children. A PG-rated motion picture should be investigated by parents before they let their younger children attend.<br/><br/>Movies begin at dusk. This event is FREE and open to the public. Glass bottles and alcoholic beverages are strictly prohibited. In the event of heavy rain or extreme weather, the screening may be canceled. The decision to cancel the event will be made prior to the screening and will be promptly posted on our website.<br/><br/>For more information visit nyc.gov/parks or call 311. Contact (212) 360-1430 or accessibility@parks.nyc.gov for more information regarding accessibility."
9d339de4-da88-0a8c-daa3-b81c68fd93dc,"Movies Under the Stars: Spy Kids (2001)","Family & kids","Behagen Playground","","Grab a blanket and come enjoy a movie in a neighborhood park or playground! This summer, NYC Parks and The Mayor&#8217;s Office of Media and Entertainment will host family-friendly movie showings across the five boroughs.<br/><br/>After discovering their seemingly boring parents are the world's top-secret agents, the kids must utilize high-tech gadgets and out-of-this-world vehicles to rescue their family from an evil mastermind.<br/><br/>Movies begin at dusk. This event is FREE and open to the public. Glass bottles and alcoholic beverages are strictly prohibited. In the event of heavy rain or extreme weather, the screening may be canceled. The decision to cancel the event will be made prior to the screening and will be prominently posted on our website.<br/><br/>For more information visit nyc.gov/parks or call 311. Contact (212) 360-1430 or accessibility@parks.nyc.gov for more information regarding accessibility."
499984ba-56ac-5503-06a9-8c720ab3a0b5,"Paramount+ Movie Nights","Film & cinema","Bryant Park","Midtown",""
c393f98c-a6fa-9393-b2a8-7d8a04ce1737,"10 Things I Hate About You (Rooftop Cinema)","Film & cinema","Rooftop Cinema Club Midtown","Midtown","Open-air rooftop screening of 10 Things I Hate About You at Rooftop Cinema Club Midtown"
cb12a15b-f521-8ae6-72bd-0bc8284f8556,"Almost Famous (Rooftop Cinema)","Film & cinema","Rooftop Cinema Club Midtown","Midtown","Open-air rooftop screening of Almost Famous at Rooftop Cinema Club Midtown"
22e6532a-691f-c082-4cc4-3592783aee62,"Mamma Mia! (Rooftop Cinema)","Film & cinema","Rooftop Cinema Club Midtown","Midtown","Open-air rooftop screening of Mamma Mia! at Rooftop Cinema Club Midtown"
c684d95d-b726-2b01-8a46-f9a0e20f2035,"Obsession (Rooftop Cinema)","Film & cinema","Rooftop Cinema Club Midtown","Midtown","Open-air rooftop screening of Obsession at Rooftop Cinema Club Midtown"
9f2a405d-92c6-3d90-151a-e71186647f95,"Movies With A View: Clueless","Arts & Culture","Harbor View Lawn, Brooklyn Bridge Park","Brooklyn Bridge Park","One of Brooklyn Bridge Park’s most popular series, Movies With A View presented by Persol, returns for its 26th season..."
728ae5d1-3b04-57a6-c146-9b3970a63262,"Cocktails on the Farm","Gardening","Randall's Island Park","","<p><strong>Enjoy a relaxed evening at Randall&#8217;s Island Park with Cocktails on our Urban Farm!</strong></p><p>Sip on farm-fresh cocktails (21+) or complimentary mocktails, while enjoying plant-based bites, crafts, and activities. Plus, bring your clothing and textiles that need repair for a hands-on mending workshop with Repair Cafe El Barrio!</p><p>Afterwards, join us for Movie Night! Bring a blanket and settle in under the stars for an outdoor movie night in the Park. Enjoy sweeping views of the Hell Gate Bridge and the city skyline while watching Zootopia 2, the perfect pick for a fun summer evening!</p><p><strong>Location: Urban Farm</strong></p><p>For inquiries about accessibility, to request an accommodation or for event information, please email publicprograms@randallsisland.org.</p>"
66366f45-7040-1f76-6935-82f18ce0f893,"New York Non-Fiction 2026","Film & cinema","Green-Wood Cemetery","Greenwood","Short Film Program"
d8e74e10-db6d-b27b-52ad-9fe764c24d04,"Rooftop Films Presents: New York Non-Fiction 2026","","Green-Wood Cemetery","",", .stk-2be9b3b {margin-right:0px !important;margin-bottom:20px !important;margin-left:0px !important;}.stk-2be9b3b-column{--stk-column-gap:20px !important;} .stk-3717db9-container{margin-top:0px !important;margin-right:0px !important;margin-bottom:0px !important;margin-left:0px !important;}.stk-3717db9 {margin-top:0px !important;margin-right:0px !important;margin-bottom:0px !important;margin-left:0px !important;}@media screen and (min-width: 768px){.stk-3717db9 {flex:var(--stk-flex-grow, 1) 1 calc(66.7% - var(--stk-column-gap, 0px) * 1 / 2 ) !important;}} .stk-3717db9.stk-block-column{n !important}.stk-3717db9 n.stk-column-wrapper{nmargin:0px !important;n !important} A restless collection of New York City folklore drawn from lived moments, local histories, and the myths that circulate through its streets and boroughs. For more information and to purchase tickets, click here . SCHEDULE: 7:45pm: Doors Open 9pm: Films Begin 10:30pm: Q&A with Filmmakers 10:40pm: Afterparty .stk-8fdef55-container{margin-top:0px !important;margin-right:0px !important;margin-bottom:0px !important;margin-left:0px !important;}.stk-8fdef55 {margin-top:0px !important;margin-right:0px !important;margin-bottom:0px !important;margin-left:0px !important;}@media screen and (min-width: 768px){.stk-8fdef55 {flex:var(--stk-flex-grow, 1) 1 calc(33.333% - var(--stk-column-gap, 0px) * 1 / 2 ) !important;}} .stk-8fdef55.stk-block-column{n !important}.stk-8fdef55 n.stk-column-wrapper{nmargin:0px !important;n !important} .stk-fd7323c {margin-bottom:0px !important;} .stk-4a67f03 {margin-bottom:35px !important;} Tickets are available on the Rooftop Films website. On-Site Program Add to calendar Google Calendar iCalendar Outlook 365 Outlook Live"
af9c5271-0501-83b1-c93f-45a91c3eb973,"HIP TO HIP PRESENTS: MACBETH","Free Summer Theater","Crocheron Park","","<p>7:00 p.m. // Children&#8217;s Workshop 7:30 p.m. // Show Time, (90 MINS) // Crocheron Park (Parkhouse lawn)</p><p> </p><p>All performances are free and open to the public.<br>Running time: 90 minutes.<br>Fun for the whole family.<br>Bring a blanket or low chair and picnic fare<br>and enjoy a Shakespeare play in the open air.</p>"
fee6b9cc-af04-53e2-5da3-a30957c3b5bf,"Uptown Shakespeare in the Park: Othello","Hiking & parks","Richard Rodgers Amphitheater, Marcus Garvey Park","","Shakespeare’s searing tragedy of love, jealousy, power, and betrayal — live in Harlem. #block-c1bc7aceae4bcdc11744 { } #block-c1bc7aceae4bcdc11744 .sqs-html-content { } #block-c1bc7aceae4bcdc11744 { mix-blend-mode: var(--tweak-text-block-blend ); border-radius: var(--tweak-text-block-radius); } @med"
38f1c869-6fc9-a7be-0cc0-3d9fcb97579c,"2:1 by 2/3: Computer Chess, sitrep, and the Sony tube camera","Film & cinema","The Old American Can Factory","Gowanus","Feature Film Program"
5d084450-2dc6-1812-552c-6b2658971f76,"de palma: summer of suspense","Film & cinema","museum of the moving image","astoria","blow out, body double, carlito's way, carrie, scarface, sisters, the untouchables , and more. museum of the moving image (astoria). $17.50 general, $12 seniors/students. <font color=""#FF6600"""
df699610-4e77-1cd8-bcc9-d37dc59bcb33,"Summer on the Hudson: Silent Disco","Waterfront","Riverside Park South","","<p>Grab headphones and party on the Pier at this Quiet Clubbing event featuring three live DJs playing different genres. Arrive early! Line opens at 5:30pm. Headphone supplies are limited and there may be a wait. <i>Rain date September 19.</i></p>"
3cbca495-ac93-f11a-a78f-720794af29b7,"Philip Wailes Ensemble","Free Summer Concerts","","","<p><a href=""https://www.nycgovparks.org/opportunities/volunteer/group/61-franklin-street-garden"">61 Franklin St. Garden</a> will be hosting a music night in the garden on. The Philip Wailes Ensemble will be performing and all are welcome!</p>"
ce493a09-de96-e81d-0c8f-d1bad76a9c4b,"Books & Blankets ","Others","Idlewild Environmental Center","","Join Eastern Queens Alliance for a cozy afternoon of community reading on the lawn at Idlewild Environmental Center📚. #block-d22740f1776e5408b8c1 { } #block-d22740f1776e5408b8c1 .sqs-html-content { } #block-d22740f1776e5408b8c1 { mix-blend-mode: var(--tweak-text-block-blend ); border-radius: var(--"
7cc03fa6-ef47-95b3-103b-7b9a5e877c1a,"Stargazing on the High Line","Astronomy","The High Line","","<p>Immerse yourself in the wonders of the night sky every Tuesday on the High Line! The friendly team from the Amateur Astronomers Association&#8212;with whom we&#8217;ve been partnering since the park&#8217;s opening&#8212;will be there with high-powered telescopes, ready to reveal the secrets of the cosmos.</p><p>No experience is necessary and telescopes will be provided between sunset and park closure.</p><p>This High Line program is free and open to visitors of all ages. No RSVP is required.</p><p> </p><p><i>Stargazing on the High Line is subject to cancellation due to overcast conditions or inclement weather. If a stargazing session needs to be cancelled, we&#8217;ll add an alert to the High Line's webpage.</i></p>"
4a641acd-3948-b9dc-28ba-0800ddfdea5d,"Reel Talks at Bryant Park: Conversation on Eric Rohmer","Accessible Activities","Bryant Park","","<p>Enjoy a conversation on film director Eric Rohmer with<strong> </strong>Andr&#233; Aciman, hosted by film connoisseur Scott Adlerberg.</p><p><strong>Andr&#233; Aciman</strong> is the <i>New York Times</i> bestselling author of <i>Call Me by Your Name</i>, <i>Out of Egypt</i>, <i>Eight White Nights</i>, <i>False Papers</i>, <i>Alibis</i>, <i>Harvard Square</i>, <i>Enigma Variations, Homo Irrealis</i>,<i> Roman Year</i>, and <i>Find Me</i>. His most recent book is <i>Room on the Sea</i> (2025). He&#8217;s the editor of <i>The Proust Project</i> and teaches comparative literature at the Graduate Center of the City University of New York. He lives with his wife in Manhattan.</p><p><strong>Scott Adlerberg</strong> is the author of five novels, including <i>Graveyard Love</i>, <i>Jack Waters</i>, and <i>The Screaming Child</i>. He has written many short stories and contributes pieces regularly to sites such as <i>CrimeReads</i> and <i>Mystery Tribune</i>. He was born in New York City and lives in Brooklyn.</p>"
a89838bf-dfd1-4063-304c-0b3e84aa5190,"Sunset Wednesdays 2026","Accessible Activities","Wave Hill","","<p>Named by <i>Time Out</i> as one of the top &#8220;10 under-the-radar cultural experiences in NYC,&#8221; Wave Hill&#8217;s annual summer tradition brings five exciting performances Wednesday evenings to our Great Lawn. Pack a picnic and bring your favorite blanket or chair for an unforgettable summer evening as the sun sets over the Hudson River. </p><p>July 8 <br><a href=""https://www.wavehill.org/calendar/sunset-wednesdays-jennifer-jade-ledesna""><strong>Jennifer Jade Ledesna</strong></a> Bronx-born and raised, multilingual jazz vocalist </p><p>July 15 <br><a href=""https://www.wavehill.org/calendar/sunset-wednesdays-melissa-aldana""><strong>Melissa Aldana</strong></a><strong> </strong>Chilean-born tenor saxophonist </p><p>July 22 <br><a href=""https://www.wavehill.org/calendar/sunset-wednesdays-jake-blount""><strong>Jake Blount</strong></a><strong> </strong>award-winning scholar and string band performer of Black folk music </p><p>July 29 <br><a href=""https://www.wavehill.org/calendar/sunset-wednesdays-stella-cole""><strong>Stella Cole</strong></a> vocalist delivering stunning interpretations from the Great American Songbook </p><p>August 5<strong> </strong><br><a href=""https://www.wavehill.org/calendar/sunset-wednesdays-dj%C3%A9kady-trio""><strong>Dj&#233;kady Trio</strong></a> combining Malian music with American folk and contemporary styles </p><p>Sunset Wednesdays take place on the Great Lawn. Visitors may bring folding chairs and blankets. Picnicking is permitted on the Great Lawn beginning at 4PM. Glyndor Gallery, The Caf&#233; and Shop are open until 7:30PM. </p><p><strong>Reservations are not required for the Great Lawn.</strong> In the event of inclement weather, this program will move indoors where capacity is limited. Pre-registered Rain or Shine tickets receive priority seating indoors and must be shown at the Front Gate at time of admission. Same-day, indoor tickets based on availability. </p><p>Premium admission is in effect from 4PM to 8PM each Sunset Wednesday. Wave Hill Member-for-a-Day and Member Guest passes are accepted these evenings. All other discount passes will not be accepted starting at 4PM. </p><p>Questions? Please email us at <a href=""mailto:information@wavehill.org"">information@wavehill.org</a> or call 718.549.3200 x251. </p>"
ecae58ac-469e-e067-6f79-0220fa00a0e8,"Broadway in Bryant Park","Theater","","","The most popular shows on and off Broadway perform their biggest hits in Bryant Park! Join hundreds of fans on the lawn and enjoy favorite Broadway tunes for lunchtime performances on four summer Thursdays! #block-37eefde3da86188e728f { } #block-37eefde3da86188e728f .sqs-html-content { } #block-37ee"
1f025e92-8039-2d72-9af4-89f218eaf3d9,"EAVESDROPPING: The Erotics of Listening","Film & cinema","The Lighthouse—Think Olio","",""
f80f7103-8412-3c80-9873-c36a089297a0,"Sunset Volunteer Series","Volunteer","Prospect Park","","Join Prospect Park Alliance for a new weekday evening volunteer opportunity. Make the most of longer days in the warmer months and join the Alliance to get outside and lend a hand at locations throughout Brooklyn’s Backyard. Volunteers will help with invasive plant removal, litter pickup and mulching. We will meet at 5:00 pm and wrap up no later than 7:00 PM, which gives you time to get home before dark or enjoy the sunset in the park afterwards! Please note that these projects involve repetitive bending, kneeling, lifting and transporting loaded wheelbarrows. This series is held rain or shine, though the Alliance will cancel in the event of extreme weather or hazardous conditions. Start and end times for Sunset Series vary depending on the sunset. Open to adults 18+. Register Today Register online or call (929) 888-6826 for more information. Questions? Contact the Alliance Volunteer Services team at volunteers@prospectpark.org or 929-888-6826."
06fec95f-4717-99f2-fdd7-e907724ec2fe,"Reel Talks","Hiking & parks","Bryant Park","Midtown",""
63b4439c-c00f-4e85-f940-4a0b5d25340d,"Sunset Wednesdays: Stella Cole","Accessible Activities","Wave Hill","","<p>With a voice that bridges generations, <strong>Stella Cole</strong> has cultivated nearly 2 million social media followers through her fresh interpretations of timeless songs by iconic artists, including Judy Garland, Frank Sinatra, and Nat &#8220;King&#8221; Cole. Often described as a Laufey-meets-Bubl&#233; sensation, Cole brings a fresh interpretation of classic repertoire to a new generation. While she was raised in rural Illinois on Hollywood musicals like <i>Singin&#8217; in the Rain</i> and<i> The Wizard of Oz</i>, Cole told <i>ELLE</i>that she &#8220;never expected this life,&#8221; earning praise for her soulful interpretations of the Great American Songbook from legends including James Taylor, David Foster, and Michael Bubl&#233;. She&#8217;s performed on The TODAY Show, Live with Kelly and Mark, Tamron Hall, and stages throughout the U.S., Europe, and Asia. </p><p>&#8220;It&#8217;s amazing to think that this music can be a balm for people's stress and anxiety,&#8221; says Stella. &#8220;Don&#8217;t forget, these songs helped people get through the Great Depression and World War II. That&#8217;s the most gratifying thing of all, experiencing how this music can help people.&#8221; </p><p>Cole is authentic and faithful to the traditions in which these songs have been heard for all these years, but with a personal charisma that transcends the generations.</p><p>Sunset Wednesdays take place on the Great Lawn. Picnics, blankets, and chairs are welcome starting at 4PM. No pets, glass bottles, or outside alcohol allowed. </p><p>Glyndor Gallery, The Caf&#233;, and The Shop are open until 7:30PM. Complimentary Shuttle Service runs through 8PM.</p><p><strong>Reservations are not required for the Great Lawn.</strong> In the event of inclement weather, this program will move indoors where capacity is limited. Pre-registered Rain or Shine tickets receive priority seating indoors and must be shown at the Front Gate at time of admission. Same-day, indoor tickets based on availability. </p><ul><li> </li></ul><p><i>Premium admission is in effect from 4PM to 8PM each Sunset Wednesday. Wave Hill Member-for-a-Day and Member Guest passes are accepted these evenings. All other discount passes will not be accepted starting at 4PM. </i></p><p><i>The Great Lawn is a flat grassy area accessible via flat, paved paths. </i></p><p>Questions? Please email us at <a href=""mailto:information@wavehill.org"">information@wavehill.org</a> or call 718.549.3200 x251. </p>"
b99ce3aa-3fc8-0782-e184-2891c5b552aa,"Summer on the Hudson: Yoga- Evening Salute to the Sun","Yoga & Pilates Classes","Riverside Park South","","<p>End your day with yoga in a beautiful sunset setting led by instructor<a href=""https://roadsideyogi.com/""> Meg SantaMaria of Roadside Yogi.</a> Suitable for all fitness levels. Please wear comfortable clothing and bring your own mat.</p>"
dc957c37-f21c-a287-1855-c7318197934c,"Sunset Yoga - July 28","Running & fitness","Pier 3 Central Lawn, Brooklyn Bridge Park","Brooklyn Bridge Park","De-stress at the end of the day with an evening yoga class led by Abhaya Yoga! This all-level one hour..."
59ce3aaf-9fc1-633e-303a-c4e3ade889fd,"Summer on the Hudson: Mycelium - A Solar-Powered Concert","Waterfront","Riverside Park South","","<p><strong>RESCHEDULED from Thursday, 7/16!</strong><br><br><strong>Mycelium: A Solar-Powered Orchestral Avant-Pop Concert About Hidden Worlds</strong></p><p>Inspired by the hidden intelligence of fungi and plankton, this musical suite weaves orchestral textures with modern jazz/pop influences to show how even the smallest forms of life can help us understand ourselves and connect more deeply with each other.</p><p><strong>About the Artist:</strong> Praised for her depth of dimension, multimodal artist <a href=""https://www.sirintipofficial.com/"">Sirintip Phasuk</a> draws inspiration from a range of styles and disciplines. Her works explore unsung intersections of humankind and the natural world &#8212; a focus that drives her curiosity and expands her output. Part ethereal, part impassioned, her vocals move nimbly across sophisticated harmony, soar over dense walls of sound, and pulse through rhythmic modulations. A highly sought studio collaborator, Sirintip has shared her unique sound on more than 30 releases. </p>"
b199f9fe-95a1-a543-8fa0-a0faf4e2c961,"$49 Seinfeld Night: Baseball Tix, Drinks,Eats","Food & dining","Maimonides Park","","$49 Ticket To The Brooklyn Cyclones Seinfeld Backyard Bash: Baseball Ticket, Drinks, Eats, Souvenir Cap & More"
5cb79e2c-5c15-753c-3cc1-171c516ab936,"2026 USA Track &amp; Field Outdoor &amp; Para National Championships","Hiking & parks","Icahn Stadium","","New York City will give away 500 free tickets to the historic 2026 USA Track & Field (USATF) Outdoor & Para National Championships, taking place in New York City at Icahn Stadium on Randall's Island from July 23 to July 26. New York City is hosting the Outdoor Championships for the first time since "
af8c9f26-4cbc-2414-34e8-765d1a7a801c,"Full Moon Yoga Club","Gardening","","","<p>Come visit the <a href=""https://www.nycgovparks.org/opportunities/volunteer/group/backyard-garden"">Backyard Garden</a> after hours and join Full Moon Yoga Club for a special chair yoga session in the garden led by Barbara Kaminsky on the Thunder Moon! </p><p>Class start at 6:30 p.m. Gates open 30 min. before class. </p><p><strong>RSVP in advance at: </strong><a href=""mailto:fullmoonyogaclub@protonmail.com""><strong>fullmoonyogaclub@protonmail.com</strong></a><strong> Space is limited. </strong></p><p>Please bring your own mat and water bottle and note there is no restroom on site. </p><p><i>About Barbara Kaminsky:</i> Barbara has been teaching chair yoga since 2007. She is trained in Bikram, Anusara, and Chair Yoga and has also studied Mindfulness Based Stress Reduction (MBSR). Her teaching is influenced by all of that as well as many workshops in Yoga Therapeutics and by the joy of moving with an open mind and heart. Chair yoga is for you if you prefer not to get up and down from the floor but still want the calming , stretching, breathing and relaxation that practice can bring. Each class will include a lively standing beginning (can also be done in a chair) seated yoga poses, breath work and meditation. As my first yoga teacher said, never too tired, never too old, never too stiff to begin again. </p>"
51c38721-7479-929f-a758-1c432d7ad4b8,"RTA Summer Sunset Concert Series featuring The Brooklyners","Waterfront","Riverside Park","","<p>Waterfront sunset concerts sponsored by the <a href=""http://riversidetennis.org/"">Riverside Tennis Association</a>. <i><strong>No performance on July 4th. </strong></i></p><ul><li><strong>June 20 - </strong><a href=""https://en.wikipedia.org/wiki/Ron_McClure""><strong>Ron McClure & Friends </strong></a></li><li><strong>June 27 - </strong><a href=""https://morrisaniaband.elissassolutions.com/calendar""><strong>Morrisania Band Project </strong></a></li><li><strong>July 11 - </strong><a href=""https://theafrolatineers.weebly.com/""><strong>The Afro-Latineers</strong></a></li><li><strong>July 18 - </strong><a href=""https://www.slimkings.com/""><strong>The Slim Kings </strong></a></li><li><strong>July 25 - </strong><a href=""https://www.richardbaratta.com/""><strong>Richard Baratta </strong></a></li><li><strong>August 1 - </strong><a href=""https://www.davidlangloismusic.com/thebrooklyners""><strong>The Brooklyners</strong></a></li><li><strong>August 8 - </strong><a href=""https://www.facebook.com/durieuxmusic/""><strong>Durieux</strong></a></li></ul><p><strong>The Brooklyners</strong> is a NYC reggae band that blends Jamaican standards, French classics, and original conscious tunes into a unique tropical cocktail. The band got its name from its members&#8217; diversity and multicultural backgrounds, as well as from its home base of Brooklyn, NYC. Formed 10 years ago, the group has since played hundreds of shows in NYC and traveled up and down the East Coast.</p><p>The Brooklyners features David Langlois on vocals, percussion, and rhythm guitar; Ras Abda G on vocals and bass; Kikkah Jackson on vocals and drums; Andy Bassford on guitar; and Bryan Benhingove on keyboards, saxophone, and melodica</p>"
519f9004-b3d2-0f4e-c2ec-64f381d5b78a,"Community Paddle at Starlight Park","Kayaking and Canoeing","Starlight Park","","<p>Join the Bronx River Alliance <strong>for a free community paddle at Starlight Park</strong>! Come see your neighborhood from the river&#8217;s perspective!</p><p>This event is <strong>first come, first served</strong> with no pre-registration available.</p><p>&#8220;Waves&#8221; of paddlers will enjoy the river for about 30-40 minutes, after signing waivers and receiving a brief paddling safety orientation. A total of 4 waves of participants will be able to go on-water every hour of the event (11am, 12pm, 1pm, 2pm), with a maximum of about 15 participants per wave.</p><p>Staff and volunteers will be on-water to ensure safety, but please keep in mind that this is not a guided tour of the river.</p><p><strong>Minors must be accompanied by an adult</strong>. Waivers for minors will need to be signed by an adult guardian.</p>"
8c9277b5-7020-06da-214d-6f00256874f0,"Soundbath at the Bowl","Film & cinema","Brooklyn Bowl","",""
8dc921ed-2d27-1268-31c8-8cfc66352dac,"Disability Pride Night","Theater","Poster House","","Poster House welcomes members and friends to Disability Pride Night, an evening celebrating artistic and personal expression. Stop by for an exciting line-up of activations: 5 to 6:30 PM: Love & Fury Vibrant Verbal Description Tour with ASL 5:30 to 7 PM: ‘Proud to Be Me’ Flag-Making Workshop 7:30 to 9 PM: Musical Performance & Q+A with Just Call Me By My Name Poster House’s Café des Affiches will also be open! Indulge in a delicious drink as you socialize, and try special cocktails inspired by the museum’s current exhibitions. All programs are free and open to the public. Advance registration is required as space is limited. Please email access@posterhouse.org or call 914-295-2387 to sign up for this event, and specify which activities you would like to attend. While this event is primarily offered for members of the disability community, everyone is welcome, space permitting. Accessibility Note: Café des Affiches offers menus in large print and braille and is equipped with a T-coil. ASL Interpretation will be available throughout the event. Masks and ear plugs are available free of charge at the museum. Assistive listening devices and stools are available. CART (Communication Access Realtime Translation) is also available upon request. Please contact access@posterhouse.org or 914-295-2387 to request services and to address any other accessibility needs. For other event-related questions, please contact events@posterhouse.org ."
05e515da-18d3-9144-3a92-40e1a6d918f2,"Summer Streets 2026 ","Others","","","Summer Streets is an annual celebration of New York City's most valuable public space – our streets. #block-a5a8f5b50c095af6c76e { } #block-a5a8f5b50c095af6c76e .sqs-html-content { } #block-a5a8f5b50c095af6c76e { mix-blend-mode: var(--tweak-text-block-blend ); border-radius: var(--tweak-text-block-r"
13956ee6-5f17-5b4e-d3e6-7fdb142c5b9f,"THE D WORD (Drag!)","Film & cinema","Henrietta Hudson 438 Hudson St, New York, NY 10014","",""
628af73c-84e0-21f6-2a2b-1700a86dff8c,"Summer Concert Series - Queensboro Dance Festival","Free Summer Concerts","Forest Park","","<p>Enjoy performances by Queens-based professional dance companies featuring diverse styles. 'Danceback' and try a few dance moves, then party to a live Queens band. </p>"
7589ecaf-80f5-9d44-af7a-6156cd81a0c4,"What Wondrous Love Is This: Preview Screening","Film & cinema","Poster House","","Join Poster House for a preview screening of What Wondrous Love Is This in connection with the exhibition Love & Fury: New York’s Fight Against AIDS . In this extraordinary film, Brooklyn-based journalist and director Tim Chaffee explores the life and work of his mother, Dr. Barbara Chaffee, a public health doctor in Binghamton, New York, who confronted the synonymous epidemics of drug addiction, AIDS, and HIV in the 1980s and ’90s, later facing a personal struggle of her own with cancer. After her death, Tim interviewed Barbara’s friends, colleagues, and the patients she had cared for, hoping to better understand the mother he had just lost. What emerged was the story of a small upstate community that came together to respond to one of the first modern public health crises. Through living memory and archival footage, Tim documents his mother’s steadfast commitment to her patients and her determination to persuade institutions to care for individuals. Tim Chaffee is a former producer for the New York Times and Yahoo News , where he has spent more than five years developing new forms of journalism using virtual and augmented-reality technologies. His work includes investigations of war, music, art, and culture and he has been honored with multiple National Arts and Entertainment Journalism Awards as well as an Excellence in Immersive Storytelling Award. This is Tim’s first feature film. Accessibility Note: Masks and clear masks are available free of charge at the museum. Assistive listening devices and stools are available. ASL (American Sign Language) interpretation or a CART (Communication Access Realtime Translation) is also available upon request. Please contact access@posterhouse.org or (914) 295-2387 to request interpretation services and to address any other accessibility needs. For other event-related questions, please contact info@posterhouse.org ."
85bb3b5b-9a95-8b73-6f88-5390118240b7,"Moves with Limón Dance","Nightlife","Bryant Park","Midtown",""
3dde2e19-b29d-233f-3dbb-1f9c26e68eb8,"It's My Park at Brower Park","It's My Park","Brower Park","","<p>Jazz Night in Brower Park needs clean up assistance. Get your volunteer hours in by picking up after event goers - bagging up trash and placing bags on the street for easy pickup the next morning.</p>"
3a967291-e244-0a2e-400c-49dc8d1c60e1,"Waterfront Concert Series: StrangeMagic","Waterfront","Astoria Park","","<p>Join us for concerts on the waterfront! Taking place on the Great Lawn at Astoria Park, a performance by StrangeMagic. A tribute band to Electric Light Orchestra and 70's pop. We hope to see you there! </p>"
6e1d4478-776b-05c3-2815-be31b43374af,"Kids In Motion: Torsney Playground","Family & kids","Torsney Playground","","The Kids In Motion Program engages children in active outdoor play. A NYC Parks staff member leads four to seven hours of free activities in NYC's playgrounds, including organized sports, games, fitness demos, board games, water games, and more!<br/><br/>Kids In Motion is a free, drop-in program without registration. Children can head to the playground during the listed hours of operation to participate. Occasionally, a Kids In Motion program may be cancelled due to harsh weather or other conditions.<br/><br/>Please note: We recommend that guardians accompany children participating in this program. Kids In Motion is not a childcare program and NYC Parks is not responsible for the well-being of attendees."
e6bca88b-cd1b-2e37-e976-401ca4636e22,"Kids In Motion: Beach 59th Street Playground","Family & kids","Rockaway Beach and Boardwalk","","The Kids in Motion program engages children in active, outdoors play. A NYC Parks staff member leads four to seven hours of free activities in NYC's playgrounds, including organized sports, games, fitness demos, board games, and more!<br/><br/>Kids in Motion is a free, drop-in program without registration. Children can head to the playground during the listed hours of operation to participate. Occasionally a Kids in Motion program may be cancelled due to harsh weather or other conditions.<br/><br/>Please note: We recommend that guardians accompany children participating in this program. Kids in Motion is not a childcare program and NYC parks is not responsible for the well-being of attendees."
779ecca6-a625-691c-9b09-69c963beb279,"BookClub at Bryant Park Reading Room","Accessible Activities","Bryant Park","","<p>Please join us for a discussion of Henry James&#8217; classic novel <i>What Maisie Knew </i>facilitated by <strong>Nancy Doyne</strong>, author <i>of Ten Swamps</i> and screenwriter of <i>What Maisie Knew</i> (Netflix 2012), as well as writers <strong>Lucy Teitler</strong> and <strong>Isabel Teitler.</strong></p><p>Sign up in advance at Bryant Park Reading Room and receive a free copy of the book while supply lasts.</p>"
a75edaab-ec90-53a0-131c-d33fba5766b1,"Kids In Motion: Alley Springfield Playground","Family & kids","Alley Pond Park","","The Kids In Motion Program engages children in active outdoor play. A NYC Parks staff member leads four to seven hours of free activities in NYC's playgrounds, including organized sports, games, fitness demos, board games, water games, and more!<br/><br/>Kids In Motion is a free, drop-in program without registration. Children can head to the playground during the listed hours of operation to participate. Occasionally, a Kids In Motion program may be cancelled due to harsh weather or other conditions.<br/><br/>Please note: We recommend that guardians accompany children participating in this program. Kids In Motion is not a childcare program and NYC Parks is not responsible for the well-being of attendees."
a83c477b-51f8-6ac6-cffd-620edb90b6a3,"Summer on the Hudson: Sunset Yoga","Yoga & Pilates Classes","Riverside Park","","<p>Summer on the Hudson partners with <a href=""https://www.sweetwaterdanceandyoga.com/"">Sweet Water Dance & Yoga</a> for a multi-level sunset yoga practice. Bring your own mat.</p>"
7c99ceb9-4f12-7d27-b2d8-e177e1bc0bd5,"BRIC Celebrate Brooklyn!","","Prospect Park","","Join BRIC Celebrate Brooklyn! and Prospect Park Alliance for New York’s longest-running, free outdoor performing arts festival. Enjoy family shows, music, performances and talent from around the world in the heart of Brooklyn’s Backyard. July 31 | CARRTOONS & Hailé Supreme | Sofía Valdés | Julia Zivic"
8557d8b9-0c70-352b-ab99-58e696ff408f,"Silent Disco On The Bay","Seniors","Little Bay Park","","<p>First Set 7:30&#8211;8:00 p.m., Second Set 8:00 p.m.&#8211;8:30 p.m. </p><p>Little Bay Park Parking Lot Under Bridge </p><p>Join Us For A Free Family-Friendly silent disco event. Bring an ID to borrow headphones. Headphone supplies are limited.</p>"
20d75837-17dc-3dd5-ddb0-3edf1c3bc675,"Moving Waters: An Emerging Dance Showcase","Nightlife","Governors Island","Governors Island","Presented by DuYe Moves on Governors Island."
756ca37c-d7ef-da47-9b29-62517f92b696,"Nature Talks","Hiking & parks","Bryant Park","Midtown",""
fb8cad3d-5304-1d12-2bfc-7918551ff687,"Expert-Led Explorations: Insects - July 31","Hiking & parks","Pier 1, Brooklyn Bridge Park","Brooklyn Bridge Park","Join us for a walk around Pier 1 to learn about the insects of Brooklyn Bridge Park. Meet at the..."
b348f22a-b0f4-bcb7-eae5-4d320a7b06e6,"Golden Hour at Greeley Square Park","Free Summer Concerts","Greeley Square Park","","<p>A sunset music festival in Greeley Square featuring Americana, jazz, and emerging indie acts. Curated by keystone cultural partners including The New Colossus Festival, Jalopy Theatre, The Jazz Gallery, Sofar Sounds and Manhattan School of Music.</p><p> </p><p>Schedule:</p><p> </p><p>June 25, 6:30-8:30 - New Colossus Festival (Herald Square Plaza)</p><p>July 2, 7pm-8:30pm &#8211; Jalopy Theatre (Herald Square Plaza)</p><p>July 9, 7pm-8:30pm - Manhattan School of Music (Herald Square Plaza)</p><p>July 16, 6:30pm-8:30pm - New Colossus Festival</p><p>July 23, 7pm-8:30pm - The Jazz Gallery</p><p>July 30, 6:30pm-8:30pm &#8211; Sofar Sounds</p><p>August 6, 7pm-8:30pm - Manhattan School of Music</p><p>August 13, 7pm-8:30pm - Jalopy Theatre</p><p>August 20, 7pm-8:30pm - The Jazz Gallery</p><p>August 27, 6:30pm-8:30pm - New Colossus Festival</p><p>September 3 - NO SHOW</p><p>September 10, 6:30pm-8:30pm - Sofar Sounds</p><p>September 17, 7pm-8:30pm - Jalopy Theatre</p><p>September 24 - NO SHOW</p><p>October 1, 7pm-8:30pm - The Jazz Gallery</p><p>October 8, 6:30pm-8:30pm - New Colossus Festival</p><p> </p><p> </p>"
6e0bf96a-a433-b2cf-f21b-46ba4a3306d8,"Summer on the Hudson: Friday Night Jams featuring Christine Chanel","Waterfront","West Harlem Piers","","<p>Get out to the park and kick off the weekend with some local sounds at this monthly musical get-happy hour. Friday Night Jams takes place on the last Friday of the month from May through August.</p><ul><li><strong>May 29 -</strong><a href=""https://www.wesdalelio.com/""><strong> Wes D'Alelio</strong></a><strong> / original songwriting and fingerstyle guitar</strong></li><li><strong>June 26 - </strong><a href=""https://www.instagram.com/marzianimusic/""><strong>Ramio Marziani </strong></a><strong>/ improvisational jazz and groove</strong></li><li><strong>July 31 - </strong><a href=""https://www.christinechanel.com/?utm_source=ig&utm_medium=social&utm_content=link_in_bio&fbclid=PAZXh0bgNhZW0CMTEAc3J0YwZhcHBfaWQMMjU2MjgxMDQwNTU4AAGntBIlghryIAK-G6ww56SQ8LXytiF0yX2916HOhFkw7J2NPKZB8bQqdyzvHvU_aem_IZqTMfCeRbwhvl8liAcJFw""><strong>Christina Chanel</strong></a><strong> / powerful vocals and indie - soul</strong></li><li><strong>Aug 28 -</strong><a href=""https://www.instagram.com/ilana.morris/""><strong> Ilana Morris</strong></a><strong> / classic R&B with modern edge</strong></li></ul><p><a href=""https://www.christinechanel.com/"">Christine Chanel</a> is an indie-soul recording artist based in Westchester, NY. Known for her powerful yet intimate vocals and emotionally grounded songwriting, her music blends soul and indie influences with the patience of an artist who lets songs grow through live performance.</p><p>A fixture of the New York tri-state music scene, Christine has spent years connecting with audiences in rooms both large and small, often alongside an incredible roster of musicians. Her approach is intentional and unforced, focused on creating moments that feel real, resonant, and lasting.</p>"
f123298b-10a2-6846-564d-2bec1d1deebf,"Kids In Motion: London Planetree Playground","Family & kids","London Planetree Playground","","The Kids In Motion Program engages children in active outdoor play. A NYC Parks staff member leads four to seven hours of free activities in NYC's playgrounds, including organized sports, games, fitness demos, board games, water games, and more!<br/><br/>Kids In Motion is a free, drop-in program without registration. Children can head to the playground during the listed hours of operation to participate. Occasionally, a Kids In Motion program may be cancelled due to harsh weather or other conditions.<br/><br/>Please note: We recommend that guardians accompany children participating in this program. Kids In Motion is not a childcare program and NYC Parks is not responsible for the well-being of attendees."
75caad92-0f1b-9f2a-d692-32d399efe152,"Broadway in Bryant Park","Theater","Bryant Park","Midtown",""
74476dbd-d596-cc09-8622-7e52c1111a74,"Kids In Motion: Bowne Park","Family & kids","Bowne Park","","The Kids in Motion program engages children in active, outdoors play. A NYC Parks staff member leads four to seven hours of free activities in NYC's playgrounds, including organized sports, games, fitness demos, board games, and more!<br/><br/>Kids in Motion is a free, drop-in program without registration. Children can head to the playground during the listed hours of operation to participate. Occasionally a Kids in Motion program may be cancelled due to harsh weather or other conditions.<br/><br/>Please note: We recommend that guardians accompany children participating in this program. Kids in Motion is not a childcare program and NYC parks is not responsible for the well-being of attendees."
a6650b0b-825d-8573-0f12-79f3aaadbd78,"Kids In Motion: Lower Highland Playground","Family & kids","Highland Park","","The Kids In Motion Program engages children in active outdoor play. A NYC Parks staff member leads four to seven hours of free activities in NYC's playgrounds, including organized sports, games, fitness demos, board games, water games, and more!<br/><br/>Kids In Motion is a free, drop-in program without registration. Children can head to the playground during the listed hours of operation to participate. Occasionally, a Kids In Motion program may be cancelled due to harsh weather or other conditions.<br/><br/>Please note: We recommend that guardians accompany children participating in this program. Kids In Motion is not a childcare program and NYC Parks is not responsible for the well-being of attendees."
352ba6f5-0650-970d-8ade-461710bb4bb9,"Kids in Motion: Al Quinones Playground","Family & kids","Al Qui&#241;ones Playground","","The Kids in Motion Program engages children in active, outdoor play. A NYC Parks staff member leads four to seven hours of free activities in NYC's playgrounds, including organized sports. games, fitness, demos, board games, water games, and more!<br/><br/>Kids in Motion is a free, drop-in program without registration. Children can head to the playground during the listed hours of operation to participate. Occasionally a Kids in motion program may be cancelled due to harsh weather or other conditions. <br/><br/>Please note: We recommend that guardians accompany children participating in this program. Kids in Motion is not a childcare program and NYC Parks is not responsible for the well-being of attendees."
806d1965-f99c-fe9c-4ae2-40a3bc8682ee,"Kids In Motion: Bowne Playground","Family & kids","Bowne Playground","","The Kids in Motion program engages children in active, outdoors play. A NYC Parks staff member leads four to seven hours of free activities in NYC's playgrounds, including organized sports, games, fitness demos, board games, and more!<br/><br/>Kids in Motion is a free, drop-in program without registration. Children can head to the playground during the listed hours of operation to participate. Occasionally a Kids in Motion program may be cancelled due to harsh weather or other conditions.<br/><br/>Please note: We recommend that guardians accompany children participating in this program. Kids in Motion is not a childcare program and NYC parks is not responsible for the well-being of attendees."
6418710b-2ea0-72e6-8595-e151019b385d,"Kayaking - July 30","Running & fitness","Pier 2, Brooklyn Bridge Park","Brooklyn Bridge Park","Glide along the water this summer and fall in our protected embayment with free public kayaking! Presented in partnership with..."
b2172460-de96-fe19-31f5-fce8c7900d96,"Kids In Motion: Brookville Park","Family & kids","Brookville Park","","The Kids In Motion Program engages children in active outdoor play. A NYC Parks staff member leads four to seven hours of free activities in NYC's playgrounds, including organized sports, games, fitness demos, board games, water games, and more!<br/><br/>Kids In Motion is a free, drop-in program without registration. Children can head to the playground during the listed hours of operation to participate. Occasionally, a Kids In Motion program may be cancelled due to harsh weather or other conditions.<br/><br/>Please note: We recommend that guardians accompany children participating in this program. Kids In Motion is not a childcare program and NYC Parks is not responsible for the well-being of attendees."
e34a20bd-d7e6-1921-5562-29fcf73e2247,"Kayaking - July 29","Running & fitness","Pier 2, Brooklyn Bridge Park","Brooklyn Bridge Park","Glide along the water this summer and fall in our protected embayment with free public kayaking! Presented in partnership with..."
53b9e3dd-f2ac-54c9-fa83-0620d0b7c8ac,"Kids In Motion: Bloomingdale Playground","Family & kids","Bloomingdale Playground","","The Kids in Motion program engages children in active, outdoors play. A NYC Parks staff member leads four to seven hours of free activities in NYC's playgrounds, including organized sports, games, fitness demos, board games, and more!<br/><br/>Kids in Motion is a free, drop-in program without registration. Children can head to the playground during the listed hours of operation to participate. Occasionally a kids in Motion program may be cancelled due to harsh weather or other conditions. <br/><br/>Please note: We recommend that guardians accompany children participating in this program. Kids in Motion is not a childcare program and NYC parks is not responsible for the well-being of attendees."
e1aa20c4-90fe-e8a7-925a-ff17f1edb48b,"Ice Cream Social","Food","","","<p>Come to <a href=""https://www.nycgovparks.org/opportunities/volunteer/group/east-end-community-garden"">East End Community Garden</a> and join the garden group for the 3rd Annual Ice Cream Social! Make your own ice cream and finish with tasty toppings. There will also be fun arts and crafts for the whole family!</p>"
4d994992-4e45-de56-6b9b-bef61b77439f,"Afternoon Gardening Thursday at Shoelace Park","Gardening","","","<p>We will be stewarding a rain garden inside Shoelace Park (229th street & Bronx Blvd).</p><p>Please wear clothing appropriate for outdoor weather and gardening/cleaning activities. We also recommend bringing snacks and a refillable water bottle to stay hydrated. All gloves and tools needed will be provided by the Alliance.</p>"
f4da2d3b-f0dd-8fd0-85e8-e7b16436b1ce,"The Limbo Talk Show 5001st Anniversary Special","Film & cinema","Brooklyn Comedy Collective","",""
b835a9ea-a3db-1d27-8da9-698e166deaa2,"Movement in the Park - July 31","Running & fitness","Pier 2 Turf, Brooklyn Bridge Park","Brooklyn Bridge Park","Movement in the Park with FORM Fitness Brooklyn is a one hour class designed to keep you moving and using..."
52a4f478-0dd7-421e-4fe3-bd62db7e6848,"Summer on the Hudson: Story Hour!","Family & kids","Riverside Park","","<p>Weekly story time for kids featuring rotating books and guest readers. Events take place on Saturdays in May, June, August and September. <i>No events May 16 or September 12. </i></p>"
5d90601b-7768-a1ab-8660-b929c3b26460,"Monday Morning Pitch In to Pick Up","Workshops","Starlight Park","","<p>Volunteer with us! We will be cleaning up litter to prevent it from entering the Bronx River.</p><p>Your efforts not only protect wildlife & the rest of the Bronx River ecosystem, but they also help us identify the sources of trash so we can stop the pollution where it starts!</p>"
81a4a5d4-9aa8-295a-4612-dda3bf6ae2a0,"Kids in Motion: Metcalf Playground","Family & kids","Soundview Park","","The Kids in Motion Program engages children in active, outdoor play. A NYC Parks staff member leads four to seven hours of free activities in NYC's playgrounds, including organized sports. games, fitness, demos, board games, water games, and more!<br/><br/>Kids in Motion is a free, drop-in program without registration. Children can head to the playground during the listed hours of operation to participate. Occasionally a Kids in motion program may be cancelled due to harsh weather or other conditions. <br/><br/>Please note: We recommend that guardians accompany children participating in this program. Kids in Motion is not a childcare program and NYC Parks is not responsible for the well-being of attendees."
58bba95d-49de-a9c7-d8ba-39d70d312fd8,"Kids In Motion: Addabbo Playground","Family & kids","Tudor Park","","The Kids in Motion program engages children in active, outdoors play. A NYC Parks staff member leads four to seven hours of free activities in NYC's playgrounds, including organized sports, games, fitness demos, board games, and more!<br/><br/>Kids in Motion is a free, drop-in program without registration. Children can head to the playground during the listed hours of operation to participate. Occasionally a Kids in Motion program may be cancelled due to harsh weather or other conditions.<br/><br/>Please note: We recommend that guardians accompany children participating in this program. Kids in Motion is not a childcare program and NYC parks is not responsible for the well-being of attendees."
6b38924a-2ac2-126d-2cad-31611f678310,"Summer Scares Book Discussion: Just Like Home","Books & readings","Roosevelt Island Library - 504 Main St, New York, NY 10044","",""
1c6c350f-d5bf-fade-ea3a-cef46572f1fd,"TADA! Youth Theater Original Musical: THE LITTLE MOON THEATER","Family & kids","Flatiron Plazas","","This summer, Drama Desk Award-winning TADA! Youth Theater concludes its 2025-26 season with The Little Moon Theater, running July 11–31, 2026. It’s a whimsical and charming musical based on the beloved book by award-winning author Irene Haas. Follow a troupe of child actors who travel from town to town granting wishes through their performances. Along the way, they encounter a colorful cast of characters including a boy with his pet snake, a dog in love with the moon, and a fairy godmother who must grant one last wish before she can retire. Experience the joy of friendship, the magic of wishes coming true in unexpected ways, and the triumph of being accepted for who you are. It’s a treasured picture book come to life! The Little Moon Theater is perfect for audiences as young as three and runs approximately one hour . With engaging storytelling, catchy music, colorful characters, and budget-friendly tickets, this production brings the joy and imagination of childhood to audiences of every age. Special Events After the Show: The Little Moon Theater Song & Dance Workshop L earn a song and the dance from the show with the cast and TADA! Choreographer Kim Grier-Martinez. Enjoy a rare opportunity to learn a song from the fun musical you just watched Date: Saturday, July 18, 2026 after the show ($10 fee) Post-Show Talkback with the Cast Have questions for the cast? Get them ready, because here’s your chance! Dates: Friday, July 17, 2026 after the 1:30pm Show Only! Discount Tickets Are Available: Pay-What-You-Can Tickets are Available at the Box Office Starting at $1. (Cash Only One Hour Prior to Every Show) Special Group Rates are Available for 15 or more people. $10 Tickets (Children & Adults) – Up to 66% discount Email: dmartinez@tadatheater.com to book your group"
ca2f8d9d-ac36-41f6-21b3-f62957e1267d,"Kids In Motion: Northern Playground","Family & kids","Northern Playground","","The Kids in Motion program engages children in active, outdoors play. A NYC Parks staff member leads four to seven hours of free activities in NYC's playgrounds, including organized sports, games, fitness demos, board games, and more!<br/><br/>Kids in Motion is a free, drop-in program without registration. Children can head to the playground during the listed hours of operation to participate. Occasionally a Kids in Motion program may be cancelled due to harsh weather or other conditions.<br/><br/>Please note: We recommend that guardians accompany children participating in this program. Kids in Motion is not a childcare program and NYC parks is not responsible for the well-being of attendees."
3bcffc43-a19c-d820-3739-12e8d7992bdd,"Midtown Music in Greeley Square Park","Free Summer Concerts","Greeley Square Park","","<p>Featuring a multitude of musical moods ranging from pop-up performances for passers-by to festival shows curated by cultural partners, Midtown Music has something for every ear. Hear NYC&#8217;s finest singer-songwriters workshop their newest material, catch up-and-coming Indie or Americana acts, relax to some jazz or party with a brass band. </p><p> </p><p>Check out our website for additional Friday and Saturday shows!</p>"
c500fa33-c1ad-f30e-fa76-c88d29b15e91,"Yoga in the Park","Yoga & Pilates Classes","Van Cortlandt Park","","<p><br>Exploratory yoga sessions, incorporating elements of Vinyasa and focusing on mindful movement. Pre-registration strongly suggested. Beginners welcome. BYOM: Bring Your Own Mat!<br>No experience needed, just bring a mat, water, and an open heart. </p><p>Van Cortlandt Park Memorial Grove</p><p><a href=""https://www.eventbrite.com/e/yoga-in-the-park-tickets-1992007081805?aff=oddtdtcreator""><strong>RSVP Now.</strong></a></p><p><strong>July 9 with Instructor Wendy of Yoga4theBx</strong></p><p>Recharge and radiate like sunshine. We&#8217;ll use breath to flow through a Vinyasa yoga practice.</p><p>Vinyasa yoga, also known as &#8220;flow yoga,&#8221; is a dynamic style characterized by breath-synchronized movement, linking poses in a continuous, flowing sequence. It&#8217;s known for its energetic nature!</p><p><strong>July 16 with Instructor Ishkara Heqwabti</strong></p><p>Calm your nervous system and feel consciously aware of the here and now.</p><p>This 60-minute class blends 30 minutes of Kemetic Yoga (an ancient Egyptian practice focused on breath and posture) and 30 minutes of immersive sound meditation using crystal singing bowls, voice and indigenous instruments that will leave you feeling grounded and renewed.</p><p><strong>July 23 and 30 with Instructor Timothy Lewis</strong></p><p>Reconnect with the natural world and your own inner landscape. Through mindful movement, breathwork, and stillness, we&#8217;ll explore how the elements&#8212;earth, water, fire, air, and space live within the body.</p><p><strong>August 6 with Instructor Melissa Rios</strong></p><p>Find your flow! Looking for a refreshing way to wind down in the evening? Come join us where fresh air, sunset, and good vibes meet! Let&#8217;s stretch, breathe, and move together under the open sky.</p>"
4835cc37-3f94-2c2d-29a2-d6e1001767b5,"It's My Park at Greenwood Playground","It's My Park","Greenwood Playground","","<p>This It's My Park season, volunteer with Friends of Greenwood Pickleball for their first It's my Park project to beautify Greenwood Playground with a litter cleanup. We look forward to seeing you!</p>"
e480d437-ad73-f108-8896-fe0bc2b706a8,"Sunset Salsa","Dance","Pier 76, Hudson River Park","Pier 76","Turn Pier 76 into your own personal dance floor at Sunset Salsa, HRPK's free weekly dance party Thursdays at 6:30 PM."
3e251a1f-d441-e3ec-9e0a-a1faa82dee60,"NYPL Storytime Under the Trees","Family & kids","Washington Square Park","","<p>Our friends from <a href=""https://www.nypl.org/locations/hudson-park"">The New York Public Library&#8217;s Hudson Branch</a> bring the library to you. Designed for little ones, sing songs and read books together under the trees.</p>"
f8db0f87-50bb-130e-6927-a5ff914b96e6,"Kids in Motion: Loreto Playground","Family & kids","Loreto Playground","","The Kids in Motion Program engages children in active, outdoor play. A NYC Parks staff member leads four to seven hours of free activities in NYC's playgrounds, including organized sports. games, fitness, demos, board games, water games, and more!<br/><br/>Kids in Motion is a free, drop-in program without registration. Children can head to the playground during the listed hours of operation to participate. Occasionally a Kids in motion program may be cancelled due to harsh weather or other conditions. <br/><br/>Please note: We recommend that guardians accompany children participating in this program. Kids in Motion is not a childcare program and NYC Parks is not responsible for the well-being of attendees."
6b414483-0c8f-7a00-1f5c-d953ca3d8c45,"The Teach Me Something Podcast Experience","Film & cinema","Berkeley College New York City Midtown Campus","",""
b69179dc-2ccc-c125-bde9-f44ab44f6d68,"Kids in Motion: Sol Lain Playground","Family & kids","Sol Lain Plgd","","The Kids in Motion program engages children in active, outdoors play. A NYC Parks staff member leads four to seven hours of free activities in NYC's playgrounds, including organized sports, games, fitness demos, board games, and more!<br/><br/>Kids in Motion is a free, drop-in program without registration. Children can head to the playground during the listed hours of operation to participate. Occasionally a kids in Motion program may be cancelled due to harsh weather or other conditions. <br/><br/>Please note: We recommend that guardians accompany children participating in this program. Kids in Motion is not a childcare program and NYC parks is not responsible for the well-being of attendees."
d8434141-2de2-3cac-e27c-4fe8dcffad2a,"Nature Talks at Bryant Park Reading Room: Nature and Humanity","Accessible Activities","Bryant Park","","<p>New York City is wilder than you might think. Thousands of species of birds, mammals, insects, plants, fungi, and more are surviving, and thriving, in every part of our city. This new lecture series, featuring ecologists, naturalists, and other nature enthusiasts, will give you a new perspective on the surprisingly abundant living things all around you.</p><p>Guest speaker William Bryant Logan is an arborist and author of <i>Oak: The Frame of Civilization; Dirt: The Ecstatic Skin of Earth; and Sprout Lands: Tending the Endless Gift of Trees.</i></p>"
f749b607-9d08-a926-659e-d3f1fb666aa1,"Greenbelt Adult Hike &#8211; Acme Pond","Hiking","Wolfe's Pond Park","","<p>Join us for a hike in the mature forest of Acme Pond. We will see marshmallow flowers and perhaps soaring ospreys (fish hawks) in the sky. Wear sturdy shoes and bring water. Closest restrooms across the street at Wolfe&#8217;s Pond.</p><p>Additional instructions for participants: Dress appropriately for hiking in the weather conditions. Closed toed boots or sneakers, and light colored, lightweight long sleeve shirt and pants are recommended.</p>"
bf5a53ed-6757-0129-20d7-7575bec5142b,"Moves with Lim&#243;n Dance at Bryant Park","Dance Classes","Bryant Park","","<p>Move to live accompaniment and experience the joy of dance with dancers from the Lim<strong>&#243;</strong>n. Open to all levels and ages - no experience required! Bring friends, family, water on hot days, and enjoy dancing on the grass. Class meets on the northeast corner of the lawn.</p>"
f0f7a0db-c28a-ddeb-484c-5452068e53e7,"Hudson Classical Theater Company presents: The Dancing Men","Free Summer Theater","Riverside Park","","<p><a href=""https://www.hudsonclassicaltheatercompany.org/index.php"">The Hudson Classical Theater Company</a> Presents <i>The Dancing Men: A Sherlock Holmes Mystery w</i>ritten by Susane Lee, adapted from the short story by Sir Arthur Conan Doyle, and directed by Susane Lee and Nicholas Martin-Smith.</p><p>Hilton Cubitt seeks the help of Sherlock Holmes when he comes across a series of mysterious stick figure drawings resembling &#8220;dancing men&#8221; about his garden. These drawings are linked to his wife, Elsie Patrick, an American woman who harbors a secret past. Holmes needs to decipher these ""dancing men"" before tragedy strikes. </p><p><i>The Dancing Men </i>runs July 23rd - August 16th. All shows are Thursdays to Sundays at 6:30pm. No reservations--arrive by 6:15pm for a good seat. Cushions provided. <a href=""https://www.hudsonclassicaltheatercompany.org/"">Hudson Classical Theater Company Shows</a> are &#8220;Pay What You Can.&#8221; Audience donations help pay for artists stipends and production costs. </p><p><strong>Directions to The Soldiers&#8217; & Sailors&#8217; Monument:</strong><br>Subways: Take the 1 to West 86 or West 96, or take the 2 to West 96. Walk west towards Riverside Park. You can enter the park at West 89th street or take the entrance at West 91st Street. You will see the Soldiers&#8217; and Sailors&#8217; Monument. Take the path to the right of the monument (not the one closest to the river). Walk around the path and you will be BEHIND the monument where audiences will be seated. </p>"
83c985e8-660e-c22a-71c6-ff88c374674b,"Queens Jazz Trail Concert: John Yao & His 17-Piece Instrument","Free Summer Concerts","Bowne Park","","<p>Experience the vibrant legacy of jazz in the heart of Queens this summer! Inspired by the iconic Queens Jazz Trail Map, this free concert series brings the borough&#8217;s rich jazz history to life in beautiful community parks&#8212;where legends like Armstrong, Coltrane, Fitzgerald, and more once called home. Presented by Kupferberg Center for the Arts, Flushing Town Hall, and Louis Armstrong House Museum in partnership with NYC Parks, the Queens Jazz Trail Concert Series honors Queens&#8217; extraordinary jazz legacy and community spirit.</p><p>Trombonist, composer, and arranger John Yao and his big band push modern big band jazz into bold new territory, blending swing, Latin, funk, and contemporary influences. Their latest release, Points in Time, celebrates Yao&#8217;s 20-year career in NYC and the band&#8217;s long-awaited return after a decade hiatus. A 2023 DownBeat Critics Poll Rising Star, Yao has performed with the Vanguard Jazz Orchestra and Afro Latin Jazz Orchestra, and collaborated with artists including Paquito D&#8217;Rivera and Kurt Elling.</p><p>This concert will take place at Bowne Park in Flushing. It&#8217;s free&#8212;just show up! Bring a blanket, lawn chair, picnic, friends&#8212;even your dancing shoes&#8212;and join us for an evening of live jazz in the park!</p>"
1cb0c42d-f7a5-3ef3-9dde-ab757fa88e8a,"Skyline CircleSing with Gaia Music Collective - July","Live music","Pier 3 Greenway Terrace, Brooklyn Bridge Park","Brooklyn Bridge Park","Join us for an evening of spontaneous harmonies, soulful songs, and playful explorations of rhythm and melody! Led by Gaia..."
8c2fc2ce-6a0d-26ed-dabe-01809d6f343a,"$25 Brooklyn Cyclones Baseball Tix + Drinks","Food & dining","Maimonides Park","","$25 Ticket To The Brooklyn Cyclones Fri-Yay Experience: Baseball Game Tickets, Drinks, Souvenir Cap & More"
eef4fe14-e336-275d-da18-8db10786ab1b,"Kids in Motion: Tompkins Square Park","Family & kids","Tompkins Square Park","","The Kids in Motion program engages children in active, outdoors play. A NYC Parks staff member leads four to seven hours of free activities in NYC's playgrounds, including organized sports, games, fitness demos, board games, and more!<br/><br/>Kids in Motion is a free, drop-in program without registration. Children can head to the playground during the listed hours of operation to participate. Occasionally a kids in Motion program may be cancelled due to harsh weather or other conditions. <br/><br/>Please note: We recommend that guardians accompany children participating in this program. Kids in Motion is not a childcare program and NYC parks is not responsible for the well-being of attendees."
8119f4a6-3d86-f4db-5064-f7514e8797d4,"P&#233;tanque in the Park","Outdoor Fitness","Washington Square Park","","<p>Never heard of P&#233;tanque? Our expert friends at NYC&#8217;s oldest running P&#233;tanque club will teach you. This French lawn bowling game from the early 20th century is easy to learn, and we provide the boules. Just bring yourself!</p>"
3a8ab712-1a7e-a8f7-0d0b-57e7337c8e43,"Prospect Park Yoga","Yoga","Prospect Park","","Brooklyn’s most beloved outdoor yoga series is back in Prospect Park! Brooklyn Flow and Prospect Park Alliance present free, outdoor yoga on the Long Meadow. Brooklyn’s finest yoga teachers lead free, outdoor group yoga classes in a low-pressure, beautiful environment. Join hundreds of Brooklynites each week to celebrate yoga and wellness in our treasured Prospect Park. Bring your own mat or towel, a bottle of water and friends. All levels are welcome. Please RSVP and sign the waiver prior to your first class: brooklynflow.com/prospectparkyoga . This outdoor yoga series is sponsored by NewYork-Presbyterian."
6ab2fc62-7ee6-7ccb-9b06-13f3d37f8179,"Kids In Motion: Astoria Heights Playground","Family & kids","Astoria Heights Playground","","The Kids in Motion program engages children in active, outdoors play. A NYC Parks staff member leads four to seven hours of free activities in NYC's playgrounds, including organized sports, games, fitness demos, board games, and more!<br/><br/>Kids in Motion is a free, drop-in program without registration. Children can head to the playground during the listed hours of operation to participate. Occasionally a Kids in Motion program may be cancelled due to harsh weather or other conditions.<br/><br/>Please note: We recommend that guardians accompany children participating in this program. Kids in Motion is not a childcare program and NYC parks is not responsible for the well-being of attendees."
6c1616d1-399f-0ad3-fcba-9427dbb0daea,"It's My Park at Sunset Park","It's My Park","Sunset Park","","<p>This It's My Park season, volunteer with Parent-Child Relationship Association to beautify Sunset Park. We look forward to cleaning up the park with you!</p>"
29de4e91-7aa1-ae7d-738b-bad0e0aed9b6,"TADA! Youth Theater’s Original Musical – THE LITTLE MOON THEATER","Family & kids","Flatiron Plazas","","This summer, Drama Desk Award-winning TADA! Youth Theater concludes its 2025-26 season with The Little Moon Theate r running now through July 31, 2026. It’s a whimsical and charming musical based on the beloved book by award-winning author Irene Haas. Follow a troupe of child actors who travel from town to town granting wishes through their performances. Along the way, they encounter a colorful cast of characters including a beloved pet snake, a dog in love with the moon, and a fairy godmother who must grant one last wish before she can retire. Experience the joy of friendship, the magic of wishes coming true in unexpected ways, and the triumph of being accepted for who you are. It’s a treasured picture book come to life! The Little Moon Theater is perfect for audiences as young as three and runs approximately one hour. With engaging storytelling, catchy music, colorful characters, and budget-friendly tickets, this production brings the joy and imagination of childhood to audiences of every age. Performance Dates & Times: Sold Out Dates Are In Bold Wednesday, July 15: 11am & 1:45pm Thursday, July 16: 1:30pm Friday, July 17: 1:30pm Saturday, July 18: 2pm Tuesday, July 21: 11am & 1:45pm Wednesday, July 22: 11am & 1:45pm Thursday, July 23: 11am & 1:45pm Friday, July 24: 11am & 1:30pm Saturday, July 25: 2pm Tuesday, July 28: 11am & 1:30pm Wednesday, July 29: 11am & 1:45pm Thursday, July 30: 11am & 1:45pm Friday, July 31: 1:30pm & 4pm"
9d41e208-a1e2-f5bf-1577-da5a68838fec,"Kids in Motion: Willis Playground","Family & kids","Willis Playground","","The Kids in Motion Program engages children in active, outdoor play. A NYC Parks staff member leads four to seven hours of free activities in NYC's playgrounds, including organized sports. games, fitness, demos, board games, water games, and more!<br/><br/>Kids in Motion is a free, drop-in program without registration. Children can head to the playground during the listed hours of operation to participate. Occasionally a Kids in motion program may be cancelled due to harsh weather or other conditions. <br/><br/>Please note: We recommend that guardians accompany children participating in this program. Kids in Motion is not a childcare program and NYC Parks is not responsible for the well-being of attendees."
de190287-2b8d-000f-cf10-6fed2be6bd56,"Kids In Motion: Corona Golf Playground","Family & kids","Corona Golf Playground","","The Kids in Motion program engages children in active, outdoors play. A NYC Parks staff member leads four to seven hours of free activities in NYC's playgrounds, including organized sports, games, fitness demos, board games, and more!<br/><br/>Kids in Motion is a free, drop-in program without registration. Children can head to the playground during the listed hours of operation to participate. Occasionally a Kids in Motion program may be cancelled due to harsh weather or other conditions.<br/><br/>Please note: We recommend that guardians accompany children participating in this program. Kids in Motion is not a childcare program and NYC parks is not responsible for the well-being of attendees."
f62961e4-301a-4a02-5b48-889b85a735b1,"Kids in Motion: St. James Playground","Family & kids","St. James Park","","The Kids in Motion Program engages children in active, outdoor play. A NYC Parks staff member leads four to seven hours of free activities in NYC's playgrounds, including organized sports. games, fitness, demos, board games, water games, and more!<br/><br/>Kids in Motion is a free, drop-in program without registration. Children can head to the playground during the listed hours of operation to participate. Occasionally a Kids in motion program may be cancelled due to harsh weather or other conditions. <br/><br/>Please note: We recommend that guardians accompany children participating in this program. Kids in Motion is not a childcare program and NYC Parks is not responsible for the well-being of attendees."
9e0c79d3-f989-8865-d136-3a1824c49e13,"Teen Service Series: Green Prospect Park","Volunteer","Prospect Park","","Prospect Park Alliance needs you ! Get your hands dirty, make real change, and level up your community service hours — all while spending time outside in Brooklyn’s Backyard! Help remove invasive plants, maintain woodland trails and other forest restoration work to help Prospect Park thrive. All tools are provided + no experience is necessary. Earn service hours, make a real impact, and have a blast doing it! Spots are limited — grab yours now before they’re gone! Earn up to 24 community service hours Explore Prospect Park’s 350 acres of woodlands Gain experience in forest restoration + horticulture"
0d5a099e-5133-eb13-083e-41e523ab060f,"7/31 Restoration Fridays at Highland Park","Gardening","Highland Park","","<p>Join NYC Parks and The Forest Park Trust for Restoration Fridays this summer to engage in hands-on forest restoration work, including invasive species removal, trail restoration, and possible planting in Highland Park.</p><p><strong>Advance registration required with the link below. Please wear sturdy, closed toe shoes and clothes you don't mind getting dirty.</strong></p>"
bd70004f-3df6-6a8f-d889-cace5fe93ee6,"Kids In Motion: Haggerty Park","Family & kids","Haggerty Park","","The Kids in Motion program engages children in active, outdoors play. A NYC Parks staff member leads four to seven hours of free activities in NYC's playgrounds, including organized sports, games, fitness demos, board games, and more!<br/><br/>Kids in Motion is a free, drop-in program without registration. Children can head to the playground during the listed hours of operation to participate. Occasionally a Kids in Motion program may be cancelled due to harsh weather or other conditions.<br/><br/>Please note: We recommend that guardians accompany children participating in this program. Kids in Motion is not a childcare program and NYC parks is not responsible for the well-being of attendees."
b93a6dc0-3c4e-b2a4-dd62-f43dc782e58f,"Our Vibe Check: Youth Mental Health Festial","Family & kids","","","Our Vibe Check is a free youth mental health festival happening near Washington Square Park on Monday, July 27. #block-5a15d19bd7af249886a5 { } #block-5a15d19bd7af249886a5 .sqs-html-content { } #block-5a15d19bd7af249886a5 { mix-blend-mode: var(--tweak-text-block-blend ); border-radius: var(--tweak-t"
43e68757-853f-7b9d-d285-116a0d41a877,"BookClub","Books & readings","Bryant Park","Midtown",""
d48756a2-ddb4-fa26-d550-90a791013fc6,"Kayaking (Saturdays) - August 1","Running & fitness","Pier 2, Brooklyn Bridge Park","Brooklyn Bridge Park","Glide along the water this summer and fall in our protected embayment with free public kayaking! Presented in partnership with..."
420354e2-4377-6585-cb73-f9aa6249d33d,"Kids In Motion: Hoover-Manton Playgrounds","Family & kids","Hoover - Manton Playgrounds","","The Kids in Motion program engages children in active, outdoors play. A NYC Parks staff member leads four to seven hours of free activities in NYC's playgrounds, including organized sports, games, fitness demos, board games, and more!<br/><br/>Kids in Motion is a free, drop-in program without registration. Children can head to the playground during the listed hours of operation to participate. Occasionally a Kids in Motion program may be cancelled due to harsh weather or other conditions.<br/><br/>Please note: We recommend that guardians accompany children participating in this program. Kids in Motion is not a childcare program and NYC parks is not responsible for the well-being of attendees."
5ff125d2-47e0-59bb-7fff-c050a3b222e6,"Kids in Motion: Samuel Seabury Playground","Family & kids","Samuel Seabury Playground","","The Kids in Motion program engages children in active, outdoors play. A NYC Parks staff member leads four to seven hours of free activities in NYC's playgrounds, including organized sports, games, fitness demos, board games, and more!<br/><br/>Kids in Motion is a free, drop-in program without registration. Children can head to the playground during the listed hours of operation to participate. Occasionally a kids in Motion program may be cancelled due to harsh weather or other conditions. <br/><br/>Please note: We recommend that guardians accompany children participating in this program. Kids in Motion is not a childcare program and NYC parks is not responsible for the well-being of attendees."
609139e9-e7fd-e530-5792-811d9ea498d0,"Kids In Motion: The Big Park","Family & kids","The Big Park","","The Kids in Motion program engages children in active, outdoor play. A NYC Parks staff member leads four to seven hours of free activities in NYC's playgrounds, including organized sports, games, fitness demos, board games, water games, and more!<br/><br/>Kias in Motion is a free, drop-in program without registration. Children can head to the playground during the listed hours of operation to participate. Occasionally a Kids in Motion program may be cancelled due to harsh weather or other conditions.<br/><br/>Please note: We recommend that guardians accompany children participating in this program.<br/><br/>Kids in Motion is not a childcare program and NYC Parks is not responsible for the well-being of attendees."
ceaf1af0-3f35-68b0-8885-6be49c63a890,"8/1 Forest Restoration at Strack Pond","Gardening","Forest Park","","<p>Join NYC Parks and The Forest Park Trust for Forest Restoration this summer to engage in hands-on forest restoration work, including invasive species removal, trail restoration, and possible planting in our park.</p><p><strong>Registration is required. All tools will be provided, and no prior experience is needed. Just bring your enthusiasm. Please come dressed in sturdy, closed-toe shoes and bring your own water bottle.</strong></p>"
9075d494-c8b6-453d-78b3-7de4802faaa7,"It's My Park at Cooper Park","It's My Park","Cooper Park","","<p>This It's My Park season, volunteer with Friends of Cooper Park to beautify Cooper Park. We look forward to cleaning up the park with you!</p>"
d415d8a3-9239-4bd4-3e08-59461ff95414,"Kids In Motion: Grover Cleveland Playground","Family & kids","Grover Cleveland Playground","","The Kids In Motion Program engages children in active outdoor play. A NYC Parks staff member leads four to seven hours of free activities in NYC's playgrounds, including organized sports, games, fitness demos, board games, water games, and more!<br/><br/>Kids In Motion is a free, drop-in program without registration. Children can head to the playground during the listed hours of operation to participate. Occasionally, a Kids In Motion program may be cancelled due to harsh weather or other conditions.<br/><br/>Please note: We recommend that guardians accompany children participating in this program. Kids In Motion is not a childcare program and NYC Parks is not responsible for the well-being of attendees."
41a3e067-03a7-7c87-0cb6-8a804ec030cf,"Kids in Motion: Columbus Park","Family & kids","Columbus Park","","The Kids in Motion program engages children in active, outdoors play. A NYC Parks staff member leads four to seven hours of free activities in NYC's playgrounds, including organized sports, games, fitness demos, board games, and more!<br/><br/>Kids in Motion is a free, drop-in program without registration. Children can head to the playground during the listed hours of operation to participate. Occasionally a kids in Motion program may be cancelled due to harsh weather or other conditions. <br/><br/>Please note: We recommend that guardians accompany children participating in this program. Kids in Motion is not a childcare program and NYC parks is not responsible for the well-being of attendees."
3289d7f5-eb61-65f4-c255-454e0490150c,"Plant and Seed Swap","Hiking & parks","Bryant Park","Midtown",""
e335f514-7a09-35e6-8646-954c5797e6be,"Kids In Motion: Lawrence Virgilio Playground","Family & kids","Lawrence Virgilio Playground","","The Kids In Motion Program engages children in active outdoor play. A NYC Parks staff member leads four to seven hours of free activities in NYC's playgrounds, including organized sports, games, fitness demos, board games, water games, and more!<br/><br/>Kids In Motion is a free, drop-in program without registration. Children can head to the playground during the listed hours of operation to participate. Occasionally, a Kids In Motion program may be cancelled due to harsh weather or other conditions.<br/><br/>Please note: We recommend that guardians accompany children participating in this program. Kids In Motion is not a childcare program and NYC Parks is not responsible for the well-being of attendees."
df4f8afa-34c9-df53-82a3-23d5639a67b5,"Summer on the Hudson: Everybody Tango!","Dance Classes","West Harlem Piers","","<p>Enjoy introductory Argentine Tango lessons, music, and social dancing in the open air with <a href=""https://learnargentinetango.com/"">Strictly Tango NYC</a>. Lessons are held at 6:40pm. and 7:40pm, with social dance time between lessons. <i>Live music and dancers June 3 and July 1.</i></p>"
a381c4c9-c334-f39b-7cbc-f67da452832e,"Amp'd Bootcamp - July 29","Running & fitness","Pier 2 Turf, Brooklyn Bridge Park","Brooklyn Bridge Park","Push yourself with this Amp'd Bootcamp, led by Chelsea Piers Fitness. This one-hour fitness class is open to all ages..."
0a5e93d0-4a24-319e-66c5-347a90df99cb,"Kids In Motion: Phil ""Scooter"" Rizzuto Park","Family & kids","Phil ""Scooter"" Rizzuto Park","","The Kids in Motion program engages children in active, outdoors play. A NYC Parks staff member leads four to seven hours of free activities in NYC's playgrounds, including organized sports, games, fitness demos, board games, and more!<br/><br/>Kids in Motion is a free, drop-in program without registration. Children can head to the playground during the listed hours of operation to participate. Occasionally a Kids in Motion program may be cancelled due to harsh weather or other conditions.<br/><br/>Please note: We recommend that guardians accompany children participating in this program. Kids in Motion is not a childcare program and NYC parks is not responsible for the well-being of attendees."
08a16fca-2eaf-013d-1d73-75a970d077ac,"Kids in Motion: Spuyten Duyvil Playground","Family & kids","Spuyten Duyvil Playground","","The Kids in Motion Program engages children in active, outdoor play. A NYC Parks staff member leads four to seven hours of free activities in NYC's playgrounds, including organized sports. games, fitness, demos, board games, water games, and more!<br/><br/>Kids in Motion is a free, drop-in program without registration. Children can head to the playground during the listed hours of operation to participate. Occasionally a Kids in motion program may be cancelled due to harsh weather or other conditions. <br/><br/>Please note: We recommend that guardians accompany children participating in this program. Kids in Motion is not a childcare program and NYC Parks is not responsible for the well-being of attendees."
b025d77d-0acb-7068-18d6-a85473cdcc2c,"Zumba under the Stars W/Lisa G Rockazumbaway","NYC Parks Fitness Expo","Rockaway Beach and Boardwalk","","<p>Join Lisa G Zumba instructor for a popular form of exercise and dance which combines Latin and African dance steps. This year with a added twist of Line dance.</p><p>Bring a bottle of water and a towel.</p>"
4731de51-4fd8-c601-5198-de2ebda8ad48,"One Book One Bronx book club","Accessible Activities","","","<p>Come join the garden group at <a href=""https://www.nycgovparks.org/opportunities/volunteer/group/bronx-river-community-garden"">Bronx River Community Garden</a> for a <a href=""https://onebookonebronx.com/"">One Book One Bronx</a> event! This is a weekly community space that sparks powerful conversations and celebrates diverse voices. Saturdays, May 23-August 8, registration required.</p>"
7f536c02-f5a2-e558-449d-038c74e7c836,"Kids in Motion: Ben Abrams Playground","Family & kids","Bronx Park","","The Kids in Motion Program engages children in active, outdoor play. A NYC Parks staff member leads four to seven hours of free activities in NYC's playgrounds, including organized sports. games, fitness, demos, board games, water games, and more!<br/><br/>Kids in Motion is a free, drop-in program without registration. Children can head to the playground during the listed hours of operation to participate. Occasionally a Kids in motion program may be cancelled due to harsh weather or other conditions. <br/><br/>Please note: We recommend that guardians accompany children participating in this program. Kids in Motion is not a childcare program and NYC Parks is not responsible for the well-being of attendees."
1df19a4e-46d0-ec0a-45b4-d5c82b61e566,"Nocturnal Navigators: Green-Wood Bat Walk","Walking Tour","Green-Wood Cemetery","",", Photo Credit: Evan Rabeck .stk-2be9b3b {margin-right:0px !important;margin-bottom:24px !important;margin-left:0px !important;}.stk-2be9b3b-column{--stk-column-gap:20px !important;} .stk-3717db9-container{margin-top:0px !important;margin-right:0px !important;margin-bottom:0px !important;margin-left:0px !important;}.stk-3717db9 {margin-top:0px !important;margin-right:0px !important;margin-bottom:0px !important;margin-left:0px !important;}@media screen and (min-width: 768px){.stk-3717db9 {flex:var(--stk-flex-grow, 1) 1 calc(66.7% - var(--stk-column-gap, 0px) * 1 / 2 ) !important;}} .stk-3717db9.stk-block-column{n !important}.stk-3717db9 n.stk-column-wrapper{nmargin:0px !important;n !important} As the sun sets over Green-Wood’s historic landscape, some of its most elusive nocturnal creatures begin to stir—the bats! Join biologist Nic Comparato as we dive into the secret world of bats. Discover the species that call this Cemetery home, from the little brown bat to the eastern red bat and hoary bat. Experience a live sonar demonstration and see how scientists use this tool to identify bats in real time. Get ready for a fascinating evening as you uncover the mysteries of these incredible, flying mammals and their vital role in our ecosystem! .stk-8fdef55-container{margin-top:0px !important;margin-right:0px !important;margin-bottom:0px !important;margin-left:0px !important;}.stk-8fdef55 {margin-top:0px !important;margin-right:0px !important;margin-bottom:0px !important;margin-left:0px !important;}@media screen and (min-width: 768px){.stk-8fdef55 {flex:var(--stk-flex-grow, 1) 1 calc(33.333% - var(--stk-column-gap, 0px) * 1 / 2 ) !important;}} .stk-8fdef55.stk-block-column{n !important}.stk-8fdef55 n.stk-column-wrapper{nmargin:0px !important;n !important} .stk-fd7323c {margin-bottom:0px !important;} .stk-4a67f03 {margin-bottom:35px !important;} Price: $30 / $24 for members Get Tickets var exampleCallback = function() { console.log('Order complete!'); }; window.EBWidgets.createWidget({ widgetType: 'checkout', eventId: '1989845886612', modal: true, modalTriggerElementId: 'eventbrite-widget-modal-trigger-1989845886612', onOrderComplete: exampleCallback }); Walking Tour (see details below) BEFORE PURCHASING YOUR TICKET, PLEASE NOTE: Tickets: There is no need to print tickets! Attendees will be checked in by name. Where To Go: Check-in takes place at the Gothic Arch near the Main Entrance at Fifth Avenue and 25th Street (500 25th Street). Accessibility & Safety: Walking tour routes cover hilly, grassy, and uneven terrain. This tour is not accessible for those using wheelchairs or other mobility aids and may be difficult for those with balance or other mobility issues. There is no place to sit down during the tour. For other disability-related accommodations, contact us at (718) 768-7300 or events@green-wood.com . This tour is not recommended for children under the age of 10. We strongly encourage attendees to wear suitable footwear. A Little More About Safety: This tour takes place in the dark. We strongly encourage attendees to bring a flashlight. Unless there is a medical emergency, it is not possible to leave during the tour. Please consider these limitations before purchasing tickets. Refunds: All ticket sales are final. Refunds are only permissible if the tour is canceled by Green-Wood. Tickets cannot be exchanged for a different tour date. Inclement Weather Policy: We monitor weather conditions throughout the day for the best chance of proceeding with the tour and will not make a final decision until approximately 3 hours before the start of the tour. Cancellations will be announced via Eventbrite email blasts, so check your email and spam folders. Add to calendar Google Calendar iCalendar Outlook 365 Outlook Live"
c5de4bd1-bb9e-02a1-aa80-5701ed8c4c98,"Kids in Motion: St. Mary's Park West","Family & kids","St. Mary's Park","","The Kids in Motion Program engages children in active, outdoor play. A NYC Parks staff member leads four to seven hours of free activities in NYC's playgrounds, including organized sports. games, fitness, demos, board games, water games, and more!<br/><br/>Kids in Motion is a free, drop-in program without registration. Children can head to the playground during the listed hours of operation to participate. Occasionally a Kids in motion program may be cancelled due to harsh weather or other conditions. <br/><br/>Please note: We recommend that guardians accompany children participating in this program. Kids in Motion is not a childcare program and NYC Parks is not responsible for the well-being of attendees."
c962501a-9c3b-6850-9375-c50624cd3b7d,"Kids In Motion: Rosemary's Playground","Family & kids","Rosemary's Playground","","The Kids in Motion program engages children in active, outdoors play. A NYC Parks staff member leads four to seven hours of free activities in NYC's playgrounds, including organized sports, games, fitness demos, board games, and more!<br/><br/>Kids in Motion is a free, drop-in program without registration. Children can head to the playground during the listed hours of operation to participate. Occasionally a Kids in Motion program may be cancelled due to harsh weather or other conditions.<br/><br/>Please note: We recommend that guardians accompany children participating in this program. Kids in Motion is not a childcare program and NYC parks is not responsible for the well-being of attendees."
bb203aaa-6b32-bab8-4979-b68557ca28ee,"Zumba under the Stars w/Lisa G aka RockaZumbaway","NYC Parks Fitness Expo","Rockaway Beach and Boardwalk","","<p>Join Lisa G Zumba instructor for the Popular form of exercise and dance which combines Latin and African dance steps. This year line dance is an added twist to the Zumba class.</p><p>Bring a bottle of water and Towel. </p>"
d3400513-b404-e3ba-e0bb-f0c6168e0212,"Hippo Playground Summer Concerts Featuring Esther Crow","Free Summer Concerts","Riverside Park","","<p><a href=""https://riversideparknyc.org/playground-partners/"">Riverside Playground Partners </a>presents their annual summer concert series, fully funded by proceeds from the Hippo Playground Spring Fair.</p><ul><li>July 22 - <a href=""https://www.michaelandtherocknessmonsters.com/#media"">Michael Napolitano</a></li><li>July 29 - <a href=""https://esthercrow.com/home"">Esther Crow</a></li><li>Aug 5 - <a href=""https://www.suzishelton.com/"">Suzi Shelton</a></li><li>Aug 12 - <a href=""https://florbromleymusic.com/home"">Flor Bromley</a></li><li>Aug 19 - <a href=""https://mattheatonmusic.com/"">Matt Heaton </a></li><li>Aug 26 - <a href=""https://hopalongandrew.tumblr.com/"">Hopalong Andrew </a></li></ul><p><a href=""https://esthercrow.com/"">Esther Crow</a> is a NYC award-winning singer, songwriter, kids' entertainer, puppeteer and member of the Recording Academy. She has been writing and performing music for many years (including with her rock band, The Electric Mess), but after her son's birth, she became inspired to write music for children.</p><p> </p>"
89b77fed-45f4-0a4f-ea5b-75613d2a95ee,"Nature's Workshop: Sandcastles and Beachcombing","Hiking","Wolfe's Pond Park","","<p>On National Sandcastle Day, explore how sand and water work together to make strong sandcastles and try fun experiments on the beach. We&#8217;ll also go beachcombing along the shoreline to look for shells, stones, and other natural treasures while learning how tides and waves shape what we find. It&#8217;s a day of sandy science, shoreline discovery and hands&#8209;on learning.</p>"
43db1f46-e59e-bee4-83d5-840f2d848e4d,"Morning Yoga - August 1","Running & fitness","Pier 3 Central Lawn, Brooklyn Bridge Park","Brooklyn Bridge Park","Start your day with a free relaxing and strengthening yoga session led by Abhaya Yoga! This all-level one hour fitness..."
afb13a4a-4a76-c774-7c1e-ee943f618699,"Kids In Motions: Carmasville Playground","Family & kids","Carmansville Playground","","The Kids in Motion program engages children in active, outdoors play. A NYC Parks staff member leads four to seven hours of free activities in NYC's playgrounds, including organized sports, games, fitness demos, board games, and more!<br/><br/>Kids in Motion is a free, drop-in program without registration. Children can head to the playground during the listed hours of operation to participate. Occasionally a kids in Motion program may be cancelled due to harsh weather or other conditions. <br/><br/>Please note: We recommend that guardians accompany children participating in this program. Kids in Motion is not a childcare program and NYC parks is not responsible for the well-being of attendees."
31510ea1-b174-066d-2af9-a455e03e35e4,"Kids In Motion: Carl Schruz Park","Family & kids","Carl Schurz Park","","The Kids in Motion program engages children in active, outdoors play. A NYC Parks staff member leads four to seven hours of free activities in NYC's playgrounds, including organized sports, games, fitness demos, board games, and more!<br/><br/>Kids in Motion is a free, drop-in program without registration. Children can head to the playground during the listed hours of operation to participate. Occasionally a kids in Motion program may be cancelled due to harsh weather or other conditions. <br/><br/>Please note: We recommend that guardians accompany children participating in this program. Kids in Motion is not a childcare program and NYC parks is not responsible for the well-being of attendees."
71907763-2967-6154-c7d4-b819a003c7eb,"Summer on the Hudson: Cardio Dance with Caro","Exercise Classes","Riverside Park","","<p>Move to Latin beats with fun and easy routines at this energetic dance aerobics class taught by <a href=""https://www.instagram.com/caro_cardiodance"">Carolina</a>! <i><strong>No class June 16. </strong></i></p><p>Access to the 145th Street lawn is via Riverbank State Park at 145th Street. Additional entry is at 148th Street and Riverside Drive, or via the <a href=""https://g.co/kgs/dDaVHX2"">Denny Farrell Pedestrian Bridge</a> at 151st Street (accessible). </p>"
6cd23ef6-184a-acc0-8008-1a0bd8a30f2c,"Summer on the Hudson: Movement Speaks Workshop","Exercise Classes","Riverside Park","","<p><a href=""dvpnyc.org"">Dances for a Variable Population</a> leads creative movement classes for adults of all ages and abilities, with a focus on seniors.</p>"
1d39fb2b-0e32-4091-6c3b-38f6c0dbc69c,"Kids in Motion: Hunts Point Playground","Family & kids","Hunts Point Playground","","The Kids in Motion Program engages children in active, outdoor play. A NYC Parks staff member leads four to seven hours of free activities in NYC's playgrounds, including organized sports. games, fitness, demos, board games, water games, and more!<br/><br/>Kids in Motion is a free, drop-in program without registration. Children can head to the playground during the listed hours of operation to participate. Occasionally a Kids in motion program may be cancelled due to harsh weather or other conditions. <br/><br/>Please note: We recommend that guardians accompany children participating in this program. Kids in Motion is not a childcare program and NYC Parks is not responsible for the well-being of attendees."
add6f080-8eeb-1541-7611-b2b7b6910362,"Kids In Motion: Nautilus Playground","Family & kids","Roy Wilkins Recreation Center","","The Kids In Motion Program engages children in active outdoor play. A NYC Parks staff member leads four to seven hours of free activities in NYC's playgrounds, including organized sports, games, fitness demos, board games, water games, and more!<br/><br/>Kids In Motion is a free, drop-in program without registration. Children can head to the playground during the listed hours of operation to participate. Occasionally, a Kids In Motion program may be cancelled due to harsh weather or other conditions.<br/><br/>Please note: We recommend that guardians accompany children participating in this program. Kids In Motion is not a childcare program and NYC Parks is not responsible for the well-being of attendees."
b8cdb2af-faa1-8229-4126-b7a0b0950e6a,"Wheel Fun Rentals Celebrates America's 250th with Patriotic LED Bike Ride","Fourth of July","Flushing Meadows Corona Park, Franklin D. Roosevelt Boardwalk and Beach, Marine Park, Bensonhurst Park","","<p>Wheel Fun Rentals at Boathouse Row is lighting up summer nights in patriotic style as it celebrates America's 250th anniversary with special <strong>Red, White & Blue LED Illuminated Surrey Night Rides. Patriotic Surrey Nights Rides are available now and will run through Labor Day Weekend </strong>at their Bensonhurst Park and FDR Boardwalk at Sand Lane bike rental locations<strong>.</strong></p><p><br>For the summer-long celebration, Wheel Fun Rentals has transformed its popular LED-illuminated specialty bikes into dazzling patriotic attractions featuring custom red, white, and blue lighting. Families, couples, and friends can cruise along two of New York City's scenic waterfronts while celebrating America's historic 250th birthday.</p><p>On July 4th, guests can make the holiday even more memorable by riding to waterfront viewing areas for spectacular fireworks displays. Launching from <strong>Bensonhurst Park in Brooklyn</strong>, riders can enjoy the festive atmosphere along the waterfront bike path with views across New York Harbor. <strong>On Staten Island, guests can pedal along the FDR Boardwalk</strong>, where the waterfront provides a scenic setting to take in the evening's Independence Day celebrations and fireworks over the harbor.</p><p><strong>Night Rides are first-come, first-served and available Friday &#8211; Sundays and holidays beginning at sunset until 10pm, last 1-hour rental goes out at 9pm.</strong> Pricing is $29 for a Single Surrey (seats up to 3 adults and 2 small children), and $39 for a Double Surrey (seats up to 6 adults and 2 small children).</p><p><strong>For additional location information, current hours of operation, and to learn more about Wheel Fun Rentals available recreational rental options, visit </strong><a href=""http://wheelfunrentals.com/NYC""><strong>wheelfunrentals.com/NYC</strong></a><strong>.</strong></p>"
1b5926ed-70cf-1f1e-86af-a3b535460a9d,"Waterfront Workouts: Amp'd Bootcamp","Outdoor Fitness","Brooklyn Bridge Park","","<p><br>Push yourself with this free <a href=""https://brooklynbridgepark.org/events/?keyword=bootcamp"">Amp&#8217;d Bootcamp</a> class Brooklyn Bridge Park! This all-level one hour fitness class is open to all ages and abilities, led by instructors from Chelsea Piers Fitness. This is a part of Brooklyn Bridge Park's <a href=""https://brooklynbridgepark.org/events/waterfront-workouts/"">Waterfront Workouts</a> series, offering free weekly workouts from May through September.</p><p>Designed to diversify your workout, this bootcamp-style high intensity interval training (HIIT) class will incinerate calories and build strength. Come give your all at Brooklyn Bridge Park in this all-level cardio, strength, and plyometric-based workout, with a stunning waterfront view.</p><p>No equipment is required but participants are encouraged to bring their own yoga mats or towels, if desired, to use on the turf.</p><p>Advance registration is highly encouraged but walk-ups welcome as capacity allows. Fitness waivers are required by all participants. View all upcoming dates and full details at <a href=""https://brooklynbridgepark.org/events/?keyword=bootcamp"">brooklynbridgepark.org</a>. Please note holiday weekends are skipped and this event is subject to change due to weather or other extenuating circumstances.</p>"
85fd4591-8ad1-8cb1-84ab-fe41bb46bbb2,"Skyline CircleSing with Gaia Music Collective","Free Summer Concerts","Brooklyn Bridge Park","","<p>Join us for an evening of spontaneous harmonies, soulful songs, and playful explorations of rhythm and melody!</p><p>Led by Gaia Music Collective in partnership with Brooklyn Bridge Park, these sessions are warm, welcoming spaces for spontaneous singing and harmonizing, led with joy, passion, and kindness by skilled circlesong facilitators, taking place at Pier 3 Greenway Terrace in Brooklyn Bridge Park.</p><p>RSVPs encouraged but not required. Walk-ups welcome. More details at: brooklynbridgepark.org/event/skyline-circlesing-with-gaia-music-collective-july-29.</p><p>What is circlesinging?</p><p>A spontaneous vocal jam, sung by all of us and led by a facilitator in the middle of the circle who invents parts, teaches improvised harmonies, and shapes the music as we flow from meditative moments to vibrant dance parties to heartfelt anthems and everything in between!</p><p> </p>"
53a0c82b-edc8-2ff7-74f0-b2807fd1ed92,"Seining","Waterfront","Canarsie Park","","Our experienced Urban Park Rangers teach the ecology of our waterways on every seining program. Get ready to get your hands wet; seining programs use nets to catch fish. All equipment is provided; this program is recommended for ages 8 years and older. Participation is first-come, first-served."
2302374a-2e9e-5e00-3efa-fceab48ddb00,"Kids in Motion: Flynn Playground","Family & kids","Flynn Playground","","The Kids in Motion Program engages children in active, outdoor play. A NYC Parks staff member leads four to seven hours of free activities in NYC's playgrounds, including organized sports. games, fitness, demos, board games, water games, and more!<br/><br/>Kids in Motion is a free, drop-in program without registration. Children can head to the playground during the listed hours of operation to participate. Occasionally a Kids in motion program may be cancelled due to harsh weather or other conditions. <br/><br/>Please note: We recommend that guardians accompany children participating in this program. Kids in Motion is not a childcare program and NYC Parks is not responsible for the well-being of attendees."
f30807ca-276a-55fb-119e-dae5ee0ad500,"Kids in Motion: Williamsbridge Oval Playground West","Family & kids","Williamsbridge Oval","","The Kids in Motion Program engages children in active, outdoor play. A NYC Parks staff member leads four to seven hours of free activities in NYC's playgrounds, including organized sports. games, fitness, demos, board games, water games, and more!<br/><br/>Kids in Motion is a free, drop-in program without registration. Children can head to the playground during the listed hours of operation to participate. Occasionally a Kids in motion program may be cancelled due to harsh weather or other conditions. <br/><br/>Please note: We recommend that guardians accompany children participating in this program. Kids in Motion is not a childcare program and NYC Parks is not responsible for the well-being of attendees."
d9a76b01-bc7f-1043-2c04-93c20fe7292d,"Kids In Motion: Arrochar","Family & kids","Arrochar Playground","","&#8203;Vega, Shayr (Parks)&#8203;<br/>The Kids in Motion program engages children in active, outdoor play. A NYC Parks staff member leads four to seven hours of free activities in NYC's playgrounds, including organized sports, games, fitness demos, board games, water games, and more!<br/><br/>Kias in Motion is a free, drop-in program without registration. Children can head to the playground during the listed hours of operation to participate. Occasionally a Kids in Motion program may be cancelled due to harsh weather or other conditions.<br/><br/>Please note: We recommend that guardians accompany children participating in this program.<br/><br/>Kids in Motion is not a childcare program and NYC Parks is not responsible for the well-being of attendees."
c9e7914a-fcd5-c719-2cb1-b1bc34a712d1,"$49 3 Hour Premium Open Bar Summer Social","Nightlife","Marquee Nightclub","","$49 20th Annual Special Olympics NY Summer Social: 3 Hour Premium Open Bar, Hot Dogs, Silent Auction At Marquee"
0f5fd85c-3ce8-8db6-de89-9d2e6e3c9540,"Disability Pride Night: Love & Fury Vibrant Verbal Description Tour with ASL","Museums","Poster House","","This special in-person tour led by a Poster House educator will focus on six works in the exhibition Love & Fury: New York’s Fight Against AIDS . This tour will include a vibrant verbal description of the posters as well as insight into their curatorial and historical significance. ASL interpretation will also be provided on this tour by Inclusive Communication Services. While everyone is welcome, Poster House offers Vibrant Verbal Description Tours specifically for community members who are blind, have low vision, or who would otherwise benefit from verbal descriptions, as well as those who prefer ASL interpretation. Please note this exhibition is rated R for sexually explicit imagery and text. This event is free and part of Disability Pride Night. Please find additional programming on Poster House’s Events page. Advance registration is required as space is limited. Please email access@posterhouse.org or call 914-295-2387 to sign up for this event. Kindly arrive 15 minutes before start time. The program will begin promptly and will last approximately 90 minutes, including time for questions. Accessibility Note : ASL (American Sign Language) interpretation will be present. Masks and ear plugs are available free of charge at the museum. Assistive listening devices and stools are available. CART (Communication Access Realtime Translation) is also available upon request. Please contact access@posterhouse.org or 914-295-2387 to request services and to address any other accessibility needs. For other event-related questions, please contact events@posterhouse.org ."
6f3baf38-daea-8ef1-90bd-f1c9bcb02073,"Puppet Mobile featuring Pinocchio","Theater","Roy Wilkins Recreation Center","","<p>Join City Parks Foundation at the performance space for a PuppetMobile production of Pinocchio!</p>"
8c95bc93-5322-cf14-1070-9ec435396f09,"Summer Spruce Up","Volunteer","Prospect Park","","Join Prospect Park Alliance for a special summer work session at our Summer Spruce Up volunteer series. Volunteers will assist in tasks such as invasive plant removal, trail maintenance, litter pick up, and other landscaping needs. The group meets at a different location every week. If you RSVP, you will receive a reminder email with the meeting location. Be advised, these projects involve repetitive bending, kneeling, lifting and transporting loaded wheelbarrows. This opportunity requires using sharp tools and encountering potentially hazardous plants and materials. Appropriate for teens ages 14-17 and adults. Register online or call (929) 888- 6826 for more information."
9ea168ff-618e-ff06-6523-65f4936e3f9f,"Basic Canoeing","Urban Park Rangers","Alley Pond Park","","Few experiences compare with being on the open water in New York City. The rhythm of the waves, the sun on your face, and the exhilaration of slicing through the water all add up to an experience you&#8217;ll never forget. Our trained Urban Park Rangers will lead you on canoe adventures that range from the gentle waters of protected lakes to the challenging open waters of rivers and bays. All canoe programs are for ages 8 years and older. Meet at Cloverdale Boulevard entrance near 46th Avenue."
cda8ad7c-8c07-92b8-d2dd-c90f90f5b78b,"Kids In Motion: Elmhurst Park","Family & kids","Elmhurst Park","","The Kids in Motion program engages children in active, outdoors play. A NYC Parks staff member leads four to seven hours of free activities in NYC's playgrounds, including organized sports, games, fitness demos, board games, and more!<br/><br/>Kids in Motion is a free, drop-in program without registration. Children can head to the playground during the listed hours of operation to participate. Occasionally a Kids in Motion program may be cancelled due to harsh weather or other conditions.<br/><br/>Please note: We recommend that guardians accompany children participating in this program. Kids in Motion is not a childcare program and NYC parks is not responsible for the well-being of attendees."
2ff39fa2-0895-94f4-430e-7453b7769eaa,"Moonlight Tour","","Green-Wood Cemetery","",", Credit: Evan Rabeck .stk-2be9b3b {margin-right:0px !important;margin-bottom:24px !important;margin-left:0px !important;}.stk-2be9b3b-column{--stk-column-gap:20px !important;} .stk-3717db9-container{margin-top:0px !important;margin-right:0px !important;margin-bottom:0px !important;margin-left:0px !important;}.stk-3717db9 {margin-top:0px !important;margin-right:0px !important;margin-bottom:0px !important;margin-left:0px !important;}@media screen and (min-width: 768px){.stk-3717db9 {flex:var(--stk-flex-grow, 1) 1 calc(66.7% - var(--stk-column-gap, 0px) * 1 / 2 ) !important;}} .stk-3717db9.stk-block-column{n !important}.stk-3717db9 n.stk-column-wrapper{nmargin:0px !important;n !important} There’s no better way to experience Green-Wood than by moonlight. Walk alongside fellow night owls through winding paths and hidden corners, as the stories of the Cemetery’s most extraordinary residents come alive around you—triumphs, scandals, romances, and legacies etched in stone. Whether it’s your first visit or your twentieth, this is Green-Wood like you’ve never seen it before. .stk-8fdef55-container{margin-top:0px !important;margin-right:0px !important;margin-bottom:0px !important;margin-left:0px !important;}.stk-8fdef55 {margin-top:0px !important;margin-right:0px !important;margin-bottom:0px !important;margin-left:0px !important;}@media screen and (min-width: 768px){.stk-8fdef55 {flex:var(--stk-flex-grow, 1) 1 calc(33.333% - var(--stk-column-gap, 0px) * 1 / 2 ) !important;}} .stk-8fdef55.stk-block-column{n !important}.stk-8fdef55 n.stk-column-wrapper{nmargin:0px !important;n !important} .stk-fd7323c {margin-bottom:0px !important;} .stk-4a67f03 {margin-bottom:35px !important;} Price: $30 / $24 for members Get Tickets var exampleCallback = function() { console.log('Order complete!'); }; window.EBWidgets.createWidget({ widgetType: 'checkout', eventId: '1985835222608', modal: true, modalTriggerElementId: 'eventbrite-widget-modal-trigger-1985835222608', onOrderComplete: exampleCallback }); Walking Tour (see details below) Please note that if only 1 ticket shows as available during the purchase process, that is the last ticket available. BEFORE RESERVING YOUR SPOT, PLEASE NOTE: Tickets: There is no need to print tickets! Attendees will be checked in by name. Where To Go: Check-in takes place at the Gothic Arch near the Main Entrance at Fifth Avenue and 25th Street (500 25th Street). Accessibility & Safety: Walking tour routes cover hilly, grassy, and uneven terrain. This tour is not accessible for those using wheelchairs or other mobility aids and may be difficult for those with balance or other mobility issues. There is no place to sit down during the tour. For other disability-related accommodations, contact us at 718-210-3080, ext. 1 or events@green-wood.com. This tour is not recommended for children under the age of 10. We strongly encourage attendees to wear suitable footwear. A Little More About Safety: Unless there is a medical emergency, it may be difficult to exit quickly during the tour. Please consider these limitations before purchasing tickets. Refunds: All ticket sales are final. Refunds are only permissible if the tour is canceled by Green-Wood. Tickets cannot be exchanged for a different tour date. Inclement Weather Policy: We monitor weather conditions throughout the day for the best chance of proceeding with the tour and will not make a final decision until approximately 3 hours before the start of the tour. Cancellations will be announced via Eventbrite email blasts, so check your email and spam folders. Add to calendar Google Calendar iCalendar Outlook 365 Outlook Live"
3f8d03cc-83b0-3c2d-2297-47b3be0f7ecd,"The Little Moon Theater: An Original Musical by TADA! Youth Theater","Family & kids","Flatiron Plazas","","This summer, Drama Desk Award-winning TADA! Youth Theater concludes its 2025-26 season with The Little Moon Theater running July 11–31, 2026. It’s a whimsical and charming musical based on the beloved book by award-winning author Irene Haas. Follow a troupe of child actors who travel from town to town granting wishes through their performances. Along the way, they encounter a colorful cast of characters including a beloved pet snake, a dog in love with the moon, and a fairy godmother who must grant one last wish before she can retire. Experience the joy of friendship, the magic of wishes coming true in unexpected ways, and the triumph of being accepted for who you are. It’s a treasured picture book come to life! The Little Moon Theater is perfect for audiences as young as three and runs approximately one hour. With engaging storytelling, catchy music, colorful characters, and budget-friendly tickets, this production brings the joy and imagination of childhood to audiences of every age. TADA! original mainstage productions are performed by members of the Resident Youth Ensemble of TADA! (RYET), a talented group of young performers ages 9-17. RYET members receive free, year-round, pre-professional training in singing, acting, and dancing. This includes rigorous musical theater instruction while building confidence, discipline, and a sense of community within an inclusive and supportive environment."
addee137-39dc-4459-ac41-0c22b5f3e888,"Volunteer Day: Bay 84th Street Community Garden","Gardening","","","<p>GreenThumb community gardens are developed, led, and cared for by dedicated volunteer gardeners who critically upkeep them as public green spaces.<br><br><a href=""https://www.nycgovparks.org/opportunities/volunteer/group/bay-84th-street-community-garden""><strong>Bay 84th Street Community Garden</strong></a>, is searching for its community! We invite you to come visit the garden and help reimagine what this vital green space can be. We will be hosting an open garden day and volunteer session. Join us for hands-on community service open to all levels to help care for the garden, along with fun garden activities. We will have a kids' art station and teach visitors how to make their own smudge sticks to take home, using the same plant we will be weeding. This garden is creating space for those who are curious and willing to dig in. Join us! No prior experience necessary - beginners are welcome! GreenThumb will provide supplies and facilitation.<br><br>This is a great opportunity to support and join a dynamic community space while learning about community gardens. Please wear comfortable, weather-appropriate clothing and bring water and snacks. Note: Some tasks may involve lifting heavy materials and extended periods of bending, squatting, and moving.</p><p><a href=""https://www.nycgovparks.org/reg/greenthumb-volunteer-events/20076"">Register here! </a></p><p>Join our second event on August 15th <a href=""https://www.nycgovparks.org/reg/greenthumb-volunteer-events/20077"">here! </a><br><br><strong>Location: 3-22 Beach 84th St, Rockaway Beach, NY 11693</strong><br><br>For information about group volunteering, please contact Volunteer Program Coordinator, Olivia Navarro at Olivia.Navarro@parks.nyc.gov<br><br><i>This event is co-hosted by NYC Parks GreenThumb. We are proud to be the nation&#8217;s largest urban community gardening program, sustaining over 550 gardens throughout New York City. With GreenThumb&#8217;s support, community gardens are centers of environmental justice, ensuring that our city is fairer, safer, and greener for all. GreenThumb&#8217;s events are free and open to the public.</i></p>"
fdb527a0-246c-a74c-d2bc-2a3413a8bf69,"Kids in Motion: Seward Park","Family & kids","Seward Park","","The Kids in Motion program engages children in active, outdoors play. A NYC Parks staff member leads four to seven hours of free activities in NYC's playgrounds, including organized sports, games, fitness demos, board games, and more!<br/><br/>Kids in Motion is a free, drop-in program without registration. Children can head to the playground during the listed hours of operation to participate. Occasionally a kids in Motion program may be cancelled due to harsh weather or other conditions. <br/><br/>Please note: We recommend that guardians accompany children participating in this program. Kids in Motion is not a childcare program and NYC parks is not responsible for the well-being of attendees."
96f46f0d-7cd8-877a-bd8b-c266ea7edcd9,"Intermediate Canoeing","Urban Park Rangers","Inwood Hill Park","","Few experiences compare with being on the open water in New York City. The rhythm of the waves, the sun on your face, and the exhilaration of slicing through the water all add up to an experience you&#8217;ll never forget. Our trained Urban Park Rangers will lead you on canoe adventures that range from the gentle waters of protected lakes to the challenging open waters of rivers and bays. All canoe programs are for ages 8 years and older. Participants must have prior canoeing experience. First come, first served."
80de9437-4165-89d2-f9b6-ac80a0753a2a,"40 in Focus: SummerStage through the Lens of Photographer Jack Vartoogian","History","Central Park","","<p>From 1987 to 2019, celebrated NYC photographer Jack Vartoogian captured hundreds of SummerStage performances across Manhattan parks, from Central Park to Marcus Garvey Park and Tompkins Square Park. This selection of intimate, rarely seen imagery gives viewers a look back at past decades of outdoor live music in New York City, a peek behind the curtain with never-before-seen backstage photos and honors those artists who have passed on. From the earliest performances with Sun Ra Arkestra and Mavis and Pop Staples, to legendary artists in memoriam like Tito Puente and Hugh Masekela and backstage shots of Buddy Guy and Darlene Love, this exhibition celebrates not only a photographer&#8217;s commitment to documenting performance but also celebrates a 40-year legacy of SummerStage.</p><p>This free exhibition is presented by City Parks Foundation in collaboration with NYC Parks Art & Antiquities department.</p><p>An opening reception will be held on <strong>June 16 from 6pm-8 pm</strong>, offering light refreshments, music and an exclusive exhibition poster while supplies last.</p><p> </p><p>Image credit: <i>Sun Ra Arkestra at SummerStage, 1989,</i> Jack Vartoogian</p>"
2c7730da-effb-760c-f892-c7f7ee22fbd4,"Pop-Up Audubon II","Pop-Up Audubon","Prospect Park","","Join Prospect Park Alliance naturalists to learn about the plants and animals that live in the park’s lake, streams and waterfalls by examining our underwater wildlife with magnifying glasses. Featured Activities: Stay + Play, 12–3 pm: Families, children and caregivers can enjoy a range of nature fun including games, puzzles and drawing activities. Fish Print, 12–3 pm: Create beautiful, nature-inspired art prints using artificial fish in this hands-on activity. Nature on the Go, 3–4 pm: Join a park naturalist as we explore the park’s watercourse and learn about the wildlife that calls it home. Be a Park Champion by helping to remove trash."
c8f829b9-53ef-de0b-9470-663bf51989e3,"It's My Park at Andrew Haswell Green Park","It's My Park","Andrew Haswell Green Park","","<p>This It's My Park season, volunteer with Green Park Gardeners NYC for a general cleanup at Andrew Haswell Green Park. We look forward to cleaning up the park with you!</p>"
b27aba14-ce2f-b456-3cec-c3733ae93f98,"chabrol + huppert: doing wrong","Film & cinema","l’alliance new york","ues","l’alliance new york (ues) presents a six-film retrospective of claude chabrol's collaborations with isabelle huppert, including la cérémonie, madame bovary, merci pour le chocolat , and more. $16 general, $8 for under 28. <font color=""#FF6600"""
2403d1b7-2f8c-5c7a-4b8a-56fa5f0eabb8,"Kids In Motion: P.S. 55","Family & kids","Lieutenant John H. Martinson Playground","","The Kids in Motion program engages children in active, outdoor play. A NYC Parks staff member leads four to seven hours of free activities in NYC's playgrounds, including organized sports, games, fitness demos, board games, water games, and more!<br/><br/>Kias in Motion is a free, drop-in program without registration. Children can head to the playground during the listed hours of operation to participate. Occasionally a Kids in Motion program may be cancelled due to harsh weather or other conditions.<br/><br/>Please note: We recommend that guardians accompany children participating in this program.<br/><br/>Kids in Motion is not a childcare program and NYC Parks is not responsible for the well-being of attendees."
01d68a2a-1d82-0abd-d200-fcee3523027b,"""Cultivating Presence in the Garden"": Storytelling Workshops with Roundabout Theatre Company","Workshops","","","<p>Come to <a href=""https://www.nycgovparks.org/opportunities/volunteer/group/poppa-momma-jones-historical-garden"">Poppa & Momma Jones Historical Garden</a> for storytelling workshops by the <a href=""https://www.roundabouttheatre.org/"">Roundabout Theatre Company</a>! Join the garden group on Tuesday, July 21st for Physical Performance in Bloom workshop and Tuesday, July 28th for Soundscaping in the Garden workshop.</p>"
a5b3a631-247c-f3cf-7037-478437fed91d,"StoryTime with Cali Co Cat","Family & kids","Bryant Park","Midtown",""
4f4bf320-9cc9-9804-5abd-f9b2f1ad7ea8,"Dance in the Park: Merengue","Exercise Classes","Randall's Island Park","","<p><strong>Bring your energy and get ready to move at Merengue in the Park!</strong> Set against the backdrop of the waterfront and summer breeze, this lively class focuses on rhythm, connection, and fun. Participants will learn easy-to-follow steps and enjoy the fast-paced spirit of Merengue with an enthusiastic instructor leading the way. Perfect for all skill levels, this is a great opportunity to try something new or refine your moves. Come early for our 10 AM yoga class to warm up beforehand!</p><p><strong>Location: East River Picnic Area</strong></p><p>For inquiries about accessibility, to request an accommodation or for event information, please email publicprograms@randallsisland.org.</p>"
e142b5fc-3991-84fb-dc10-304c76ee9722,"It's My Park at Wolfe's Pond Park","It's My Park","Wolfe's Pond Park","","<p>This It's My Park season, volunteer with The New York City Mountain Bike Association to rake, cut back thorn bushes and other overgrowth, clear natural debris, and pick up litter at Wolfe's Pond Park! Volunteers help conduct our monthly trail inspection, perform routine maintenance tasks, such as litter pickup raking, erosion control(digging) and signage maintenance. </p><p>Volunteer hours start at 9:00am rain or shine. Optional group off-road mountain bike ride at 12:30pm on the trails (The Route: mostly beginner friendly; Distance: ~7 miles). Both groups meet at the Maintenance Shop in the Main Parking lot at Wolfe's Pond Park 475 Cornelia Ave Staten Island, NY 10312. </p>"
1adf0d47-5801-a7d1-7385-13926eaa2112,"Big City Folk in Greeley Square Park","Free Summer Concerts","Greeley Square Park","","<p>See New York City&#8217;s finest singer-songwriters showcase their newest work, presented by Big City Folk and hosted by songsmith Niall Connolly. With a list of past featured artists including Lana Del Ray, Anais Mitchel and Lucius, it may even be an opportunity to see the next big star in action. </p><p> </p>"
4e3791ca-d39a-c3b8-a167-b2324c2b493e,"Garden Explorers","Hiking & parks","Bryant Park","Midtown",""
de8f4942-dc72-5e09-4cd3-fcdc0ad02943,"Kids In Motion: Nostrand Playground","Family & kids","","","The Kids In Motion program engages children in active, outdoor play. An NYC parks staff member leads four to steven hours of free activities in NYC'S playgrounds, including organized sports, games, fitness demos, board games, water games, and more."
19b777d0-cf88-9b35-19df-c406bcd3910d,"Prospect Park Stroller Walk","Wellness","Prospect Park","","Calling all parents and caregivers with children! Join a Prospect Park Alliance Naturalist for a leisurely stroll along Prospect Park’s waterways. Embrace the sound of streams and songs of birds, while enjoying fragrant flowers and the towering trees of Brooklyn’s Backyard. Please note that this walk leaves promptly at 10 am from the Prospect Park Boathouse. RSVP to reserve your spot: Please check your email prior to the event for changes, updates and to confirm the walk has met a minimum participant requirement"
4b2a5242-7306-047b-8acc-342e60ff5c5b,"Giant Bubble at Greeley Square Park","Family & kids","Greeley Square Park","","<p>Get whimsical with us and RollerBoogie in Greeley Square Park on Wednesday afternoons this summer, and experience interactive giant bubbles!</p><p>No registration required, this event is free and welcome to all ages!</p>"
b17d69e4-c29d-838e-bca1-1d76b5685b44,"Kids In Motion: De Matti Playground","Family & kids","De Matti Park","","The Kids in Motion program engages children in active, outdoor play. A NYC Parks staff member leads four to seven hours of free activities in NYC's playgrounds, including organized sports, games, fitness demos, board games, water games, and more!<br/><br/>Kias in Motion is a free, drop-in program without registration. Children can head to the playground during the listed hours of operation to participate. Occasionally a Kids in Motion program may be cancelled due to harsh weather or other conditions.<br/><br/>Please note: We recommend that guardians accompany children participating in this program.<br/><br/>Kids in Motion is not a childcare program and NYC Parks is not responsible for the well-being of attendees."
9ad48c1e-d585-e3cb-98f2-556988d0b1d7,"Zumba - July 27","Running & fitness","Pier 3 Plaza, Brooklyn Bridge Park","Brooklyn Bridge Park","Get your blood pumping with this fun and exciting zumba class led by Dodge YMCA! This all-level one hour fitness class..."
a6e296a4-26c5-9303-8dc4-b283e87fef5f,"Volunteer Day: Newport Garden","Gardening","","","<p>GreenThumb community gardens are developed, led, and cared for by dedicated volunteer gardeners who critically maintain them as public green spaces.<br><br><a href=""https://www.nycgovparks.org/opportunities/volunteer/group/newport-garden""><strong>Newport Garden</strong></a> is seeking volunteers and new garden members who are interested in helping preserve this vital green space. The garden is creating space for those who are curious and willing to dig in. Join us for a hands-on volunteer day to help beautify the space and spruce up the rain gardens. No prior experience necessary - beginners are welcome! GreenThumb will provide supplies and facilitation.<br><br>This is a great opportunity to support a dynamic community space while learning about community gardens and rain gardens. Please wear comfortable, weather-appropriate clothing and bring water and snacks. Note: Some tasks may involve lifting heavy materials and extended periods of bending, squatting, and moving.<br><br><strong>Location: 195 Newport St, Brooklyn, NY 11212</strong></p><p><a href=""https://www.nycgovparks.org/reg/greenthumb-volunteer-events/20203""><strong>Register here!</strong></a><strong> </strong><br><br>For information about group volunteering, please contact Volunteer Program Coordinator, Olivia Navarro at Olivia.Navarro@parks.nyc.gov<br><br><i>This event is co-hosted by NYC Parks GreenThumb. We are proud to be the nation&#8217;s largest urban community gardening program, sustaining over 550 gardens throughout New York City. With GreenThumb&#8217;s support, community gardens are centers of environmental justice, ensuring that our city is fairer, safer, and greener for all. GreenThumb&#8217;s events are free and open to the public.</i></p>"
a44d0d31-9875-a5af-ea99-df3d3a31ce1e,"Kids In Motion: Austin J. McDonald's Playground","Family & kids","Austin J. McDonald Playground","","The Kids in Motion program engages children in active, outdoor play. A NYC Parks staff member leads four to seven hours of free activities in NYC's playgrounds, including organized sports, games, fitness demos, board games, water games, and more!<br/><br/>Kias in Motion is a free, drop-in program without registration. Children can head to the playground during the listed hours of operation to participate. Occasionally a Kids in Motion program may be cancelled due to harsh weather or other conditions.<br/><br/>Please note: We recommend that guardians accompany children participating in this program.<br/><br/>Kids in Motion is not a childcare program and NYC Parks is not responsible for the well-being of attendees."
4f3969e8-fdef-1e43-8938-42c0d3b6326a,"Bring a Friend Friday at Ocean Breeze Athletic Complex","Walking","Ocean Breeze Park","","<p>Bring a Friend Friday occurs on the last Friday of each month! Members are encouraged to bring their friends down to Ocean Breeze to see all of the amenities and special events that Ocean Breeze has to offer! Take a tour, participate in a group fitness class, & sign-up for a membership on the same day!</p>"
d0252d77-7d6e-23a1-4533-1a9e510c0f53,"Summer on the Hudson: Billion Oyster Project Presentation","Wildlife","West Harlem Piers","","<p>Come see and learn about the <a href=""https://www.billionoysterproject.org/"">Billion Oyster Project</a> on the Baylander&#8217;s Jungle Deck. It&#8217;s the latest effort to restore our harbor!</p>"
b06b3bd8-428a-ad94-ef65-bb289b455712,"Ali Stroker","Live music","Hudson River Park","","See Ali Stroker perform live at Broadway by the Boardwalk, HRPK's free music series, Monday, July 27 at 6:30 PM at Clinton Cove."
ad79d119-109e-69c9-5430-1d199d56ffff,"Juggling in Greeley Square Park","Social Sports","Greeley Square Park","","<p>Learn to juggle for free, or just enjoy the show! Join our juggling expert every weekday from 2pm-3pm in Greeley Square Park, from May through the end of October. All skill levels welcome, and equipment is provided. </p>"
4949a787-7dd7-fae3-dcdb-94a7d27aa7a7,"Kids In Motion: Levy","Family & kids","Levy Playground","","The Kids in Motion program engages children in active, outdoor play. A NYC Parks staff member leads four to seven hours of free activities in NYC's playgrounds, including organized sports, games, fitness demos, board games, water games, and more!<br/><br/>Kias in Motion is a free, drop-in program without registration. Children can head to the playground during the listed hours of operation to participate. Occasionally a Kids in Motion program may be cancelled due to harsh weather or other conditions.<br/><br/>Please note: We recommend that guardians accompany children participating in this program.<br/><br/>Kids in Motion is not a childcare program and NYC Parks is not responsible for the well-being of attendees."
679dd576-95c7-dc37-a608-2fd3e234e385,"Expert-Led Explorations: Plankton - July 29","Hiking & parks","Pier 5, Brooklyn Bridge Park","Brooklyn Bridge Park","Join us to learn about the tiny world of plankton! Take your own water sample, and observe these organisms up..."
32ebed19-f766-1a9b-8b61-e3dbef51fcf3,"Storytime with Brooklyn Public Library - July 31","Family & kids","The Vale, Brooklyn Bridge Park","Brooklyn Bridge Park","Calling all caregivers and young children - join for Storytime with Brooklyn Public Library on Friday afternoons in June and..."
d2f90b4a-18c4-d284-7f88-0a882e8df305,"Summer on the Hudson: Children's Performance Series featuring Arm-of-the-Sea Theatre","Family & kids","Riverside Park South","","<p>Music, storytelling, and theatre for young audiences up to age 7. Wear sunscreen. </p><ul><li><strong>July 9:</strong> <a href=""https://www.musiquita.nyc/"">Musiquita | </a>Joyful bilingual music for kids inspired by Latin folk traditions<br> </li><li><strong>July 16: </strong><a href=""https://lucykalantari.com/home"">Lucy Kalantari & the Jazz Cats</a> | Interactive swingin&#8217; sounds and jazz age play<br> </li><li><strong>July 23:</strong> <a href=""https://www.joanieleeds.com/"">Joanie Leeds </a>| GRAMMY-winning singer-songwriter<br> </li><li><strong>July 30:</strong> <a href=""https://www.armofthesea.org/"">Arm of the Sea Theatre</a> | presents ""One Blue Sky&#8221;</li></ul><p><a href=""https://www.armofthesea.org/"">Arm-of-the-Sea</a> is an arts ensemble that fuses visual storytelling with live music in large-scale works of mask and puppet theater. Founded in 1982 by Marlena Marallo and Patrick Wadden, the company&#8217;s hybrid performance style channels the evocative power of the arts as a force for joy, insight, and community uplift. Their low-tech devices of theatrical enchantment illuminate relations between humans and the life-support networks of this blue-ocean planet. Under the direction of Marallo & Wadden, the creative team includes musicians Maclain Maier, Joseph Davis & Helen Houghton; and performers Joanna Grabiarz, Doug Keller, DeeDee Maucher, Nick Panken, Rakel Stammer, Soyal Smalls and MJ Smythe. </p><p><br>Arm-of-the-Sea&#8217;s ONE BLUE SKY combines live music, puppet figures and visual poetry in a contemporary work of mask & puppet theater. Mareesha is a young girl who undertakes a mythic journey to find her lost parent and discover her own powers. It is appropriate for ages 6 & up. Arm-of-the-Sea is an award-winning theater company currently in its 44th season. This production was made possible, in part, by a grant from the Jim Henson Foundation. </p><p>Arm-of-the-Sea tours its original productions to cultural centers, festivals, and community venues throughout New York and adjacent states. The organization is transforming the ruins of a 19th century papermill In Saugerties, NY into the Tidewater Center, a waterfront cultural park for bio-regional arts, environmental science & local heritage.Recent recognitions include: 2024 Hudson River Watershed Alliance &#8220;Wave-Makers&#8221; Award, 2018 Ulster County Executive's Arts Award for Arts Organization, a 2016 Environmental Champions Award from the US Environmental Protection Agency, the 2014 Excellence in Arts Award from Mill Street Loft, and the 2014 Distinguished <br>Environmental Achievement Award from Mohonk Consultations. Directors Marallo & Wadden were 2013 Artists-in Residence at SUNY Ulster (Stone Ridge, NY), and 2014 Artists-in-Residence at the Cary Institute for Ecosystem Studies (Millbrook, NY). </p>"
71f2a897-a6fe-1d44-9606-ffddb7a28026,"Muay Thai","Hiking & parks","Bryant Park","Midtown",""
4688d4dc-36eb-96bf-1536-d2b6b6a5691e,"Beginner Yoga","Yoga & Pilates Classes","Forest Park","","Connect with yourself in Beginner Yoga, a class to be enjoyed by all. Experience a fun and light-hearted, beginner flow that will move you seamlessly from Sun Salutation to a final peak pose. <br/><br/>Please bring a mat. The class meets on the lawn north of Sobelsohn Basketball Court."
89fb7d8c-5c60-9650-e249-0801209cf49a,"Riverside Field House: Bodyweight Blast","Exercise Classes","Riverside Park","","<p>High energy bodyweight exercises combining cardio and strength for a full-body workout. Bring your own mat.</p><p>This event takes place in the newly-renovated <a href=""https://maps.app.goo.gl/4qpHgywEmaZZmJjG6"">102nd Street Field House</a>. Enter the Park at 102nd Street and Riverside Drive, then descend to the promenade level. The stairs to the Field House are across the promenade at 102nd Street. In warm weather, this class meets on the patio outside the Field House. </p>"
669cce96-c871-1b0e-2147-2bf00cadbca7,"Writers Workshop","Hiking & parks","Bryant Park","Midtown",""
5237ae01-d0a4-2289-467c-115e94e71458,"Disability Pride Night: Musical Performance & Q+A with Just Call Me By My Name","Live music","Poster House","","Join Daniel and Ken Trush, co-founders of Daniel’s Music Foundation, and James Ian, singer- songwriter and recording artist on Just Call Me By My Name®, for a special evening of music, conversation, and community in Poster House’s Main Gallery. The program will begin with an introduction to Daniel’s Music Foundation and its mission to make music accessible to all, followed by live performances from Daniel Trush and James Ian. The evening will conclude with an engaging audience Q&A exploring the power of music, the importance of inclusion, and how creating spaces where everyone belongs can transform lives. Daniel Trush is a musician and co-founder of Daniel’s Music Foundation , an extraordinary New York City-based organization that is committed to bringing music-based education programs to the disabled community both in person and online. At just 12 years old, Daniel survived a life-altering rupture of an undetected brain aneurysm, an experience that could have silenced his dreams. Instead, music became a beacon of hope and a critical part of his recovery, transforming his life and igniting his passion to connect with others through song. Daniel’s songs reflect his commitment to use music as a force for good in the world. Ken Trush is a co-founder and the Managing Director of Daniel’s Music Foundation (DMF). He works closely with the management team in the strategic development of their music programs and the marketing, development and operational areas of the Foundation. In 2020, Ken created the concept of The Danny Awards, an annual global award show that recognizes the talents of musicians with disabilities and celebrates differences. He is currently working on a digital music platform that will bring both live online and on-demand music programming to our community 24/7. Formerly, Ken was a partner at Spring Advisors, a M&A advisory firm and the CFO and EVP of Corporate Development at Agency.com, one of the first digital agencies in the ‘90’s that went public in December 1999. He has used his vast work and life experiences to lead and shape Daniel’s Music into an ever-expanding organization. James Ian is a multifaceted talent whose artistry transcends music. As a singer, songwriter, and producer, James captivates audiences with deeply personal lyrics, soulful melodies, and raw emotion. His music reflects his unique experiences as an artist living with Spinal Muscular Atrophy (SMA), giving voice to underrepresented stories and fostering a deeper sense of connection and understanding. James is also a sought-after public speaker who uses his platform to advocate for disability inclusion and to encourage others to embrace their individuality. Through keynote speeches, panel discussions, and community events, he shares his journey, encouraging audiences to view differences as strengths and to champion accessibility and representation across all industries. Just Call Me By My Name® is a non-traditional record label founded by Daniel’s Music Foundation. JCMBMN® amplifies the voices of artists with disabilities and creates opportunities for their stories and artistry to reach wider audiences. Profits support Daniel’s Music Foundation’s free music programs for people with disabilities, helping expand access to creative expression and community through music. This event is free and part of Disability Pride Night. Please find additional programming on Poster House’s Events page. Advance registration is required as space is limited. Please email access@posterhouse.org or call 914-295-2387 to sign up for this event. Kindly arrive 15 minutes before start time. The program will begin promptly and will last approximately 90 minutes with questions. Accessibility Note : ASL (American Sign Language) interpretation will be present for this event. Masks and ear plugs are available free of charge at the museum. Assistive listening devices and stools are available. CART (Communication Access Realtime Translation) is also available upon request. Please contact access@posterhouse.org or 914-295-2387 to request services and to address any other accessibility needs. For other event-related questions, please contact events@posterhouse.org ."
21fcb640-959e-f240-3c70-0f7ae0124f66,"Kids In Motion: Yellowstone Park","Family & kids","Yellowstone Park","","The Kids in Motion program engages children in active, outdoors play. A NYC Parks staff member leads four to seven hours of free activities in NYC's playgrounds, including organized sports, games, fitness demos, board games, and more!<br/><br/>Kids in Motion is a free, drop-in program without registration. Children can head to the playground during the listed hours of operation to participate. Occasionally a Kids in Motion program may be cancelled due to harsh weather or other conditions.<br/><br/>Please note: We recommend that guardians accompany children participating in this program. Kids in Motion is not a childcare program and NYC parks is not responsible for the well-being of attendees."
69a54b21-a995-3902-5412-bf466e80521d,"Board Game Social","Sports & games","Bryant Park","Midtown",""
1304d3ba-49d8-8747-b70d-63c43f10819f,"NYRR Open Run: Soundview Park","Running/Jogging","Soundview Park","","<p>NYRR Open Run brings free, 5K weekly community-led runs, to neighborhood parks across the greater New York City area. The program is free and open to runners and walkers of all ages, abilities, and experience levels.</p><p>Called the &#8220;Gateway to the Bronx River,&#8221; 205-acre Soundview Park is located where the Bronx River opens into the East River. This urban green space is filled with grassy baseball and soccer fields, a cricket pitch, basketball courts, a running track, walking/biking paths, picnic fields, and more! With its extensive views of the water, Soundview Park celebrates the beauty of both the Bronx and East Rivers. The back part of our Open Run course has beautiful views of the Bronx River waterfront for participants to enjoy!</p>"
73416917-af96-5336-a360-2f3d3986c272,"It's My Park at Bensonhurst Park","It's My Park","Bensonhurst Park","","<p>This It's My Park season, volunteer with Pineapple Ride to beautify Bensonhurst Park. We look forward to cleaning up the park with you!</p>"
6647d1e0-89cf-96c6-a0ee-b7ddcd1e7aae,"Summer Sports Experience: Wendell Foster Park ""We Got Flags, No Pads""","Football","Rev. T. Wendell Foster Park and Recreation Center","","Join NYC Parks for a day of drills and games as we turn your playground into<br/>a field of dreams. Flag football is a fun and fast-paced sport where players<br/>build skills, learn teamwork and train for competition. Level up your game and<br/>join we got flags, no pads!<br/><br/>11:00 a.m. &#8211; 1:00 p.m. | 8 &#8211; 11 yrs.<br/>2:00 p.m. &#8211; 4:00 p.m. | 12 &#8211; 14 yrs."
dac8a4e0-8781-08af-5c07-40be5b00689f,"Kids In Motion: St. John's park","Family & kids","St. John's Park","","The Kids In Motion programs engage children in active, outdoor play. An NYC parks staff member leads four to seven hours of free activities in NYC's playgrounds, including organized sports, games, fitness demos, board games, water games and more"
0313023b-9ea0-22bd-1bad-74b7e627d1cb,"Piano","Live music","Bryant Park","Midtown",""
08c3e541-1c6d-3735-7f07-586b9001d3e0,"Teach a Horse to Fish with Ciara Middleton","Wildlife","Concrete Plant Park","","<p>Teach a Horse to Fish is a program that introduces Bronx residents to their natural environment through Fishing. The goal of the program is to stir interest in the environment and learn sustainable fishing. Informational zines will be distributed along with program.</p><p>Note: This is one of this year&#8217;s Community Grant workshops.</p>"
209e8c15-73d0-7c95-8f55-54f13b56f917,"Yoga in the Park","Yoga & Pilates Classes","Randall's Island Park","","<p>Stretch, breathe, and find your inner peace at Randall&#8217;s Island Park&#8217;s free outdoor yoga series. Guided by a beloved, local yoga instructor, participants will flow through a calming and grounding sequence against the backdrop of the uptown skyline. All levels and abilities are welcome. Bring a friend, family member or two, or your yoga-loving pet! </p><p>No registration required&#8212;just show up ready to move! We&#8217;ll have water and a limited number of mats available to borrow, so please bring your own if possible or show up early to claim one. </p><p>Our free yoga classes run weekly on <strong>Tuesdays from 6:30 &#8211; 7:30 pm from May 5 &#8211; September 1</strong>, and <strong>Saturdays from 10:00 &#8211; 11:00 am, July 11 &#8211; August 29.</strong> On Saturdays, stay after and join our dance class! Please check Instagram for the most updated schedule. </p><p><strong>Location: East River Picnic Area </strong></p><p>For inquiries about accessibility, to request an accommodation, or for event information, please email <a href=""mailto:publicprograms@randallsisland.org"">publicprograms@randallsisland.org</a>. </p>"
05965acd-62e7-d0d7-98b4-e1f882888556,"Nature Exploration: Lake Appreciation","Nature Programs","Prospect Park","","Join Prospect Park Alliance for family-friendly nature fun. In July, celebrate Brooklyn’s only lake by exploring underwater wildlife up close with magnifying glasses. Pond Water Discovery, 10–3 pm: Did you know that an entire community of living insects, plants and animals makes the park’s waterbodies their home? Get a closer view with one of our park naturalists. Animal Encounter, 1–2 pm: Get up close with our fascinating collection of water-dwelling creatures like turtles and fish. Learn fun facts about their habitats, adaptations and roles in the ecosystem. Nature on the Go!, 2–3pm: Enjoy a nature walk along Brooklyn’s only Lake and help lend a hand to your park by removing litter along the way."
b86d3afb-342d-4e55-d1c7-e4dcabaf33e0,"It's My Park at Westerleigh Park","It's My Park","Westerleigh Park","","<p>This It's My Park season, volunteer with Westerleigh Parks Coalition to rake leaves and clean debris around Westerleigh Park. We look forward to cleaning up the park with you!</p>"
fc955a4f-b3b2-aa82-d90a-05a7c0572243,"Non-Fiction","Hiking & parks","Bryant Park","Midtown",""
329e9878-b3fa-998d-9d87-b877a5e0f2a0,"Kids in Motion: Breevort Playground","Family & kids","Brevoort Playground","","The Kids In Motion programs engage children in active, outdoor play. An NYC parks staff member leads four to seven hours of free activities in NYC's playgrounds, including organized sports, games, fitness demos, board games, water games and more"
e29b6e84-37c6-0119-7e92-eaca480f6893,"Bryant Park Picnic Performance: Carnegie Hall Citywide: El Laberinto del Coco","Free Summer Concerts","Bryant Park","","<p>Enjoy a free, Friday-night concert by the Afro&#8211;Puerto Rican bomba fusion innovators <strong>El Laberinto del Coco</strong>, led by master percussionist Hector &#8220;Coco&#8221; Barez. Blending jazz, funk, reggae, and numerous Latin influences with traditional bomba elements and instruments such as the barril and cu&#225;, the band expands the boundaries of bomba while staying true to its intoxicating essence. Experience a high-energy sonic tapestry that has attracted fans around the world.</p><p><strong>El Laberinto del Coco</strong> is an Afro-Puerto Rican Bomba Fusion ensemble founded by visionary percussionist Hector &#8220;Coco&#8221; Barez in 2017. With a unique blend of sizzling musical ideas, Barez presents new ways to the traditional sounds of Puerto Rican Bomba. After touring the world with Ballet Folklorico de Puerto Rico &#8220;Areyto,&#8221; Grammy Award-winning groups like Calle 13, Bacilos and world-renowned bands like Bio Ritmo, Miramar, William Cepeda and Bayanga, Barez decides to embark on a new journey.</p><p>In 2017, Hector Barez received a commission from the Puerto Rican Institute of Culture and the National Endowment for the Arts to record El Laberinto del Coco&#8217;s first album. With critics comparing this recording to Rafael Cortijo&#8217;s masterpiece <i>The Time Machine</i>, a new era in Puerto Rican music is established. At performances, Barez brings to life a unique concept with a very distinctive sound with rich syncopated horn lines, funky guitar licks, solid multilayered percussion and enchanting voices, making El Laberinto del Coco a fan favorite. During the COVID-19 pandemic, El Laberinto del Coco kept busy releasing singles and keeping people's hopes alive through virtual concerts.</p><p><strong>Carnegie Hall</strong> is honored to partner with local community organizations to present free concerts that are sensational celebrations of sounds from across the country and around the globe. At a Carnegie Hall Citywide concert, you can revisit your favorite music or try something new, stay in your home borough or journey farther afield. Whatever you choose, you&#8217;ll experience everything that makes New York City so vibrant.</p><p>Bryant Park Picnic Performances presented by Bank of America is a free outdoor festival that welcomes all New Yorkers to experience the city&#8217;s vibrant arts and culture. The series provides a platform for extraordinary artists and serves as a vital outdoor venue for a wide array of New York&#8217;s cultural institutions.</p>"
c0446d09-a979-c31f-e499-119794a953a5,"Kids In Motion: Schmul","Family & kids","Schmul Park","","&#8203;Vega, Shayr (Parks)&#8203;<br/>The Kids in Motion program engages children in active, outdoor play. A NYC Parks staff member leads four to seven hours of free activities in NYC's playgrounds, including organized sports, games, fitness demos, board games, water games, and more!<br/><br/>Kias in Motion is a free, drop-in program without registration. Children can head to the playground during the listed hours of operation to participate. Occasionally a Kids in Motion program may be cancelled due to harsh weather or other conditions.<br/><br/>Please note: We recommend that guardians accompany children participating in this program.<br/><br/>Kids in Motion is not a childcare program and NYC Parks is not responsible for the well-being of attendees."
f5616214-2b8f-641c-580b-81def0576e78,"Kids in Motion: Metcalf Playground (Let's Make Clay Monsters)","Family & kids","Soundview Park","","Join NYC Parks and unleash your imagination&#8212;one monster at a time! Get ready for an afternoon of creativity, laughter, and a little bit of monster mischief! In this hands-on workshop, you&#8217;ll learn how to sculpt your very own clay creature&#8212;whether it&#8217;s cute, creepy, or completely out of this world. This event is free and open to the public."
e51a4ddf-f9cc-5c7a-5513-fa4094e24003,"Stewardship Morning at the Foodway","Gardening","Concrete Plant Park","","<p>Lend a hand and help steward the Bronx River Foodway. Help with tasks like weeding, laying mulch, and planting some edible and native at the Foodway. This is a reoccurring event, join us Tuesday mornings through October 2026.</p>"
35fdd2d2-47fa-fec6-2aa3-b21e8a40d80f,"Green-Wood After Hours","Walking Tour","Green-Wood Cemetery","",", .stk-2be9b3b {margin-right:0px !important;margin-bottom:24px !important;margin-left:0px !important;}.stk-2be9b3b-column{--stk-column-gap:20px !important;} .stk-3717db9-container{margin-top:0px !important;margin-right:0px !important;margin-bottom:0px !important;margin-left:0px !important;}.stk-3717db9 {margin-top:0px !important;margin-right:0px !important;margin-bottom:0px !important;margin-left:0px !important;}@media screen and (min-width: 768px){.stk-3717db9 {flex:var(--stk-flex-grow, 1) 1 calc(66.7% - var(--stk-column-gap, 0px) * 1 / 2 ) !important;}} .stk-3717db9.stk-block-column{n !important}.stk-3717db9 n.stk-column-wrapper{nmargin:0px !important;n !important} Explore Green-Wood under the night sky, where the Cemetery transforms after dark. Discover the stories of remarkable New Yorkers who shaped history and culture and end the evening with rare access to the Catacombs, an underground space few ever see. .stk-8fdef55-container{margin-top:0px !important;margin-right:0px !important;margin-bottom:0px !important;margin-left:0px !important;}.stk-8fdef55 {margin-top:0px !important;margin-right:0px !important;margin-bottom:0px !important;margin-left:0px !important;}@media screen and (min-width: 768px){.stk-8fdef55 {flex:var(--stk-flex-grow, 1) 1 calc(33.333% - var(--stk-column-gap, 0px) * 1 / 2 ) !important;}} .stk-8fdef55.stk-block-column{n !important}.stk-8fdef55 n.stk-column-wrapper{nmargin:0px !important;n !important} .stk-fd7323c {margin-bottom:0px !important;} .stk-4a67f03 {margin-bottom:35px !important;} Price: $30 / $24 for members Get Tickets var exampleCallback = function() { console.log('Order complete!'); }; window.EBWidgets.createWidget({ widgetType: 'checkout', eventId: '1985834155416', modal: true, modalTriggerElementId: 'eventbrite-widget-modal-trigger-1985834155416', onOrderComplete: exampleCallback }); Walking Tour (see details below) BEFORE PURCHASING YOUR TICKET, PLEASE NOTE: Tickets: There is no need to print tickets! Attendees will be checked in by name. Where To Go: Check-in takes place at the Gothic Arch near the Main Entrance at Fifth Avenue and 25th Street (500 25th Street). Accessibility & Safety: Walking tour routes cover hilly, grassy, and uneven terrain. This tour is not accessible for those using wheelchairs or other mobility aids and may be difficult for those with balance or other mobility issues. There is no place to sit down during the tour. For other disability-related accommodations, contact us at 718-210-3080, ext. 1, or events@green-wood.com . This tour is not recommended for children under the age of 10. We strongly encourage attendees to wear suitable footwear. A Little More About Safety: This tour takes place in the dark. We strongly encourage attendees to bring a flashlight. Unless there is a medical emergency, it is not possible to leave during the tour. Please consider these limitations before purchasing tickets. Refunds: All ticket sales are final. Refunds are only permissible if the tour is canceled by Green-Wood. Tickets cannot be exchanged for a different tour date. Inclement Weather Policy: We monitor weather conditions throughout the day for the best chance of proceeding with the tour and will not make a final decision until approximately 3 hours before the start of the tour. Cancellations will be announced via Eventbrite email blasts, so check your email and spam folders. Add to calendar Google Calendar iCalendar Outlook 365 Outlook Live"
b0105eb8-cdbe-ccb7-fc84-736120b3aa88,"Wetlab Look-ins","Hiking & parks","Pier 40, Hudson River Park","Pier 40","Meet Hudson River wildlife at the Wetlab, our research aquarium at Pier 40 that is free and open to the public."
983b59c9-c007-5732-1148-ab2e2af2fe2f,"It's My Park at Highbridge Park","It's My Park","Highbridge Park","","<p>This It's My Park season, volunteer with Connectemonos for tilling, composting, & general cleanup at Highbridge Park. We look forward to cleaning up the park with you!</p>"
530b297f-e6ba-5820-b4b4-db0a0cbaa7c6,"Disability Pride Night: ‘Proud to Be Me’ Flag-Making Workshop","Theater","Poster House","","Join us for a hands-on workshop where participants will create festive identity flags to celebrate themselves and connect with one another. Using felt, foam, yarn, and decorative materials, participants are encouraged to create one or several self-expressive flags. This workshop will culminate in a short musical parade through the museum to showcase our work. No prior experience is needed and all materials will be provided. This workshop is for ages 12 and up. Shannon Bradley (she/her) is a licensed Creative Arts Therapist and professor at Pratt Institute. She is passionate about supporting self-acceptance and self-expression through creativity. Margot Werner (she/her) is a licensed Creative Arts Therapist and director of Pure Vision Arts in NYC. She is a practicing artist and puppet maker for Pussypaws puppetry, a puppet troupe of artists with and without disabilities. This event is free and part of Disability Pride Night. Please find additional programming on Poster House’s Events page. Advance registration is required as space is limited. Please email access@posterhouse.org or call 914-295-2387 to sign up for this event. Kindly arrive 15 minutes before start time. The program will begin promptly and will last approximately 90 minutes. Accessibility Note: ASL (American Sign Language) interpretation will be present. Masks and ear plugs are available free of charge at the museum. Assistive listening devices and stools are available. CART (Communication Access Realtime Translation) is also available upon request. Please contact access@posterhouse.org or 914-295-2387 to request services and to address any other accessibility needs. For other event-related questions, please contact events@posterhouse.org ."
e6fb8080-2e6d-7408-dfc1-6453367c473a,"Le Carrousel Extravaganza","Hiking & parks","Bryant Park","Midtown",""
621a865f-1061-3d0c-eefe-b74fb9d7ff27,"Kids In Motion: Harold Schneiderman Playground","Family & kids","Harold Schneiderman Playground","","The Kids in Motion program engages children in active, outdoors play. A NYC Parks staff member leads four to seven hours of free activities in NYC's playgrounds, including organized sports, games, fitness demos, board games, and more!<br/><br/>Kids in Motion is a free, drop-in program without registration. Children can head to the playground during the listed hours of operation to participate. Occasionally a Kids in Motion program may be cancelled due to harsh weather or other conditions.<br/><br/>Please note: We recommend that guardians accompany children participating in this program. Kids in Motion is not a childcare program and NYC parks is not responsible for the well-being of attendees."
115107ae-8da5-4b7a-b4fe-a3e084769cd2,"Kids In Motion: Police Officer Edward Byrne Park","Family & kids","Police Officer Edward Byrne Park","","The Kids in Motion program engages children in active, outdoors play. A NYC Parks staff member leads four to seven hours of free activities in NYC's playgrounds, including organized sports, games, fitness demos, board games, and more!<br/><br/>Kids in Motion is a free, drop-in program without registration. Children can head to the playground during the listed hours of operation to participate. Occasionally a Kids in Motion program may be cancelled due to harsh weather or other conditions.<br/><br/>Please note: We recommend that guardians accompany children participating in this program. Kids in Motion is not a childcare program and NYC parks is not responsible for the well-being of attendees."
cca3c2fa-1f57-5a02-8da2-36a0fe9063a1,"Summer on the Hudson: Pilates in the Park","Yoga & Pilates Classes","Riverside Park South","","<p>Join instructor <a href=""https://basefitness.com/why-base/about-us/melissa-ricci-nasm-cpt/"">Melissa Ricci</a>, CPT, PMA from Base Fitness&#174; for a flowing, multi-level Pilates Mat class that will align your body, strengthen your core and give you renewed energy! Bring your own mat.</p>"
3b4a24c9-91b3-5119-f68c-283c6def1bc3,"Free Yoga at Franz Sigel Park - Friends of 4 Park Alliance","Yoga & Pilates Classes","Franz Sigel Park","","<p>Free yoga class. Bring a mat. All levels welcome. Franz Sigel Park - Meet at Northern end. Brought to you by Friends of 4 Park Alliance. </p>"
ef6a2ed3-ef2b-ed61-8351-220a23035ee1,"Sensory Station","Hiking & parks","Bryant Park","Midtown",""
ceae4951-c96f-47e2-7cb2-3f893d73fb20,"Threading the Line: Sewing Session with Saskia Jorda","Hiking & parks","Governors Island","Governors Island","Presented by Swale on Governors Island."
3f0b7041-c770-6dff-58ed-6668505a88a0,"Knitting","Hiking & parks","Bryant Park","Midtown",""
b5bbc425-550d-c332-9a69-fb5fdafd13c0,"Play Mobile: Sobelsohn Playground","Sports","Forest Park","","The Mobile Recreation Program offers organized activities at events that are free and open to the public. These include community festivals, fairs, free programs, and other related events.<br/><br/>The Queens Recreation Play Mobile provides free activities for all children. From May&#160;to October, our team of Parks Staff travel throughout the borough providing structured and supervised activities. Our van is stocked with a variety of games and toys that are suitable for children, including board games, chalk, balls, crafts, and more."
f0df12ca-8e75-6007-9843-e14426409e13,"Chamber Music: Wreathed in Blossom","Live music","Governors Island","Governors Island","Presented by Glass Clouds Ensemble on Governors Island."
c8dc6d7e-51e9-1853-1844-7429009b7b9f,"It's My Park at Lion's Pride Playground","It's My Park","Lion's Pride Playground","","<p>This It's My Park season, volunteer with Lion's Pride: Community ""Clean Up The Park"" Beautification Project to beautify Lion's Pride Playground. We look forward to cleaning up the park with you!</p>"
d3900eec-934d-8984-a469-54e23466866c,"It's My Park at Hunter's Point South Park","It's My Park","Hunter's Point South Park","","<p>This It's My Park season, volunteer with Hunters Point Parks Conservancy to beautify Hunter's Point South Park. We look forward to cleaning up the park with you!</p>"
3f412e93-a9de-734d-7f2d-56024fc5cee5,"Kids in Motion: John J Carty Park","Family & kids","John J Carty Park","","The Kids In Motion programs engage children in active, outdoor play. An NYC parks staff member leads four to seven hours of free activities in NYC's playgrounds, including organized sports, games, fitness demos, board games, water games and more"
a9a30d00-2791-9b18-98f2-1d23f99f9664,"NYRR Open Run: Astoria Park Dog Days of Summer","Running/Jogging","Astoria Park","","<p>Bring your 4-legged friends to a special Open Run! </p><p>NYRR Open Run brings free, 5K weekly community-led runs, to neighborhood parks across the greater New York City area. The program is free and open to runners and walkers of all ages, abilities, and experience levels.</p><p>Astoria Park is home to the oldest and largest pool in New York City. The park features views of Manhattan and a newly renovated track funded by the Anchor Parks initiative.</p>"
bed0b708-11f4-cf65-c8fa-0fbc2f4d5bb4,"Contemporary Games Social","Sports & games","Bryant Park","Midtown",""
6951cb0c-2315-b06d-3f38-703fc6b063f0,"Dean Hurley, C. Lavender, Ash Fure","Film & cinema","Pioneer Works","",""
d6b0fb8f-5e3c-887d-b1a4-50c8232e6cb5,"Kids in Motion: Al Quinones Playground (Let's Make Clay Monsters)","Family & kids","Al Qui&#241;ones Playground","","Join NYC Parks and unleash your imagination&#8212;one monster at a time! Get ready for an afternoon of creativity, laughter, and a little bit of monster mischief! In this hands-on workshop, you&#8217;ll learn how to sculpt your very own clay creature&#8212;whether it&#8217;s cute, creepy, or completely out of this world. This event is free and open to the public."
e8a68df7-9434-03ba-f6bf-643f3ac59b44,"Shoreline Cleanup","Waterfront","Inwood Hill Park","","<p>Inwood Canoe Club and Friends of Inwood Hill Park are recruiting volunteers to clean up our beloved Hudson River shoreline. We'll be collecting trash to keep our waterfront community clean. Trash bags, work gloves, latex gloves, and grabbers will be provided. Feel free to bring your own work gloves and water bottle.<br>Be sure to complete your <a href=""https://waiver.smartwaiver.com/w/usxvsw9nb3xf9xkyarmanb/web/"">2026 season waiver</a> before you arrive at the boathouse.</p><p> </p><p>Inwood Canoe Club en asociaci&#243;n con Friends of Inwood Hill Park est&#225;n reclutando voluntarios para limpiar nuestra querida orilla del r&#237;o Hudson. Recogeremos basura para limpiar nuestra comunidad litoral. Proporcionaremos bolsas de basura, guantes de trabajo, junto con algunos guantes de l&#225;tex y agarradores. Puedes traer tus propios guantes de trabajo y una botella de agua.<br>No olvides completar tu <a href=""https://waiver.smartwaiver.com/w/wkghqkc85hesmk48mrawdk/web/"">formulario Smart Waiver</a> antes de venir a Inwood Canoe Club.</p>"
75fd3a7c-40ca-7a25-3659-4b3b19c4c284,"Youth Volleyball Clinics - August 1","Family & kids","Sand Volleyball, Brooklyn Bridge Park","Brooklyn Bridge Park","Looking for a fun way to learn beach volleyball this summer? Come down to Pier 6 at Brooklyn Bridge Park..."
c1cc1911-9abf-ae27-c7a4-b766a316dfda,"Play Mobile: Park of the Americas","Sports","Park Of The Americas","","The Mobile Recreation Program offers organized activities at events that are free and open to the public. These include community festivals, fairs, free programs, and other related events.<br/><br/>The Queens Recreation Play Mobile provides free activities for all children. From May&#160;to October, our team of Parks Staff travel throughout the borough providing structured and supervised activities. Our van is stocked with a variety of games and toys that are suitable for children, including board games, chalk, balls, crafts, and more."
0b5941e6-35bf-aec7-11a8-6599ed9d06d4,"Expert-Led Explorations: Oysters - July 30","Hiking & parks","Pier 5, Brooklyn Bridge Park","Brooklyn Bridge Park","Join us to learn about the vital role oysters play in the New York estuary and get some hands on..."
15cd3fb7-a7fc-1708-6bea-a501615ec532,"Trail Work Thursdays","Walking","Van Cortlandt Park","","<p>Be a part of the community effort to maintain the trails in Van Cortlandt Park. Whether you&#8217;re an experienced trailblazer or new to trail maintenance, your help will make a significant impact!</p><p><strong>Meeting Details:</strong><br>Location: VCPA Learning Garden - 6000 Mosholu Ave, Bronx, NY 10471. Across from the Riverdale Stables.<br>Time: 9 am sharp; work begins at 9:15 am.</p><p><strong>Upcoming Activities Include:</strong><br>Clearing debris and overgrowth<br>Ensuring trail safety and accessibility<br>Desire line closures</p><p><strong>What to Bring:</strong><br>Comfortable, weather-appropriate clothing<br>Closed-toed shoes<br>Water and a snack</p><p><strong>Why Join Us?</strong><br>Contribute to the vitality and safety of the trails you love! Engage with fellow community members, learn about trail maintenance, and enjoy the satisfaction of hands-on work in the great outdoors.<br>Necessary tools and gloves will be provided!</p><p><strong>Want to bring a group? </strong>This event is limited to small groups of 5 or less. If you would like to bring more 6 or more people, please reach out to stewardship@vancortlandt.org to schedule a separate event.</p>"
0adddfb9-e35e-58fa-f424-fdaa96b95533,"Sing-A-Long","Live music","Bryant Park","Midtown",""
6cc59e2c-cfc3-1d52-34e2-5e7fb53da047,"The Bronx Museum Presents: Meet Me At The Park&#8212;Wood Carving With Artist Jill Cohen-Nu&#241;ez","Art","Joyce Kilmer Park","","<p><a href=""mailto:education@bronxmuseum.org"">The Bronx Museum</a>'s Meet Me At The Park series offers free arts programming for all ages in <a href=""https://gcc02.safelinks.protection.outlook.com/?url=https%3A%2F%2Fwww.nycgovparks.org%2Fparks%2Fjoyce-kilmer-park%2F&data=05%7C02%7CVictoria.Mezik%40parks.nyc.gov%7C6f38c36824d547bcf74c08ded87148d1%7C32f56fc75f814e22a95b15da66513bef%7C0%7C0%7C639186178216624496%7CUnknown%7CTWFpbGZsb3d8eyJFbXB0eU1hcGkiOnRydWUsIlYiOiIwLjAuMDAwMCIsIlAiOiJXaW4zMiIsIkFOIjoiTWFpbCIsIldUIjoyfQ%3D%3D%7C0%7C%7C%7C&sdata=EDI6KlZ35sSI9eSvzdKM6KTahbY82VDZ7XYaL0EUvVY%3D&reserved=0"">Joyce Kilmer Park</a>&#8212;located just one block south of the Museum! </p><p> </p><p>For this iteration of Meet Me At The Park, artist <a href=""https://gcc02.safelinks.protection.outlook.com/?url=https%3A%2F%2Fbronxmuseum.org%2Fjill-cohen-nunez%2F&data=05%7C02%7CVictoria.Mezik%40parks.nyc.gov%7C6f38c36824d547bcf74c08ded87148d1%7C32f56fc75f814e22a95b15da66513bef%7C0%7C0%7C639186178216661094%7CUnknown%7CTWFpbGZsb3d8eyJFbXB0eU1hcGkiOnRydWUsIlYiOiIwLjAuMDAwMCIsIlAiOiJXaW4zMiIsIkFOIjoiTWFpbCIsIldUIjoyfQ%3D%3D%7C0%7C%7C%7C&sdata=O0qeQVtZK6MIPyk9IB4hZhu1n54%2FB4%2BO7szgnLTeZJw%3D&reserved=0"">Jill Cohen-Nu&#241;ez</a> is leading a wood-carving workshop. Join in and learn about wood identification and safe wood carving techniques. More info at <a href=""https://gcc02.safelinks.protection.outlook.com/?url=http%3A%2F%2Fbronxmuseum.org%2Fpark-cohen-nunez&data=05%7C02%7CVictoria.Mezik%40parks.nyc.gov%7C6f38c36824d547bcf74c08ded87148d1%7C32f56fc75f814e22a95b15da66513bef%7C0%7C0%7C639186178216684125%7CUnknown%7CTWFpbGZsb3d8eyJFbXB0eU1hcGkiOnRydWUsIlYiOiIwLjAuMDAwMCIsIlAiOiJXaW4zMiIsIkFOIjoiTWFpbCIsIldUIjoyfQ%3D%3D%7C0%7C%7C%7C&sdata=n783O4DHxQnLMWvj0WxCNIwvTALNX89iwXmB4tRU1ZI%3D&reserved=0"">bronxmuseum.org/park-cohen-nunez</a>.</p>"
16e2fa58-54e0-8500-b09f-2ceb22ced01e,"BTS The City Arirang Project","Others","","","BTS is bringing an immersive BTS THE CITY 'ARIRANG' to NYC in conjunction with the ‘BTS WORLD TOUR 'ARIRANG'’ in New York. #block-3b5ff06f9ec569606044 { } #block-3b5ff06f9ec569606044 .sqs-html-content { } #block-3b5ff06f9ec569606044 { mix-blend-mode: var(--tweak-text-block-blend ); border-radius: va"
442b860a-5725-0e78-177a-6a2864963ee8,"Summer on the Hudson: Art in the Park","Art","Riverside Park","","<p>Art in the Park invites children ages 3-8 to learn about their local environment through a mix of arts & crafts activities. This hands-on, place-based curriculum builds kids' appreciation for the plants, pollinators, and wildlife found in Riverside Park, and fosters their creativity. <br><br>Mondays and Thursdays at <a href=""https://maps.app.goo.gl/zcQ8JHxaMaTs7Zu98"">Riverbank (Camel) Playground</a>; Tuesdays and Wednesdays at <a href=""https://maps.app.goo.gl/u1omKAHRofTQRn2f7"">Hippo Playground</a>. Art in the Park is fully funded by proceeds from the Hippo Playground Spring Fair. </p>"
3e6cdd58-a6b1-e8e7-da31-584294e9bf00,"Kids in Motion: Loreto Playground (Let's Make Clay Monsters)","Family & kids","Loreto Playground","","Join NYC Parks and unleash your imagination&#8212;one monster at a time! Get ready for an afternoon of creativity, laughter, and a little bit of monster mischief! In this hands-on workshop, you&#8217;ll learn how to sculpt your very own clay creature&#8212;whether it&#8217;s cute, creepy, or completely out of this world. This event is free and open to the public."
1eb0f0c1-9eaa-1744-abe8-85d0811a1228,"Kids In Motion: Faber","Family & kids","Faber Pool and Park","","The Kids in Motion program engages children in active, outdoor play. A NYC Parks staff member leads four to seven hours of free activities in NYC's playgrounds, including organized sports, games, fitness demos, board games, water games, and more!<br/><br/>Kias in Motion is a free, drop-in program without registration. Children can head to the playground during the listed hours of operation to participate. Occasionally a Kids in Motion program may be cancelled due to harsh weather or other conditions.<br/><br/>Please note: We recommend that guardians accompany children participating in this program.<br/><br/>Kids in Motion is not a childcare program and NYC Parks is not responsible for the well-being of attendees."
68a6026d-5fe0-0c25-d551-64d6c746a985,"Marine Park Forest Restoration","Volunteer","Marine Park","","<p>Volunteer with the Stewardship team to protect the forested areas in Marine Park! Volunteers will contribute to ongoing restoration work and learn the importance of species diversity to ecosystem health. Come dressed in sturdy boots or shoes, long sleeves, long pants, and clothing that can get dirty. Face masks may be worn at your discretion. Space is limited and registration is required. Volunteers under 18 must be accompanied by a chaperone. This event has been funded in part by NYC Service. To sign up a group of 10 or more volunteers please reach out to stewardship@parks.nyc.gov.</p>"
7dde4942-38a6-8186-e76c-b8ff07e5805d,"Kiehl's x Go Greek","Others","","","Kiehl’s is teaming up with Go Greek Yogurt to bring you the ultimate summer treat, a limited-edition frozen yogurt inspired by our Better Screen SPF lineup. #block-fd5b2aadc45ee3c3d97f { } #block-fd5b2aadc45ee3c3d97f .sqs-html-content { } #block-fd5b2aadc45ee3c3d97f { mix-blend-mode: var(--tweak-tex"
13bb238c-5e30-60f1-c10a-c5eef5e07ec9,"Open Hours at the Environmental Education Center - July 30","Hiking & parks","Environmental Education Center, Brooklyn Bridge Park","Brooklyn Bridge Park","Explore Brooklyn Bridge Park like never before during Open Hours at the Environmental Education Center. The Environmental Education Center is..."
4713920c-4284-acdd-8500-589b36c51c05,"Screen Printing for Beginners","Workshops","Kissena Park","","Join us for a FREE Screen Printing Workshop at the Kissena Park Field House! In this workshop, you'll learn a variety of screen printing techniques to create a custom printed design. No experience is necessary, and every one of all ages is welcome! Please bring a clean a T-shirt or a canvas tote bag to print your design on."
1fc825e3-14d5-2cb5-f1e2-277ab031cdea,"intenSati","Exercise Classes","Forest Park","","In intenSati, we will prime your body, mind, and heart with this sweat-dripping, heart-pumping, mood-lifting cardio class (think dance meets kickboxing meets yoga). <br/><br/>Class meets at Sgt. Schaefer Oval Lawn located at Myrtle Ave and Park Lane South."
28ee3e11-2a9a-a2ea-9676-7e0b24c0ccaa,"Poetry","Books & readings","Bryant Park","Midtown",""
632def64-10d9-9cee-ac95-3c3276554e25,"It's My Park at Leif Ericson Park","It's My Park","Leif Ericson Park","","<p>This It's My Park season, volunteer with Parent-Child Relationship Association to beautify Leif Ericson Park. We look forward to cleaning up the park with you!</p>"
f182c736-0fb0-7513-b347-8ddd33624942,"KIM : Nostrand Playground","Family & kids","","","The Kids In Motion program engages children in active, outdoor play. An NYC parks staff member leads four to steven hours of free activities in NYC'S playgrounds, including organized sports, games, fitness demos, board games, water games, and more."
a670f403-29a0-55f2-4b1e-83e36bb46f56,"Kids in Motion: Brownsville Playground","Family & kids","Brownsville Playground","","The Kids In Motion programs engage children in active, outdoor play. An NYC parks staff member leads four to seven hours of free activities in NYC's playgrounds, including organized sports, games, fitness demos, board games, water games and more"
74dfb796-573b-e3bd-176d-8b5a157f98a6,"Kids in Motion: Jesse Owens Playground","Family & kids","","","The Kids In Motion programs engage children in active, outdoor play. An NYC parks staff member leads four to seven hours of free activities in NYC's playgrounds, including organized sports, games, fitness demos, board games, water games and more"
c334df7f-644d-42ce-01b7-c383644d14dd,"Basic Canoeing and Nature Exploration","Urban Park Rangers","Willowbrook Park","","<p>Our trained Urban Park Rangers will lead you on canoe adventures that range from the gentle waters of protected lakes to the challenging open waters of rivers and bays. All canoe programs are for ages 8 years and older. We will also explore the flora and fauna of Willowbrook Park. Registration not required. <br> </p>"
3dc534f1-67e3-72e8-302e-cc85b2c019a1,"Kids in Motion: St. James Playground (Let's Make Clay Monsters)","Family & kids","St. James Park","","Join NYC Parks and unleash your imagination&#8212;one monster at a time! Get ready for an afternoon of creativity, laughter, and a little bit of monster mischief! In this hands-on workshop, you&#8217;ll learn how to sculpt your very own clay creature&#8212;whether it&#8217;s cute, creepy, or completely out of this world. This event is free and open to the public."
44e0a09a-5e7f-b883-7665-3d32bd475b8b,"Folk Jams in Greeley Square Park","Free Summer Concerts","Greeley Square Park","","<p>Whether you're picking along to bluegrass jams, joining in with the kalimba orchestra, or lending your voice to an impromptu choir, become a part of the music of the city at Folk Jams. On select Tuesdays throughout the summer, different musical ensembles will gather in Greeley Square Park to make and practice music together. All are invited to join in, no experience required.</p><p><strong>Calendar</strong></p><p>May 5: Healing Music and the Kalimba Orchestra</p><p>May 19: Bluegrass Jams</p><p>June 2: Healing Music and the Kalimba Orchestra</p><p>June 9th: Circle Singing</p><p>June 16: Bluegrass Jams</p><p>July 7: Healing Music and the Kalimba Orchestra</p><p>July 21: Bluegrass Jams</p><p>August 4: Healing Music and the Kalimba Orchestra</p><p>August 18: Bluegrass Jams</p><p>September 15: Bluegrass Jams</p>"
50365900-1038-c957-51fd-13f3042b128f,"It's My Park at Ralph Bunche Park","It's My Park","Ralph Bunche Park","","<p>This It's My Park season, volunteer with Friends of Ralph Bunche Park for a general cleanup at Ralph Bunche Park. We look forward to cleaning up the park with you!</p>"
e1ce61f6-ef01-448d-ad74-6952713434a1,"You Belong in STEM: Careers Creating Change","Hiking & parks","Pier 57, Hudson River Park","Pier 57","Join us and the New York Academy of Sciences for an inspiring day of conversation and connections, Thursday, July 30 at 2:00 PM at Pier 57."
f0d2f273-1cc6-6d2f-e17e-eb3a74a6e614,"Magnetic Archery and Foam Axe Throwing","Urban Park Rangers","Crotona Park","","<p>Our free archery class is a bullseye! Learn the art of archery with free lessons taught by our expert Urban Park Rangers. This program uses safe equipment with magnetic arrows and targets. All equipment will be provided. Foam axe throwing will be available for ages 5 and over.</p>"
3e8352cd-2c60-5d5e-ad72-ee19569db4ad,"Le Carrousel","Hiking & parks","Bryant Park","Midtown",""
9efc305f-2403-e356-9f7b-1b6acad9b19f,"NYRR Open Run: Baisley Pond Park","Running/Jogging","Baisley Pond Park","","<p>NYRR Open Run brings free, 5K weekly community-led runs, to neighborhood parks across the greater New York City area. The program is free and open to runners and walkers of all ages, abilities, and experience levels.</p><p>Baisley Pond Park is located near JFK Airport in Springfield Gardens, Queens on the border of NYC and Nassau County. The park features tennis, handball, and basketball courts; peaceful, shady alcoves for picnicking; and plenty of plant and animal wildlife.</p>"
7128204d-a474-c210-c381-776af0773eec,"CANCELED: Summer Sports Experience: Basketball, Soccer and Flag Football","Summer Sports Experience","Horace Harding Playground","","The Summer Sports Experience program participants receive age-appropriate instruction through organized clinics, skill stations, drills, conditioning, and live game situations led by experienced NYC Parks staff"
afa5ceef-cc5c-3314-4b38-c1559d0bcd98,"Carnegie Hall Citywide: El Laberinto del Coco","Hiking & parks","Bryant Park","Midtown",""
98744771-3956-8de2-f799-a79f4d5eedbe,"Julieta Venegas / Lasso / Micro TDH / DJ Anamaria Sayre","Live Music","Manhattan","","Want to see the show from the best seats in the house? Try becoming a SummerStage Member for a Day ! Enjoy skip-the-line privileges, complimentary beverages, and air-conditioned restrooms. A sampling of Spanish-language pop hits Central Park, in association with the Latin Alternative Music Conference. GRAMMY-winning Mexican singer-songwriter Julieta Venegas has been a mainstay of Mexican pop since her breakout 2003 LP Sí , a lovestruck collection of sun-drenched hits that’s been described as “relentlessly perky.” She’s best known for the catchy pop found on that record and its follow-up Limon y Sal, but the one-time member of ska band Tijuana No! debuted with the significantly edgier rock en español records Aqui and Bueninvento , and has written songs for and performed with a wide range of Latin artists, from Paulina Rubio and Mala Rodríguez to Miguel Bosé and Los Tigres del Norte. She’s joined by the Venezuelan singer and composer Lasso, known for his brand of Latin pop, rock, and romantic ballads; his 2011 debut album Sin Otro Sentido made him an overnight star in Venezuela (and landed him a starring role in a TV soap opera). He would later win the Best Pop Rock Latin GRAMMY for “Ojos Marrones” in 2023."
34b1e1be-95f6-5083-4771-02ffa64b4bb6,"Open Hours at the Environmental Education Center - July 31","Hiking & parks","Environmental Education Center, Brooklyn Bridge Park","Brooklyn Bridge Park","Explore Brooklyn Bridge Park like never before during Open Hours at the Environmental Education Center. The Environmental Education Center is..."
1f491c99-e4c5-495b-6673-c95726918120,"Bryant Park Shop","Hiking & parks","Bryant Park","Midtown",""
22d32ea5-99bd-bdaa-335c-b42ca7a15a94,"Kids in Motion: Willis Playground (Let's Make Clay Monsters)","Family & kids","Willis Playground","","Join NYC Parks and unleash your imagination&#8212;one monster at a time! Get ready for an afternoon of creativity, laughter, and a little bit of monster mischief! In this hands-on workshop, you&#8217;ll learn how to sculpt your very own clay creature&#8212;whether it&#8217;s cute, creepy, or completely out of this world. This event is free and open to the public."
09d84fbd-c6e6-8992-fdd6-81ea98836d53,"Kids in Motion: Flynn Playground (Let's Make Clay Monsters)","Family & kids","Flynn Playground","","Join NYC Parks and unleash your imagination&#8212;one monster at a time! Get ready for an afternoon of creativity, laughter, and a little bit of monster mischief! In this hands-on workshop, you&#8217;ll learn how to sculpt your very own clay creature&#8212;whether it&#8217;s cute, creepy, or completely out of this world. This event is free and open to the public."
35e576a6-d6a0-1915-7649-bf1dbcaebcb7,"Teen Green Team","Volunteering","Brooklyn Bridge Park","Brooklyn Bridge Park","A Green Team exclusively for teens aged 16-18 At this event, volunteers will support essential horticultural care in Brooklyn Bridge..."
4ae71e67-e8d8-3c74-a9c3-df5775206e70,"From Presence to Power Book Launch: Rashad Robinson in Conversation with Jane Fonda","Books & readings","IFC Center, 323 Sixth Ave.","",""
6a410d8f-4b7c-2577-d682-3f44614d4078,"Summer Sports Experience: Spuyten Duyvil Playground ""Hustle Clash""","Social Sports","Spuyten Duyvil Playground","","Get ready for a day overflowing with excitement and non-stop fun. &#8220;Hustle Clash&#8221; is about jumping into discovering new sports and skills and enjoying every moment with friends. This event is free and open to the public."
63334646-8d46-cdf7-84c0-0d8b2c5e6cca,"Salsa Social","Exercise Classes","Washington Square Park","","<p>Join our friends from <a href=""https://www.facebook.com/misalsadurabaile/"">Mi Salsa Dura Baile</a> for an evening of Latin rhythm and dancing in Garibaldi Plaza! Each class starts off with a free lesson followed by an open dance floor.</p>"
013ef803-ed53-54fd-f174-57244346ec4c,"Open Hours at the Environmental Education Center (Weekends) - August 1","Hiking & parks","Environmental Education Center, Brooklyn Bridge Park","Brooklyn Bridge Park","Explore Brooklyn Bridge Park like never before during open hours at the Environmental Education Center. The Environmental Education Center is..."
4baa8e4e-9624-c913-96d8-3b2b58d1dd99,"Trueno / Milo J / J Noa","Live Music","Manhattan","","Want to see the show from the best seats in the house? Try becoming a SummerStage Member for a Day ! Enjoy skip-the-line privileges, complimentary beverages, and air-conditioned restrooms. A trio of rising Latin hip-hop stars head to Central Park for this show, presented in association with the Latin Alternative Music Conference. Of the various figures in the red hot Argentinian rap scene, none has shined brighter than Trueno, the son of Uruguayan rapper Peligro and a veteran of the scene’s battle rap circuit. His early appearance on producer Bizarrap’s freestyle show BZRP Freestyle Sessions launched him to nationwide fame and helped establish the show as a chart-topping vehicle, landing the pair at the number one spot on Argentina’s Hot 100. He’s since released several solo albums, collaborated with the likes of Bad Gyal, Feid, and J Balvin, and is responsible for one of the Argentinian rap scene’s biggest hits in 2020’s “Mamichula.” He’s joined by Milo J, who leveraged his viral hit “Milagrosa” into collaborations with Nicki Nicole, Duki, and Peso Pluma; he also benefited from an appearance on Bizarrap’s YouTube series, which led to the pair’s collaborative EP En Dormir Sin Madrid . His latest LP La Vida Era Más Corta saw him take a hard left turn into art-pop, fusing Argentine folklore with urban and experimental sounds. Opening the show is the dynamic Dominican rapper J Noa, a nimble-tongued MC with a rapid-fire flow who stunned the world at her NPR Tiny Desk performance, her first outside of her own neighborhood in the Dominican Republic."
a9e65ecb-40da-74c6-c61a-57362d919f48,"Park Tour","Hiking & parks","Bryant Park","Midtown",""
9ed3f4e2-334a-5b20-c7c2-acaceda051c8,"Prospect Park Wellness Walk","Wellness","Prospect Park","","Join Prospect Park Alliance at the Prospect Park Audubon Center for an uplifting and energizing morning walk including scenic trails along the Lullwater, Peninsula, Midwood or Waterfall. Please note, this walk leaves promptly at 10 am from the Prospect Park Boathouse. Prospect Park Wellness Walks will be held on Fridays through October. Please note that Eventbrite RSVP is required: Please check your email prior to the event for changes, updates and to confirm the walk has met a minimum participant requirement."
a52abfb3-38fa-fe57-ad45-4590f74763f4,"Musical Theater Workshop Performance","Recreation Center Programming","Herbert Von King Park","","Everyone is invited to the much-anticipated return of the Summer Theater Workshop Performance titled &#8220;Soulful Directions.&#8221; This production serves as a timeless representation of harmony and healing, showcasing the talents of the SYEP participants from Henry Street Settlement."
88ce72df-507c-f6ab-d827-e3d4b385f5d1,"Kids in Motion: Hunts Point Playground (Let's Make Clay Monsters)","Family & kids","Hunts Point Playground","","Join NYC Parks and unleash your imagination&#8212;one monster at a time! Get ready for an afternoon of creativity, laughter, and a little bit of monster mischief! In this hands-on workshop, you&#8217;ll learn how to sculpt your very own clay creature&#8212;whether it&#8217;s cute, creepy, or completely out of this world. This event is free and open to the public."
53f21e98-9b9f-3ecf-4d8b-cd353a0b049c,"Liberation Summer: Women's Movement and the Future of American Politics","Museums","Bryant Park/Bryant Park Reading Room","",""
62de876c-de99-a803-e9aa-7e8e6375c2d8,"Midtown Dance: Mucho(s) Estilo(s) in Greeley Square Park","Dance Classes","Greeley Square Park","","<p>From salsa to swing, bachata to pachanga, dance your way around the world every Wednesday with some of New York City&#8217;s most eclectic instructors! Mucho(s) Estilo(s) is hosted by Talia Castro-Pozo; find the full 2026 class lineup and link to register below.</p><p> </p><p><i>*no class on July 8</i></p><p><br> </p>"
607a9fde-16ec-bf31-affb-f990591313b1,"Afternoon Tea","Food","Wave Hill","","<p><strong>Available Tuesdays and Thursdays at 11:00AM or 2:00PM.</strong><i> </i><br><i>7-day advanced booking required. </i></p><p>Enjoy delicious tea sandwiches and delectable pastries with a specialty tea selection every Tuesday and Thursday with seatings at 11AM or 2PM. Served on the Kate French Terrace, weather permitting, or in our quaint Tea Room at historic Wave Hill House, Afternoon Teas are provided by our exclusive partner Great Performances whose menu uses local and seasonal ingredients, inspired from their own organic farm, Katchkie Farm.</p><p>Enjoy the indulgence of a traditional tea service including:</p><ul><li><strong>Tea Sandwiches</strong><br>Smoked Salmon with Taramasalata, Pickled Fennel, Black Bread<br>Chicken Salad Pinwheel on a Whole Wheat Wrap<br>Cucumber & Watercress on Fresh Sourdough<br>Smoked Turkey with Garlic Thyme Mayo & Cheddar Biscuit</li><li><strong>Scones & Cakes</strong><br>Assorted Seasonal Scones and Tea Cakes, with Clotted Cream and Jam</li><li><strong>Sweets</strong><br>Assorted Macarons; Fruit Tartlet; Flourless Chocolate Cake Bites</li></ul><p><strong>A selection of teas or House Made Cocoa</strong></p><p><strong>Enhance your Afternoon Tea with a glass of sparkling wine!</strong></p><p> </p><p><i>A minimum of 2 guests and 7-day advanced booking are required. </i>Complimentary admission to Wave Hill is included with purchase of tea package.</p><p><strong>For bookings, and additional information, please click </strong><a href=""https://wavehilltea.square.site/""><strong>here</strong></a><strong>.</strong></p>"
2fb48cd2-3c5c-5fdc-ee66-fed2370ad25e,"NYRR Open Run: St. Marys Park","Running/Jogging","","","<p>NYRR Open Run brings free, 5K weekly community-led runs, to neighborhood parks across the greater New York City area. The program is free and open to runners and walkers of all ages, abilities, and experience levels.</p><p>St. Mary's Park offers a wonderful respite from the hustle and bustle of urban life. Located in the Mott Haven neighborhood in the South Bronx, the park features rolling hills, expanses of green grass, and grand old trees. The site was once part of the estate of Jonas Bronck (1600-43), for whom the Bronx is named. It is one of the largest parks in the area with a pool, playground, basketball courts, an indoor recreation center, picnic seating areas, and more. In the winter, the hills are perfect for sledding. St. Mary&#8217;s Park received $30 million from NYC&#8217;s Anchor Parks initiative, which will renovate the park&#8217;s ballfields, pathways, and amphitheater.</p>"
e0f29cce-04cb-7a31-23cb-38a538954df5,"All That Skitters!","Nature","Marine Park","","<p>How does the Fiddler Crab survive in the salt marsh tides? What other crabs live in the marsh? What happens in the winter? Where do Horseshoe Crabs fit in? Explore the complexities and threats to the fragile salt marsh with Mike Feller, retired Chief Naturalist of the NYC Parks Department. Sponsored by the Salt Marsh Alliance in partnership with the Marine Park Alliance</p>"
0b5de573-a15a-3d27-6390-93380669bd67,"Family Art Project: Brilliance of Seeds and Weeds","Family & kids","Wave Hill","","<p>What do you know about seeds and weeds?<strong>&#8239;</strong>Let&#8217;s&#8239;use these plant parts as materials to&#8239;make paper and learn more about germination and the seed dispersal process.&#8239; </p><p>&#8239;At 11:30am families can enjoy a storytime program in the Gund Theater. All ages welcome. </p><p>Registration not required. </p><p><i>Wave Hill House is wheelchair-accessible. There is an accessible, ground-level entrance at the front of the building with a power-assist door. The restroom on the ground level is all-gender and ADA-compliant. Additional ADA-compliant restrooms are available on the lower level, which can be accessed by elevator.</i></p>"
abc61b48-2dfc-6f08-5d66-0ca28cc8e0f5,"Debbie Knapper and the Knappertime Band","Live music","Hudson River Park","","See Debbie Knapper and the Knappertime Band perform live Tuesday, July 28 at 6:30 PM as part of Hudson River Park's Boardwalk Blues free concert series."
c186cfc7-3d94-1c14-d752-f113847495a2,"Play Mobile: Equity Playground","Sports","Equity Playground","","The Mobile Recreation Program offers organized activities at events that are free and open to the public. These include community festivals, fairs, free programs, and other related events.<br/><br/>The Queens Recreation Play Mobile provides free activities for all children. From May&#160;to October, our team of Parks Staff travel throughout the borough providing structured and supervised activities. Our van is stocked with a variety of games and toys that are suitable for children, including board games, chalk, balls, crafts, and more."
c6b9c482-87e9-ba47-2946-946db19f2c21,"Morning Yoga at Bryant Park","Yoga & Pilates Classes","Bryant Park","","<p>Everyone&#8217;s favorite yoga program returns for summer 2026! From May 27 through September 16, join us for classes Tuesday mornings on the Upper Terrace, and Wednesday evenings on the lawn. Bryant Park Yoga presented by Halara is free to the public. Bring your mat and water and enjoy one hour of yoga with New York City&#8217;s top instructors. </p><p>Please register for each class at our website online, or in person. Pre-registration is strongly encouraged. Those who pre-register opt in to receive updates on weather-related cancellations and other notifications. By pre-registering, you complete the waiver in advance and will receive weather-related updates.</p><p>Please present your QR code from your registration confirmation email to the Bryant Park check-in staff. Check-in locations can be found at all four corners of the lawn. Each check-in location is marked with pink barricades or a pink tent. We recommend you arrive at least 15 minutes early so you have time to check-in and roll out your mat before instruction begins.</p><p>Classes are cancelled only when it is deemed unsafe or uncomfortable for participants. Follow @bryantparknyc for day-of updates.</p><p>All Bryant Park Yoga classes are free and open to the public! All levels are welcome, thanks to the skill of our experienced teachers.</p><p>*Please note there will be NO CLASS on June 23 and June 30. </p>"
8c557641-4743-6b34-878b-7e70441bc76f,"Suzanne Ciani Brings Her Buchla Synthesizer to Doug Aitken's Lightscape at The Shed","Art & galleries","The Shed","",""
51421ed1-6d7a-4dcd-d70d-dd9658f6099b,"Salt Marsh Ecology Hike","Urban Park Rangers","Marine Park","","<p>Join the Urban Park Rangers for an interactive walk exploring how the landscape and ecology of Marine Park has been shaped by landfill. Learn about the efforts made to mitigate climate change, conserve natural resources and ecosystem services.</p>"
5cc6fa94-ba85-26f3-732b-8bdd67b76a9a,"FIDO Coffee Bark","Free","Prospect Park","","Coffee Bark is an opportunity for Brooklyn dog owners to chat over coffee and pastries while their dogs romp and play over dog biscuits. With dozens of dogs and people, Coffee Bark is an amazing sight. Look for coffee, pastries, dog biscuits and information about off-leash activities just south of the Picnic House. Hosted by FIDO of Brooklyn , this event is always free! For up to date information about the status of Coffee Bark events in the case of inclement weather, please visit the FIDO in Prospect Park website."
255f525e-b7e4-d616-691d-20e3c75b471b,"NYRR Open Run: Brooklyn Bridge Park","Running/Jogging","Brooklyn Bridge Park","","<p>NYRR Open Run brings free, weekly community-led, approximately 3 mile runs to neighborhood parks across the greater New York City area. The program is free and open to runners and walkers of all ages, abilities, and experience levels.</p><p>The Open Run route offers views of the Brooklyn Bridge on the way out, the Statue of Liberty on the way back, and the Lower Manhattan skyline the whole way. Fornino is a great spot to get drinks and pizza after the run.</p>"
aba001d4-2e57-f146-a452-063776a83714,"Cross Country Course Volunteer Days","Walking","Van Cortlandt Park","","<p>Be a part of the community effort to maintain the Cross Country Trail in Van Cortlandt Park. Whether you&#8217;re an experienced trailblazer or new to trail maintenance, your help will make a significant impact!</p><p><strong>Event Dates and Times:</strong></p><p><br>First Saturdays of the Month from May to September from 10am to 1pm.*<br> </p><p>*Please note that for groups of 10 or more only. Please email garcialeslie@vancortlandt.org to schedule a group.</p><p>*Please note that due to the July 4th Holiday, the July event has been moved to the second Saturday.</p><p> </p><p><strong>Meeting Details:</strong><br>Location: Van Cortlandt Park, Garden and Education Compost Site, across from Riverdale Stables.<br>Time: 10 am sharp; work begins at 10:15 am</p><p><strong>Upcoming Activities Include:</strong><br>Clearing debris and overgrowth<br>Repairing trail structures<br>Ensuring trail safety and accessibility<br> </p><p><strong>What to Bring:</strong><br>Comfortable, weather-appropriate clothing<br>Closed-toed shoes<br>Water and a snack</p><p><strong>Why Join Us?</strong><br>Contribute to the vitality and safety of the trails you love! Engage with fellow community members, learn about trail maintenance, and enjoy the satisfaction of hands-on work in the great outdoors.<br>Necessary tools and gloves will be provided!</p><p><strong>Want to bring a group? </strong>This event is limited to small groups of 9 or less. If you would like to bring more 10 or more people please reach out to garcialeslie@vancortlandt.org to schedule a separate event.</p>"
9ce9cd61-d1a5-5a62-ef1b-be427d9c054b,"The Assouline Summer Market Cart","Markets & shopping","The Mark Hotel ","","A Vespa, a market cart, and a touch of la dolce vita. #block-588c91703409591dc69b { } #block-588c91703409591dc69b .sqs-html-content { } #block-588c91703409591dc69b { mix-blend-mode: var(--tweak-text-block-blend ); border-radius: var(--tweak-text-block-radius); } @media screen and (max-width: 767px) "
9220ce1e-657e-fa58-7171-54be24971ec3,"Kids in Motion: Williamsbridge Oval Playground West (Let's Make Clay Monsters)","Family & kids","Williamsbridge Oval","","Join NYC Parks and unleash your imagination&#8212;one monster at a time! Get ready for an afternoon of creativity, laughter, and a little bit of monster mischief! In this hands-on workshop, you&#8217;ll learn how to sculpt your very own clay creature&#8212;whether it&#8217;s cute, creepy, or completely out of this world. This event is free and open to the public."
e91c2c77-0103-3bfb-e54a-9ffd0f144c33,"Lunchtime Jazz: July 30","Live music","Union Square Park","Union Square",""
a6f7a697-565f-a412-27a3-6dfe5bfaaa2c,"Yoga at Bryant Park","Yoga & Pilates Classes","Bryant Park","","<p>Everyone&#8217;s favorite yoga program returns for summer 2026! From May 27 through September 16, join us for classes Tuesday mornings on the Upper Terrace, and Wednesday evenings on the lawn. Bryant Park Yoga presented by Halara is free to the public. Bring your mat and water and enjoy one hour of yoga with New York City&#8217;s top instructors. </p><p>Please register for each class at our website online, or in person. Pre-registration is strongly encouraged. Those who pre-register opt in to receive updates on weather-related cancellations and other notifications. By pre-registering, you complete the waiver in advance and will receive weather-related updates.</p><p>Please present your QR code from your registration confirmation email to the Bryant Park check-in staff. Check-in locations can be found at all four corners of the lawn. Each check-in location is marked with pink barricades or a pink tent. We recommend you arrive at least 15 minutes early so you have time to check-in and roll out your mat before instruction begins.</p><p>Classes are cancelled only when it is deemed unsafe or uncomfortable for participants. Follow @bryantparknyc for day-of updates.</p><p>All Bryant Park Yoga classes are free and open to the public! All levels are welcome, thanks to the skill of our experienced teachers.</p><p>*Please note there will be NO CLASS on June 24 and July 1</p>"
36a5bc5e-f42e-c5f6-96af-30545cf04a24,"Kids in Motion: Spuyten Duyvil Playground (Let's Make Clay Monsters)","Family & kids","Spuyten Duyvil Playground","","Join NYC Parks and unleash your imagination&#8212;one monster at a time! Get ready for an afternoon of creativity, laughter, and a little bit of monster mischief! In this hands-on workshop, you&#8217;ll learn how to sculpt your very own clay creature&#8212;whether it&#8217;s cute, creepy, or completely out of this world. This event is free and open to the public."
45d470fb-c592-0d01-3493-3501e3a3dab9,"Free Summer Meals in Prospect Park","Wellness","Prospect Park","","Enjoy free meals for youth ages 18 and under in Prospect Park this summer! Every day from June 29 through September 4, free meals will be distributed by the NYC Department of Education in partnership with Prospect Park Alliance at the Parkside and Ocean Avenue Entrance to Prospect Park. Visit the NYC DOE meals truck from 10 am–4 pm on weekdays and 10 am–3 pm on weekends. View the Food Truck Menu. Learn more about free summer meals. MANJE ETE GRATIS Pou tout moun ki gen 18 an oswa mwens. KOTE 叉路口 Parkside Avenue 與 Ocean Avenue 交 DAT SÈVIS 29 jen rive 4 septanm 7 jou pa semèn Pa gen sèvis 3 ak 4 jiyè 10:00 AM – 4:00 PM jou lasem COMIDAS GRATUITAS DE VERANO Para todos los niños y jóvenes de 18 años o menos. UBICACIÓN Intersección de Parkside Avenue y Ocean Avenue FECHAS DE SERVICIO Del 29 de junio al 4 de septiembre 7 días a la semana No hay servicio el 3 y 4 de julio Días de semana: 10:00 AM – 4:00 PM Fines de semana: 10:00 AM – 3:00 PM"
f2d9daf9-6171-12c5-378b-49daee2e07a3,"Trees Count at Jennifer's Playground","Volunteer","","","<p>Volunteer with NYC Parks for Trees Count 2025! At each event you will receive a tote bag with all the materials needed to count trees. Next, we'll provide a 30-minute training session that includes the basics of tree identification and how to measure and assess each tree. Using our Tree Census app, you&#8217;ll split up into different zones within the park to start counting trees! After completing your first training event, you are welcome to continue counting trees on your own in smaller parks across the city. For your comfort and safety, please bring water and wear closed-toe shoes to this program. To sign up a group of 10 or more volunteers please reach out to stewardship@parks.nyc.gov. Parking- There are two parking lots near the Visitor Services Booth, P3 and P4, where volunteers can park. For your comfort and safety, please bring water and wear closed-toe shoes to this program.</p>"
60dda7a4-1f1f-4bf5-684e-59eac165412c,"Piano in Bryant Park","Accessible Activities","Bryant Park","","<p>A five, six, seven, eight&#8230;come on down and swing along to the best ragtime, stride, and jazz the Big Apple has to offer. With special performances on select Thursdays and sprinkled spontaneously throughout the season.</p>"
6a046a68-7cc8-4e6c-17e8-820de4fa9954,"Double Dutch","Social Sports","Washington Square Park","","<p>Learn the fundamentals of street-style and competitive jump rope with the Double Dutch Aunties.</p>"
1967b1f6-b731-5204-30df-55e7c94fdb62,"Kids in Motion: Ben Abrams Playground (Let's Make Clay Monsters)","Family & kids","Bronx Park","","Join NYC Parks and unleash your imagination&#8212;one monster at a time! Get ready for an afternoon of creativity, laughter, and a little bit of monster mischief! In this hands-on workshop, you&#8217;ll learn how to sculpt your very own clay creature&#8212;whether it&#8217;s cute, creepy, or completely out of this world. This event is free and open to the public."
9435d95e-a50a-35b1-9a4c-df4d3411da0d,"Indigenous Art Workshop with NAIC-NY","Workshops","Starlight Park","","<p>Join the the <a href=""https://www.naicny.org/"">North American Indigenous Center of New York</a> and the Bronx River Alliance for an Indigenous Art Workshop at Starlight Park!</p><p>This family and kid-friendly event will offer participants an opportunity to learn traditional indigenous crafts, and gain exposure to contemporary indigenous cultures.</p><p>This activity is first come, first served.</p><p>This project is made possible with funds from the Statewide Community Regrants Program, a regrant program of the New York State Council on the Arts with support of the Office of the Governor and the New York State Legislature and administered by the Bronx Council on the Arts.</p>"
7bfd085f-10a7-fda1-a532-c6399673a4b0,"Dance Fitness with Shape Up NYC at the Boathouse","Wellness","Prospect Park","","Join Prospect Park Alliance and Shape-up NYC for a fun-filled dance fitness zumba class at the Boathouse! Zumba is a fusion of Latin, International and popular music dance themes creating a dynamic, exciting, effective fitness system. All levels are welcomed and encouraged. Whether you want to learn some new choreography or need a space to step-touch and sing, this class is for you!"
33b13dc9-3ecb-79aa-80e8-ec1914076ede,"Exhibit: Long Live J’ouvert","Lefferts Historic House","Prospect Park","","Join Prospect Park Alliance and JouvayFest Collective for the Long Live J’ouvert! Pop Up Installation on-view at the tollbooth outside of Lefferts Historic House through Sunday, September 6. Long Live J’ouvert! delves into the vibrant history of J’ouvert, a significant cultural tradition originating in Trinidad & Tobago and now deeply rooted in Brooklyn. J’ouvert, meaning “opening of the day” in French, marks the start of the Carnival season in the Caribbean and is celebrated the night before Labor Day in Brooklyn. Born from the resistance of formerly enslaved Africans who fought to partake in pre-Lenten festivities, J’ouvert has evolved into a powerful symbol of resistance and resilience, commemorating enslavement and oppression and celebrating emancipation and freedom. The installation aims to deepen the public’s understanding of J’ouvert through photography and the exploration of traditional masquerade costumes and musical traditions."
01423bd6-8b96-46d6-4380-07fd0deed246,"Cardio Sculpt","Exercise Classes","Torsney Playground","","This cardio workout consists of functional movement exercises designed to make daily activities easier to perform. Meets at the athletic courts."
d86f9c38-a2d7-e755-d54e-58c06ca56a01,"In-Person Vibrant Verbal Description Tour: Reading Under Fire","Books & readings","Poster House","","Every month, Poster House offers Vibrant Verbal Description Tours specifically for community members who are blind or have low vision. In order to reach art-lovers all around the world, we offer our description tours both in person and online through Zoom. Led by our educators, Vibrant Verbal Description Tours offer intimate access to the works in the museum’s current shows, as well as select pieces from our permanent collection. This month’s in-person tour will focus on the exhibition Reading Under Fire: Arming Minds & Hearts During Wartime . Please email access@posterhouse.org or call (914) 295-2387 to sign up for this event, as space is limited. Tours start promptly and will last approximately 90 minutes with questions. While Poster House offers Vibrant Verbal Description Tours specifically for community members who are blind, have low vision, or who would otherwise benefit from verbal descriptions, everyone is welcome, space permitting. For a complete list of our accessibility tours, click the Accessibility filter at the top of our Events page, email access@posterhouse.org , or call (914) 295-2387 . Poster House will also strive to accommodate any outside accessibility tour requests given two week’s notice. Accessibility Note: Masks and clear masks are available free of charge at the museum. Assistive listening devices and stools are available. ASL (American Sign Language) interpretation or a CART (Communication Access Realtime Translation) is also available upon request. Please contact access@posterhouse.org or (914) 295-2387 to request interpretation services and to address any other accessibility needs. For other event-related questions, please contact info@posterhouse.org ."
7eb92cb8-a425-5a63-7b14-84231035306f,"Midtown Music","Live music","Bryant Park","Midtown",""
ee1ba883-9ded-143d-e1c1-a38b3f50fe83,"Park Open Studio","Family & kids","Washington Square Park","","<p>Led by a local teaching artist, this drop-in class invites participants to explore creativity through hands-on artmaking under the shade of Scrabble Plaza&#8217;s trees. Past mediums have included plein-air drawing, printmaking, cyanotypes, and more. All materials are provided by the Washington Square Park Conservancy.</p>"
13fca318-7619-0605-8fdd-0139b2978224,"Summer Sports Experience: Basketball Seasonal Clinics at McDonald's Playground","Summer Sports Experience","Austin J. McDonald Playground","","The Summer Sports Experience participants receive age-appropriate instruction through organized clinics, skill stations, drills, conditioning, and live game situations led by experienced NYC Parks Staff"
c5693a92-c8e7-a402-5dc0-cf2f6a51fd0c,"Play Mobile: Silent Springs Playground","Sports","Kissena Corridor Park","","The Mobile Recreation Program offers organized activities at events that are free and open to the public. These include community festivals, fairs, free programs, and other related events.<br/><br/>The Queens Recreation Play Mobile provides free activities for all children. From May&#160;to October, our team of Parks Staff travel throughout the borough providing structured and supervised activities. Our van is stocked with a variety of games and toys that are suitable for children, including board games, chalk, balls, crafts, and more."
0c40bb28-27f6-165d-2e06-4b92b549442d,"Bargemusic Concerts - August 1","Live music","Visitor Center at the Boathouse, Brooklyn Bridge Park","Brooklyn Bridge Park","For nearly 50 years, Bargemusic has been committed to attracting local audiences and enhancing the cultural life of New York by..."
53a9228e-ffef-c9cc-b6eb-1676d2ba671c,"Docent Tour: Love & Fury","Museums","Poster House","","Join the Poster House education team on guided docent tours of our current exhibitions! Gain a deeper understanding of the historical context and the design techniques behind one of the museum’s shows in an informative yet casual setting. Admission must be purchased upon your arrival to the museum to attend this tour. To view our admission prices, please visit our Hours and Admissions page . This Thursday, we will be focusing on the posters from Love & Fury: New York’s Fight Against AIDS . Accessibility Note: Masks and clear masks are available free of charge at the museum. Assistive listening devices and stools are available. ASL (American Sign Language) interpretation or a CART (Communication Access Realtime Translation) is also available upon request. Please contact access@posterhouse.org or (914) 295-2387 to request interpretation services and to address any other accessibility needs. For other event-related questions, please contact info@posterhouse.org ."
7364e233-eff3-efdd-2ee8-9e8d955c2e70,"Summer Sports Experience: Introduction to Soccer and Introduction to Dodgeball","Summer Sports Experience","Chelsea Park","","Summer Sports Experience is an instructional youth program that teaches sports skills. Our knowledgeable NYC Parks staff train kids in sports such as basketball, ball hockey, kickball, flag football, pickleball, soccer, team handball, track and field, and volleyball. This program covers basic and more advanced techniques. <br/> <br/>Summer Sports Experience is a drop-in program recommended for children ages 8-14. Participants can stop by for one or more sessions, but kids who stay for the whole program will get the most benefit from it. Occasionally a Summer Sports Experience program may be cancelled due to harsh weather or other conditions.<br/><br/>Please note: We recommend that guardians accompany children participating in this program. Summer Sports Experience is not a childcare program, and NYC Parks is not responsible for the well-being of attendees. <br/><br/>For more information, please visit nyc.gov/parks. <br/><br/>Contact accessibility@parks.nyc.gov or (212) 360-1430 for more information regarding accessibility."
b3133d73-c536-c159-5eff-b1ae026507f4,"Summer Sports Experience: Basketball","Summer Sports Experience","Chelsea Park","","Summer Sports Experience is an instructional youth program that teaches sports skills. Our knowledgeable NYC Parks staff train kids in sports such as basketball, ball hockey, kickball, flag football, pickleball, soccer, team handball, track and field, and volleyball. This program covers basic and more advanced techniques. <br/> <br/>Summer Sports Experience is a drop-in program recommended for children ages 8-14. Participants can stop by for one or more sessions, but kids who stay for the whole program will get the most benefit from it. Occasionally a Summer Sports Experience program may be cancelled due to harsh weather or other conditions.<br/><br/>Please note: We recommend that guardians accompany children participating in this program. Summer Sports Experience is not a childcare program, and NYC Parks is not responsible for the well-being of attendees. <br/><br/>For more information, please visit nyc.gov/parks. <br/><br/>Contact accessibility@parks.nyc.gov or (212) 360-1430 for more information regarding accessibility."
c06f8d01-ca4d-80d1-f6dc-c1dc7505aafc,"Kids in Motion: St. Mary's Playground West (Let's Make Clay Monsters)","Family & kids","St. Mary's Park","","Join NYC Parks and unleash your imagination&#8212;one monster at a time! Get ready for an afternoon of creativity, laughter, and a little bit of monster mischief! In this hands-on workshop, you&#8217;ll learn how to sculpt your very own clay creature&#8212;whether it&#8217;s cute, creepy, or completely out of this world. This event is free and open to the public."
21400fcd-7dd9-7aac-ad2c-a95ff8824d44,"NYRR Open Run: Flushing Meadows Corona Park","Running/Jogging","Flushing Meadows Corona Park","","<p>NYRR Open Run Brings free, 5K weekly community-led runs, to neighborhood parks across the greater New York City area. The program is free and open to runners and walkers of all ages, abilities, and experience levels.</p><p>One of the city's most iconic parks, Flushing Meadows Corona Park was the site of two 20th-century World's Fairs. It features historic walks, scenic trails, sports venues, and facilities for activities including soccer, baseball, tennis, volleyball, cricket, and more, as well as a recreation center, an indoor pool, lakes, trails, and many cultural and civic institutions.</p>"
ee798654-fd9e-9698-51f2-97c12705d7fd,"Brooklyn Bridge Park Conservancy Waterfront Walks","Walking","Brooklyn Bridge Park","","<p>Join a free walking tour to learn about the history of the Brooklyn waterfront at Brooklyn Bridge Park! Learn about the local ecology, Brooklyn Bridge Park's sustainable design, and how the park came to life! Tours last roughly 60-90 minutes, starting from the entrance of Pier 1 and finishing near Pier 3.</p><p>Advance registration is required. Registration opens a month in advance of each date. Please note this event is subject to change due to weather or other extenuating circumstances.</p>"
a1ca0675-b0f1-6219-c6d2-f3da08c8e362,"Exhibition: Think Global. Act Local.","Walking","Conference House Park","","<p> </p><p>Multi artist exhibit of works highlighting endangered local and global species.</p><p> </p><p>Learn what NYC Parks is doing within City to protect and preserve local wildlife as well preervation efforts around the world.</p><p> </p><p>Free admission. </p>"
49253d71-283c-83db-1b1a-272ca877f10b,"Queens Recreation Summer Sports Experience","Summer Sports Experience","","","The Summer Sports Experience season is in full swing! Join us for free sports instruction and competition. Activities include sports, games, demonstrations, and more."
d2e474b0-4680-59b7-c5b6-43adb6044d91,"Summer Sports Experience: Basketball, Soccer and Flag Football","Summer Sports Experience","Horace Harding Playground","","The Summer Sports Experience program participants receive age-appropriate instruction through organized clinics, skill stations, drills, conditioning, and live game situations led by experienced NYC Parks staff"
5445cf6b-2f49-962a-4150-9ce71a15e362,"Hoop Jam in Herald Square Park","Social Sports","Herald Square","","<p>We're collaborating with Big Apple Hooping to bring hooping fun to Herald Square Park. If you're looking to learn the fundamentals of hooping, work on refining your tricks, or meet fellow hoopers from the NYC area, this is the event for you.</p><p>Hoopers of all experience levels, from beginner to advanced, are welcome, and all equipment is provided. No registration is required, just stop by and join us!</p>"
d32e1ec5-b230-cf3f-a007-1ddfc1d165c0,"Belong&#243;'s Fat Cats in the Harlem Rose Garden","Free Summer Concerts","","","<p>Under the guidance of professional musicians and mentors, Belong&#243;'s Fat Cats students explore improvisation, ensemble playing, composition, and the traditions of Afro Latin jazz through a rigorous and joyful educational environment rooted in collaboration and creativity. This performance offers audiences an opportunity to experience the energy, discipline, and imagination these young artists bring to the stage as they perform a repertoire inspired by Afro-Cuban rhythms and jazz traditions. <br><br>Founded in 2010 at the legendary Fat Cat jazz club, the Fat Cats program has helped shape hundreds of emerging artists through performance-based jazz education and mentorship. Alumni have gone on to attend leading conservatories, perform professionally, and contribute to music communities across New York City and beyond. <br><br>Join us as we celebrate the next generation of artists at the <a href=""https://www.nycgovparks.org/opportunities/volunteer/group/harlem-rose-garden"">Harlem Rose Garden</a>, recognized by NYC Parks GreenThumb for its commitment to neighborhood engagement and public programming.</p>"
6cccfca3-6842-3d7a-7b64-d9f19b312ed3,"Kissena Park Forest Restoration","Volunteer","Kissena Park","","<p>Volunteer with the Stewardship Team to protect the forested areas in Kissena Park! Volunteers will contribute to ongoing restoration work and learn the importance of species diversity to ecosystem health. Come dressed in sturdy boots or shoes, long sleeves, long pants, and clothing that can get dirty. Face masks may be worn at your discretion. Space is limited and registration is required. Volunteers under 18 must be accompanied by a chaperone. This event has been made possible with funds from the U.S. Department of Agriculture, Forest Service. To sign up a group of 10 or more volunteers please reach out to stewardship@parks.nyc.gov.</p>"
b1f214fd-611d-a1e6-d610-d51c2bcf735c,"Highland Park Community Garden: Sip & Discover","Workshops","Highland Park","","<p>The Highland Park Community Garden presents the Garden Teatime and Learning Series</p><p>Hosted by long-time gardener and educator, Michele Danels (@MyshellaZART) </p><p>Enjoy a cup of tea while learning how to make a medicinal salve from our herbal community garden! Register in advance to secure your spot.</p>"
8b8f0257-ae26-a544-2eea-267de0fca576,"Ongoing Outdoor Museum Exhibit: Alice's Terracotta Garden","Walking","Conference House Park","","<p>Terra cotta sculpture garden featuring antique architectural ornaments from Tottenville's Atlantic Terra Cotta Company (west side lawn of Biddle House).</p><p>NYC Parks and the Tottenville Historical Society invite you to visit a unique collection of terracotta artifacts that chronicle turn-of-the-twentieth-century architectural styles common in New York City and across the United States.</p>"
f47d768a-412c-e273-8277-4e8bcf019b3d,"America250: Fourth of July Walking Tour at Green-Wood","Brooklyn250","Green-Wood Cemetery","",", .stk-2be9b3b {margin-right:0px !important;margin-bottom:24px !important;margin-left:0px !important;}.stk-2be9b3b-column{--stk-column-gap:20px !important;} .stk-3717db9-container{margin-top:0px !important;margin-right:0px !important;margin-bottom:0px !important;margin-left:0px !important;}.stk-3717db9 {margin-top:0px !important;margin-right:0px !important;margin-bottom:0px !important;margin-left:0px !important;}@media screen and (min-width: 768px){.stk-3717db9 {flex:var(--stk-flex-grow, 1) 1 calc(66.7% - var(--stk-column-gap, 0px) * 1 / 2 ) !important;}} .stk-3717db9.stk-block-column{n !important}.stk-3717db9 n.stk-column-wrapper{nmargin:0px !important;n !important} Travel back to the summer of 1776 and explore Brooklyn’s pivotal role in the Revolutionary War. The cemetery’s rolling hills were once the site of the Battle of Brooklyn, the largest battle of the war and a turning point in the fight for independence. On this 90-minute walking tour of Green-Wood, you’ll learn how American forces under George Washington narrowly escaped defeat near Battle Hill, and how this early loss ultimately strengthened the revolutionary cause. We’ll also visit the graves of veterans and others who lived through the war to explore varied experiences and perspectives on this revolutionary era. .stk-8fdef55-container{margin-top:0px !important;margin-right:0px !important;margin-bottom:0px !important;margin-left:0px !important;}.stk-8fdef55 {margin-top:0px !important;margin-right:0px !important;margin-bottom:0px !important;margin-left:0px !important;}@media screen and (min-width: 768px){.stk-8fdef55 {flex:var(--stk-flex-grow, 1) 1 calc(33.333% - var(--stk-column-gap, 0px) * 1 / 2 ) !important;}} .stk-8fdef55.stk-block-column{n !important}.stk-8fdef55 n.stk-column-wrapper{nmargin:0px !important;n !important} .stk-fd7323c {margin-bottom:0px !important;} .stk-4a67f03 {margin-bottom:35px !important;} Price: Free Get Tickets var exampleCallback = function() { console.log('Order complete!'); }; window.EBWidgets.createWidget({ widgetType: 'checkout', eventId: '1993834705276', modal: true, modalTriggerElementId: 'eventbrite-widget-modal-trigger-1993834705276', onOrderComplete: exampleCallback }); Walking Tour (see details below) Brooklyn 250 is made possible with funding championed by Assemblymember Robert Carroll, Assemblymember Jo Anne Simon, and State Senator Andrew Gounardes. Please note that if only 1 ticket shows as available during the purchase process, that is the last ticket available. BEFORE RESERVING YOUR SPOT, PLEASE NOTE: Tickets: There is no need to print tickets! Attendees will be checked in by name. Where To Go: Check-in takes place at the Gothic Arch near the Main Entrance at Fifth Avenue and 25th Street (500 25th Street). Accessibility & Safety: Walking tour routes cover hilly, grassy, and uneven terrain. This tour is not accessible for those using wheelchairs or other mobility aids and may be difficult for those with balance or other mobility issues. There is no place to sit down during the tour. For other disability-related accommodations, contact us at 718-768-7300 or events@green-wood.com . We strongly encourage attendees to wear suitable footwear. A Little More About Safety: Unless there is a medical emergency, it may be difficult to exit quickly during the tour. Please consider these limitations before purchasing tickets. Inclement Weather Policy: We monitor weather conditions throughout the day for the best chance of proceeding with the tour, and will not make a final decision until approximately 3 hours before the start of the tour. Cancellations will be announced via Eventbrite email blasts, so check your email and spam folders. Add to calendar Google Calendar iCalendar Outlook 365 Outlook Live"
58ca23a8-6e16-3a85-8cb1-7c5d9ffda20e,"Hybrid Animal Encyclopedia","Hiking & parks","Governors Island","Governors Island","Presented by LMCC on Governors Island."
0a18dffe-7a63-6dc0-46c1-ca9e93aadbf1,"Garden to Table Youth Program","Family & kids","Roy Wilkins Recreation Center","","<p><a href=""https://www.nycgovparks.org/opportunities/volunteer/group/roy-wilkins-community-garden"">Senior Citizens Garden Club</a>, formerly known as Roy Wilkins Community Garden, will be hosting a Garden to Table Youth Event, in collaboration with Southern Queens Parks Association, on Monday, July 27th. Help the garden group with harvesting and sowing seeds from the gardens harvest. All are welcome and no experience needed!</p><p>The garden is located at 178-50 Linden Blvd., Jamaica, NY 11434 (entrance at 179th St. and Linden Blvd.)</p>"
8be67cca-54ff-9279-9d5a-b1a12e656187,"NYRR Open Run: Shore Road Park","Running/Jogging","Shore Park and Parkway","","<p>NYRR Open Run Brings free, 5K weekly community-led runs, to neighborhood parks across the greater New York City area. The program is free and open to runners and walkers of all ages, abilities, and experience levels.</p><p>Shore Road Park, located in Bay Ridge, Brooklyn, is one of our longer Open Run courses. The park serves residents of Bay Ridge, Sunset Park, Dyker Heights, Fort Hamilton, and other surrounding neighborhoods.</p><p>The course is three loops alongside Shore Road with stunning views of the Verrazzano-Narrows Bridge. </p>"
95cb1f5c-cdbb-6c20-0ad4-a2b526ffa11c,"NYRR Open Run: Highland Park","Running/Jogging","Highland Park","","<p>NYRR Open Run Brings free, 5K weekly community-led runs, to neighborhood parks across the greater New York City area. The program is free and open to runners and walkers of all ages, abilities, and experience levels.</p><p>Located in the Cypress Hills section of Brooklyn, Highland Park is close to East New York and Bushwick in Brooklyn and the Woodhaven, Ridgewood, and Glendale neighborhoods in Queens. It&#8217;s home to over 150 species of birds and to the Ridgewood Reservoir.</p>"
c127af7c-9ffb-70f1-d3ee-33d4a5637e72,"Dance Fitness- Upbeat Pop!","Exercise Classes","Prospect Park","","A 45-minute dance fitness class to your favorite upbeat pop songs! Come prepared to shake, roll, grapevine, and clap. We will use this time to cultivate joy and silliness while getting a great workout and reaping the benefits of cardiovascular fitness. All levels are welcome and encouraged. Whether you want to learn some new choreography or need a space to step-touch and sing, this class is for you!"
ff05a262-3139-a301-f3f1-4d3c2b858385,"Bryant Park Tai Chi","Yoga & Pilates Classes","Bryant Park","","<p>Join us in practicing this traditional system of health and self-defense on the Upper Terrace. Derived from the philosophy of Taoism, Tai Chi was designed to develop the optimum degree of harmony between body and mind, as well as between the individual and the natural order of the universe.</p><p>Classes are every Tuesday morning, 7:30am-8:30am, from April 25 to August 28, and are led by teachers and students who train nearby at CK Chu Tai Chi under the direction of Master Hyland Harris. Classes meet on the Upper Terrace, and are rain or shine. All levels are welcome, and no equipment is necessary. *Class on 6/23 and 6/30 will be moved to the Fountain Terrace. </p>"
923a06cb-4dc0-3871-14f7-76f05e3ab149,"Historic New York: The Little Red Lighthouse","Urban Park Rangers","Fort Washington Park","","<p>The Jeffrey's Hook lighthouse, erected in 1880 and moved to its current site in 1921, has become widely known as the children's literary landmark ""The Little Red Lighthouse and the Great Gray Bridge."" Rediscover the history of this unique landmark. Open access between 1:00pm and 2:45pm. Participants may need to queue for access due capacity limits inside of the structure. Enter park via overpass closest to Plaza Lafayette. (West 181st Street) and Riverside Drive.</p>"
616e86d3-a8e8-3ea5-2fa2-81bb49beaeec,"Summer Sports Experience: Flag Football Seasonal Clinic at Faber Recreation Center","Football","Faber Pool and Park","","The Summer Sports Experience program participants receive age-appropriate instruction through organized clinics, skill stations, drills, conditioning, and live game situations led by experienced NYC Parks staff"
710e8823-bb13-c4ea-60ba-13a4808bb707,"Kids in Motion: Tie Dye","Family & kids","Grover Cleveland Playground","","Join our Kids in Motion staff for a fun session of tie dye. Our team will help tie shirts in basic designs or you can try your own design. Bring your own new white T-shirts to dye. There will be a limited supply of youth-sized shirts available at the event."
8111901f-02fc-2f35-acc7-0abee0efdaa0,"Yoga","Yoga & Pilates Classes","Pelham Bay Park","","Connect with yourself in Yoga, a class to be enjoyed by all. Experience a fun and light-hearted, mid-intensity flow that will move you seamlessly from Sun Salutation to a final peak pose. We focus on inversions and breath work to ensure you leave class feeling challenged and balanced. Mats are recommended.<br/><br/>Class meets on the lawn southeast of the tennis courts. Adjacent to the outdoor fitness gym."
4a6e8694-d290-a467-2d4f-fda4c237db02,"Alfred E. Smith Recreation Center Summer Camp Regular Day","Recreation Center Programming","Alfred E. Smith Playground","","The NYC Parks Summer Day Camp program is an exciting chance for children ages 6 to 13 to have a fun-filled summer! Your child will engage in sports, fitness, and outdoor adventure, technology, education, and the arts with the NYC Parks&#8217; Team."
eb9e821c-f090-183f-408c-fa98250c7e6a,"Tai Chi","Yoga & wellness","Bryant Park","Midtown",""
88a2b475-246a-1cf0-82f8-5680aa3ab2bd,"Le Carrousel Extravaganza in Bryant Park","Family & kids","Bryant Park","","<p>Le Carrousel Extravaganza is a lively, all-in-one entertainment experience featuring magic, puppetry, science, music, and storytelling. Designed to engage children of all ages, this dynamic program sparks imagination, encourages curiosity, and delivers fun-filled, interactive performances for every audience.</p>LINEUP:<p>All shows 10a-11a</p><strong>Music</strong><p><strong>Andy & Suzanna</strong><br>Monday, July 13</p><p><strong>FunkyTown Playground</strong><br>Mondays: July 20, July 27, August 3, August 24 Wednesdays: September 16, September 23</p><p><strong>Mr. Simon</strong><br>Monday, August 10</p><strong>Magic</strong><p><strong>Chris Capeheart</strong><br>Fridays: June 26, August 21</p><p><strong>Lee Barrett</strong><br>Monday, June 5<br>Fridays: July 10, August 14</p><p><strong>Loonie Louie</strong><br>Fridays: July 3, August 7<br>Monday, September 21</p><p><strong>Mike Patrick</strong><br>Fridays: June 19, July 24, August 28</p><p><strong>Silly Billy</strong><br>Fridays: June 12, July 17<br>Monday, September 7</p><p><strong>Zach Alexander</strong><br>Fridays: July 31, August 28<br>Monday, September 14</p><strong>Science</strong><p><strong>Crazy Science</strong><br>Mondays: June 8, June 15, June 22, June 29<br>Wednesdays: September 2, September 9</p><strong>Puppet Shows</strong><p><strong>Lucky Duck Puppets</strong><br>Monday, August 31</p><p><strong>Repertorio Espa&#241;ol/Scaramouches Puppet Theatre</strong><br>Wednesday, July 29, August 5, August 12, August 19, August 26</p><p><strong>Teatro SEA</strong><br>Wednesday, July 1, July 8, July 15, July 22</p><p><strong>Wonderspark Puppets</strong><br>Wednesdays: June 10, June 17, June 24</p><strong>Storytime</strong><p><strong>StoryFaces</strong><br>Monday, August 17</p><strong>Bubbles</strong><p><strong>Bubble Parties with Sophie</strong><br>Monday, July 6</p><p> </p><p>Photo credit: Jazmin Nahas</p>"
6a363939-74a8-200b-7463-6021a9cc1f55,"Yoga","Yoga & Pilates Classes","","","Connect with yourself in Yoga with Nicole, a class to be enjoyed by all. Experience a fun and light-hearted, mid-intensity flow that connects breath to movement as you flow through poses, with modifications for everyone. Class will focus on mobility and stability to ensure you leave feeling challenged, balanced, and relaxed. Please bring a mat! Please register for class updates. <br/><br/>Class will be held in the Community Garden next to Gerritsen Beach Library."
90b5373c-317c-2f4b-b387-c51c72a8b3ef,"Author","Books & readings","Bryant Park","Midtown",""
77c9c141-596a-4de6-2c88-8a7087a1f294,"Friends of Bronx River Forest Meeting","Community Input Meetings","","","<p>Join Friends of Bronx River Forest for a team meeting on <strong>Thursday, July 30th from 12pm &#8211; 1pm on google meet.</strong></p><p>Friends of Bronx River Forest is an up and coming community group that is working together to help restore and maintain the Bronx River Forest.</p>"
08e3b32d-c56f-f6bb-fdf0-11a31d52c55e,"Risha Gorig: The Journey","Free","Prospect Park","","The Journey is a sculptural installation by Brooklyn-based artist Risha Gorig that takes the shape of a flock of pink birds soaring in the sky. In this sculpture, one can correlate the migratory nature of birds, the vulnerability and tribulations of embarking on a voyage, with that of human existence. Like many of the artist’s previous works, this piece is kinetic and reminiscent of mobile art."
39cb07be-3270-182f-f7d8-89392d3eef7b,"Foragers in the Foodway","Gardening","Concrete Plant Park","","<p>Come outside and learn how to forage alongside NYC foragers and herbalists at the Bronx River Foodway! Participants will learn how to correctly identify wild and cultivated edible and medicinal plant species as well as learn the various ways to preserve and use their harvests. Tap into what the season has to offer.</p><p><i>Foragers in the Foodway</i> is a biweekly series, supported by New York State Agriculture and Markets. Attend one or all the events happening between June and September.</p>"
d66196cd-fbcb-4207-1ef7-5614b488f2f1,"Chair Yoga at Greeley Square Park","Yoga & Pilates Classes","Greeley Square Park","","<p>Join the 34th Street Partnership at Greeley Square on Wednesday mornings for a rejuvenating, relaxing, and accessible chair yoga class. Our experienced instructors will lead you through a series of poses and stretches that will center your body and calm your mind.</p><p>This class is perfect for people of all ability levels; no experience required. We recommend bringing a water bottle and wearing comfortable workout clothes.</p><p>Registration for this event is recommended.</p>"
1d7a5ac2-1617-f186-0ad5-1e810ca5ad4c,"Exhibit: Battle Pass in Prospect Park","Lefferts Historic House","Prospect Park","","Join Prospect Park Alliance to learn more about the Revolutionary War’s Battle of Brooklyn, the first and largest battle of the American War for Independence, on its 250th anniversary with this replica of the famous Battle Pass. In August 1776, American troops established a defensive position on this site, in the hills separating Flatbush from the rest of Brooklyn, to hold off the British. However, on August 27, British troops evaded these defenses, forcing the Americans to withdraw across the Gowanus Creek to temporary safety. Nearly a century later, Prospect Park landscape architects Frederick Law Olmsted and Calvert Vaux named this area Battle Hill to commemorate the soldiers who fought there. This replica military installation serves as a place for visitors to learn more about this formative battle. Explore the full slate of America 250 events."
d4e8f62b-2f0a-7238-1a78-6cd602d66f1b,"Incense and Smoke Wand Workshop with Lashette Williams","Art","Concrete Plant Park","","<p>Learn from Lashette how to make loose incense and smoke wands with local plants grown at the Bronx River Foodway. Participants will be introduced to the history and uses of plants and make their own incense blends.</p><p>Note: This is one of this year&#8217;s Community Grant workshops.</p>"
c3caccb3-bbf7-27f8-3ebb-c107244d0723,"Alfred E. Smith Recreation Center Summer Camp Extended Day","Recreation Center Programming","Alfred E. Smith Playground","","The NYC Parks Summer Day Camp program is an exciting chance for children ages 6 to 13 to have a fun-filled summer! Your child will engage in sports, fitness, and outdoor adventure, technology, education, and the arts with the NYC Parks&#8217; Team."
e735ac83-704f-6683-c86a-68d117a7e493,"Magnolia Bakery Banana Pudding Tour","Hiking & parks","","","To celebrate its 30th anniversary, Magnolia Bakery is taking its fan-favorite Banana Pudding Bar on tour across New York City, bringing exclusive flavors to some of the city's most recognizable destinations throughout July. #block-a49ab5b777acf3b1a68a { } #block-a49ab5b777acf3b1a68a .sqs-html-conten"
d4aee0fe-6bb6-f0b2-725f-d6354ec22d7c,"Bodyroll","Exercise Classes","Washington Square Park","","<p>Lively movement and emotional catharsis combine for an exhilarating dance practice led by <a href=""https://www.vivasoudan.com/bodyroll"">Viva Soudan</a>. No experience necessary!</p>"
3983ee82-c752-5182-7a9b-eafdb9ff0d55,"Trees Count at Barretto Point Park","Volunteer","Barretto Point Park","","<p>Volunteer with NYC Parks for Trees Count 2025! At each event you will receive a tote bag with all the materials needed to count trees. Next, we'll provide a 30-minute training session that includes the basics of tree identification and how to measure and assess each tree. Using our Tree Census app, you&#8217;ll split up into different zones within the park to start counting trees! After completing your first training event, you are welcome to continue counting trees on your own in smaller parks across the city.</p>"
00562523-0a0e-dd8b-ebb6-b5250900b508,"BollyX","Exercise Classes","Chelsea Recreation Center","","BollyX is a Bollywood inspired cardio dance fitness class inspired and is driven by the heart-pumping, energetic rhythms of cultural music from all parts of India. The class embodies dynamic choreography and easy-to-follow dance aerobics. Choreography and workout routines have been set so everyone can enjoy the class (modifications for individual steps can be provided in class). No dance experience or Bollywood familiarity is required - just come with comfortable shoes, water, and your smiles!<br/><br/>Participants must sign in at the front desk and bring locks to lock up their bags. The center does not allow anyone to bring their bags to the dance room except: towel, water and phone."
a59027a7-34b8-e71a-118f-62760c4be1d0,"Youth Basketball Clinics - August 1","Family & kids","Pier 2, Brooklyn Bridge Park","Brooklyn Bridge Park","Kids aged 6-17 can join Brooklyn Bridge Park for free basketball clinics led by KING Hoops, NYC’s premier youth basketball..."
b43e1eb3-fa99-ba0d-fff8-54d9fbd072f8,"KIM: Rev. Dr. Maggie Howard","Family & kids","Rev. Dr. Maggie Howard Playground","","&#8203;Vega, Shayr (Parks)&#8203;<br/>The Kids in Motion program engages children in active, outdoor play. A NYC Parks staff member leads four to seven hours of free activities in NYC's playgrounds, including organized sports, games, fitness demos, board games, water games, and more!<br/><br/>Kias in Motion is a free, drop-in program without registration. Children can head to the playground during the listed hours of operation to participate. Occasionally a Kids in Motion program may be cancelled due to harsh weather or other conditions.<br/><br/>Please note: We recommend that guardians accompany children participating in this program.<br/><br/>Kids in Motion is not a childcare program and NYC Parks is not responsible for the well-being of attendees."
6229d9bd-708c-91af-a9e1-3f5adf16b65e,"Sunderland AFC 26/27 Home Kit Launch","Others","LUME WV","","Next week, Sunderland AFC are heading out to the US for pre-season. #block-783ddabbaf1693e579d8 { } #block-783ddabbaf1693e579d8 .sqs-html-content { } #block-783ddabbaf1693e579d8 { mix-blend-mode: var(--tweak-text-block-blend ); border-radius: var(--tweak-text-block-radius); } @media screen and (max-"
fe19477a-0f43-b5a1-adbb-83ed2e80a941,"Trees Count at Washington Market Park","Workshops","Washington Market Park","","<p>Volunteer with NYC Parks for Trees Count 2025! At each event you will receive a tote bag with all the materials needed to count trees. Next, we'll provide a 30-minute training session that includes the basics of tree identification and how to measure and assess each tree. Using our Tree Census app, you&#8217;ll split up into different zones within the park to start counting trees! After completing your first training event, you are welcome to continue counting trees on your own in smaller parks across the city. For your comfort and safety at the event please bring water and wear close-toed shoes.</p>"
163f83fd-6326-9f76-2efd-5c945094fd83,"Zumba","Exercise Classes","Franklin D. Roosevelt Boardwalk and Beach","","Zumba is a fusion of Latin, International and popular music dance themes creating a dynamic, exciting, effective fitness system! The routines feature aerobic, fitness interval training with a combination of fast and slow rhythms that tone and sculpt the body with easy to follow dance steps."
d5541273-c98b-38d8-4f55-8a431cca7a86,"CANCELED: Dance Fitness Fiesta","Exercise Classes","Rochdale Park","","This dance fitness class is your weekly escape into music, movement, and joy. We dance, we sweat, and we celebrate ourselves. Expect a fun, empowering workout where we move our bodies, connect within, and stay in great shape&#8212;fiesta style!"
feedecf3-5ec8-bb57-3fa1-a3b42409af66,"Summer Sports Experience: Spuyten Duyvil ""Hoops Harmony""","Basketball/Netball","Spuyten Duyvil Playground","","If you love basketball and want to improve your skills, join hoops harmony at Spuyten Duyvil Playground. Whether you are a beginner or experienced player, our clinics are designed to develop your basketball skills through practice, drills, and play. Are you ready to take your game to the next level?<br/><br/>Session One - 11:00 a.m. - 1:00 p.m. Ages 8 - 11<br/>Session Two - 3:00 p.m.- 5:00 p.m. Ages 12 - 14"
8168dcba-19db-473a-ae0c-19ad9b5e4ae3,"Summer Sports Experience: Basketball: Skills and Drills","Summer Sports Experience","Chelsea Park","","Summer Sports Experience is an instructional youth program that teaches sports skills. Our knowledgeable NYC Parks staff train kids in sports such as basketball, ball hockey, kickball, flag football, pickleball, soccer, team handball, track and field, and volleyball. This program covers basic and more advanced techniques. <br/> <br/>Summer Sports Experience is a drop-in program recommended for children ages 8-14. Participants can stop by for one or more sessions, but kids who stay for the whole program will get the most benefit from it. Occasionally a Summer Sports Experience program may be cancelled due to harsh weather or other conditions.<br/><br/>Please note: We recommend that guardians accompany children participating in this program. Summer Sports Experience is not a childcare program, and NYC Parks is not responsible for the well-being of attendees. <br/><br/>For more information, please visit nyc.gov/parks. <br/><br/>Contact accessibility@parks.nyc.gov or (212) 360-1430 for more information regarding accessibility."
7fd5ce7e-6092-24b0-f585-4b99322a2104,"Juggling Class","Sports & games","Bryant Park","Midtown",""
16ba88b1-8200-36a0-53b1-9a26f16644f6,"Turtle Quest: Explore, Observe, Protect with Lizbeth Miron","Workshops","Bronx Park","","<p>Join Lizbeth for an exploration of the freshwater turtles that reside in the Bronx River in Shoelace Park, while learning about local ecology and conservation. We will learn to identify native and non-native turtle species and use iNaturalist, a community science app, to document wildlife observations. This workshop also includes a park clean-up to help protect turtle habitats and support the health of the Bronx River ecosystem. The goals of the workshop are to increase awareness of urban wildlife, encourage community involvement in conservation, and empower participants to contribute to environmental research and stewardship in their local parks.</p>"
0e75f573-f5e1-90f0-584f-1d6de521d8ce,"Low Impact Bodyweight Circuit Training","Exercise Classes","Astoria Park","","Mobilize and restore your body&#8217;s movement capacity with this evenly-paced class designed for beginners and those who prefer a low level of intensity. Expect a combination of both dynamic and static movements that are low impact and taught to ensure that all participants are moving safely and in the most efficient way possible. Each exercise will help loosen up your muscles and joints, as well as help develop a great foundation for overall improved strength and range of motion. Whether you are just getting started or looking to get back to basics, this class is open to all! <br/><br/>Class normally meets at the Astoria Park Pool Deck, and in the event of light rain class will be moved to Playground A under the Triboro Bridge."
9b0ade7f-89ed-df30-80fc-1ff053dd894e,"Virtual Vibrant Verbal Description Tour: Reading Under Fire","Books & readings","Poster House","","Every month, Poster House offers Vibrant Verbal Description Tours specifically for community members who are blind or have low vision. In order to reach art-lovers all around the world, we offer our description tours both in person and online through Zoom. Led by our educators, Vibrant Verbal Description Tours offer intimate access to the works in the museum’s current shows, as well as select pieces from our permanent collection. This month’s virtual tour will focus on the exhibition Reading Under Fire: Arming Minds & Hearts During Wartime . Please email access@posterhouse.org or call (914) 295-2387 to sign up for this event. You will be emailed poster images for reference as well as information about accessing Zoom the day before the virtual tour. Tours start promptly and will last approximately 60 minutes with questions. For a complete list of our accessibility tours, click the Accessibility filter at the top of our Events page, email access@posterhouse.org , or call (914) 295-2387 . Poster House will also strive to accommodate any outside accessibility tour requests given two week’s notice. Accessibility Note: This online event will be hosted on Zoom with attendees’ cameras off. A recording of this event will be made available to all registered attendees. Automated closed captioning will be provided. ASL (American Sign Language) interpretation or a CART (Communication Access Realtime Translation) is available upon request. Please contact access@posterhouse.org or (914) 295-2387 to request interpretation services and to address any other accessibility needs."
32b66c0b-27c2-3efe-db1e-ab09c0c3be1d,"Lemme Skin x Mimi's Frozen Yogurt","Others","","","To celebrate the debut of Lemme Skin Firming & Hydrating Gummy Rings, Lemme is taking over NYC's viral frozen yogurt destination, Mimi's, for a weekend-long activation inspired by sunshine, sweet treats, and glowing skin. #block-ad6d7fc1ba4f98bcf536 { } #block-ad6d7fc1ba4f98bcf536 .sqs-html-content "
0e696d8d-99e3-b950-8319-ab67263a18e1,"Benefiber Good Gut Club","Nightlife","","","As consumers increasingly prioritize personal health and wellness, many are looking for simple, practical ways to support their gut health — especially since most people still aren't getting enough fiber. So, this summer, Benefiber is bringing that idea to life with the launch of the Good Gut Club ,"
c5b73c27-36a9-c606-a0c9-b20af32cab1e,"Yoga","Yoga & Pilates Classes","Washington Square Park","","<p>Start your morning off balanced and refreshed with a free yoga class led by local yoga instructors Mariah and Frances in Garibaldi Plaza. Bring a yoga mat and water bottle.</p>"
9338c045-58a2-f2fb-e745-87b6cec9b8f8,"What Lives in the East River? - August 1","Hiking & parks","Pier 4 Beach, Brooklyn Bridge Park","Brooklyn Bridge Park","Discover the amazing biodiversity of the East River as you get hands-on and up close with our marine life touch..."
040a112b-02b1-8a08-555f-0d92ab69a575,"Midnight Release Party: H.M. Wolfe Debuts Genre-Bending Fantasy Romance Daggermouth","Books & readings","Barnes & Noble - Union Square","",""
f151bac0-f21c-4f66-1f7b-3fd366926190,"NYRR Open Run: Canarsie Park","Running/Jogging","Canarsie Park","","<p>NYRR Open Run Brings free, 5K weekly community-led runs, to neighborhood parks across the greater New York City area. The program is free and open to runners and walkers of all ages, abilities, and experience levels.</p><p>Canarsie Park serves the neighborhoods of Canarsie and nearby Flatlands, Mill Basin, Marine Park, and Bergen Beach. Home to baseball fields and cricket pitches, it&#8217;s bordered by the Belt Parkway and Paerdegat Basin.</p>"
1a5a7623-9e08-8d4b-0444-025f31a7a5bb,"Mah Jongg Social","Hiking & parks","Bryant Park","Midtown",""
00ea635a-2b98-2bb9-f855-97d27bbfb62a,"NYRR Open Run: Crocheron Park","Running/Jogging","John Golden Park","","<p>NYRR Open Run brings free, 5K weekly community-led runs, to neighborhood parks across the greater New York City area. The program is free and open to runners and walkers of all ages, abilities, and experience levels.</p><p>Widely known for its history with the Crocheron Family and summer house, Crocheron Park is home to running paths, baseball fields, and a 4-court tennis center.</p>"
bade8a5e-111a-37e7-347c-210b6377224c,"Wednesday Greenmarket at Bartel-Pritchard Square","Wellness","Prospect Park","","Nestled inside Prospect Park’s tree-shaded southwest corner, this much-loved market is where South Slope and Windsor Terrace residents stock up on locally grown staples. The offerings range from a selection of vegetables, fruits, baked goods, plants and flowers to fresh-caught fish and organic baked goods. For a full calendar of events and a list of sellers, visit the GrowNYC website. Learn about all Nutrition Benefit Programs accepted at GrowNYC Markets"
b17ed4f9-f7ec-80ae-f005-ae96eb665739,"It's My Park at Seth Low Playground/ Bealin Square","It's My Park","Seth Low Playground/ Bealin Square","","<p>This It's My Park season, volunteer with Chinese American Social Services Center Inc. (CASS) to beautify Seth Low Playground/ Bealin Square. We look forward to cleaning up the park with you!</p>"
44de4add-cfc4-8468-cd3e-4cda8629489c,"Summer Sports Experience: Basketball","Basketball/Netball","Blood Root Valley","","The Summer Sports Experience program participants receive age-appropriate instruction through organized clinics, skill stations, drills, conditioning, and live game situations led by experienced NYC Parks staff"
4eb0caca-c205-32d9-1757-117ee32bc834,"Public Art Tour","Hiking & parks","Governors Island","Governors Island","Presented by First + Third Saturdays on Governors Island."
4ec43660-ba8f-dd3f-de3c-d3b9c91afae9,"Total Body Reset","Exercise Classes","Herbert Von King Park","","This fun low-impact full-body workout includes cardio, strength and balance exercises to improve your overall fitness.<br/><br/>Class will meet on the Greene Avenue lawn area."
aa98f9ad-557c-2b84-967b-07503a5b3f96,"Knitting at Bryant Park","Arts & Crafts","Bryant Park","","<p>In the summer, swing by the park for free instruction from Knitty City, New York City&#8217;s favorite yarn community and store, and knit with fellow enthusiasts. Volunteers are available to teach you how to cast, knit, purl, and more! Yarn and needles are provided. Classes in the park are held on the gravel on the Upper Terrace by the Gertrude Stein monument, closest to 40th Street and are weather permitting.</p><p><strong>*Please note there will be no class on June 24 and July 1</strong></p>"
0ac0ab0b-d61f-cb6e-e065-12b4e69f6824,"NYRR Open Run: Inwood Hill Park","Running/Jogging","Inwood Hill Park","","<p>NYRR Open Run Brings free, 5K weekly community-led runs, to neighborhood parks across the greater New York City area. The program is free and open to runners and walkers of all ages, abilities, and experience levels.</p><p>Evidence of Inwood Hill Park&#8217;s formation exists as caves, valleys, and ridges left as the result of shifting glaciers. Evidence of its uninhabited state afterward remains as its forest and salt marsh (the last natural one in Manhattan), and evidence of its use by Native Americans continues to be discovered. Most of the park was largely untouched by wars and development. The park features a hiking trail and the Hudson River Bike Trail, and is one of the best places in NYC to spot a bald eagle. It also includes athletic fields, playgrounds, dog runs, and a barbecue area.</p><p>The course is three loops on hilly trails and walkways through woods and along a salt marsh.</p>"
4b7eb04f-3faf-39f6-9b20-f3373effe3a4,"Summer Sports Experience: St. Mary's Park ""Game of Zones Girls Basketball Clinic""","Basketball/Netball","St. Mary's Park","","If you love basketball and want to improve your skills, join game of zones at St. Mary&#8217;s Park ! Whether you are a beginner or experienced player who wants to come and improve their skills and play, do it with us!<br/> <br/>Saturdays | 10:00 a.m. &#8211; 11:00 a.m. | 8 &#8211; 11 yrs. <br/>Saturdays | 11:30 a.m. &#8211; 2:00 p.m. | 12 &#8211; 14 yrs."
761faee1-eae4-0678-13aa-6a46d611e206,"Care.com Sandwich Generation Pop-Up","Others","","","A giant inflatable sandwich will appear wedged between two Flatiron buildings for two days only ( July 30–31 ), as Care.com brings its first-ever Sandwich Generation Report to life with a free public activation. #block-c1ae3ca9ee0b73d66d7e { } #block-c1ae3ca9ee0b73d66d7e .sqs-html-content { } #block"
63c7832f-f814-023d-d1b9-9764dc043bac,"Yoga","Yoga & wellness","Bryant Park","Midtown",""
41b43fff-d7c5-78b9-fc0c-6683ce301c8b,"Summer Sports Experience: Pickleball","Pickleball","Blood Root Valley","","The Summer Sports Experience program participants receive age-appropriate instruction through organized clinics, skill stations, drills, conditioning, and live game situations led by experienced NYC Parks staff"
44d9598c-e5e5-24bf-cb82-c3f55bdea0cf,"Astoria Pool: Lap Swim","Swimming/Aquatics","Astoria Park","","Take part in a long-distance lap swim competition. To participate in the competition, please speak to an Aquatics Specialist on the pool deck and indicate this on your application. An awards ceremony will be held at the end of August to celebrate the health and fitness achievements of swimmers who complete 25 miles or more. Visit https://www.nycgovparks.org/events/lap-swim to register."
a3bcc678-f13e-0bef-44ca-abc9781e6179,"GHANAFEST-NY: Edem / Andy Dosty","Live Music","Bronx","","The annual tradition of GhanaFest-NY once again brings its celebration of Ghanaian culture and heritage to the residents of New York City. This year’s event features music from popular Ghanaian rapper Edem, who debuted in 2009 with The Volta Regime and won the Best International Act-Africa at the 2015 Black Canadian Awards. The video for his 2016 song “Nyedzilo” was nominated for three WatsUp TV Africa Music Video Awards. On the ones and twos is Andy Dosty, the Ghanaian DJ and radio presenter with Ghana’s Multimedia Group Limited; he’s hosted Daybreak Hitz on Hitz FM since 2017."
31a37e24-db42-7d24-2f29-547b52d40dee,"Zumba","Exercise Classes","Flushing Meadows Corona Park","","Zumba is a fusion of Latin, International and popular music dance themes creating a dynamic, exciting, effective fitness system! The routines feature aerobic fitness interval training with a combination of fast and slow rhythms that challenge both the heart and muscles. With fun music and easy-to-follow steps, you can&#8217;t go wrong!"
0b0cb487-1fa3-ba55-6a5c-18c131a043a3,"Summer Sport Experience: Pickleball","Pickleball","Blood Root Valley","","The Summer Sports Experience program participants receive age-appropriate instruction through organized clinics, skill stations, drills, conditioning, and live game situations led by experienced NYC Parks staff"
313e308c-47bd-31a8-4e44-6b2cd75bcea7,"Cyanotype Workshop with Nadia","Gardening","Hunts Point Riverside Park","","<p>Join Nadia and (re)discover how to make beautiful cyanotypes rooted in memory of places. After a quick introduction to cyanotype, we&#8217;ll reflect on our relationship to plants and the space. Then, we&#8217;ll select plants and items that correspond to our feelings to create our cyanotypes.</p>"
460612c5-12f2-e9dd-50f9-e94ff27edad5,"False Harmonics #27: Dean Hurley, C. Lavender, Ash Fure","Film & cinema","Pioneer Works","",""
86d1433e-c575-9b3a-b3e8-35d75ff0d1b9,"Tango and Transformation - 5 Week Dance + History Seminar","Museums","The Urbane Arts Club, 1016 Beverley Rd, Brooklyn, NY 11218, USA","",""
025e0b12-5202-e846-19b7-ceb9e3ffe08c,"HIIT","Running & fitness","Pier 46, Hudson River Park","Pier 46","Take a free workout class led by Chelsea Piers Fitness Tuesdays at 6:30 PM at Pier 46, part of HRPK's Healthy on the Hudson series."
2bf7178b-3d02-b367-d6c9-d0c7cb5775f9,"Artist Walk: Bella Abzug Park","Art & galleries","Bella Abzug Park, Hudson Yards, Manhattan","",""
e9c03592-2480-88c4-d62e-f7731e059f98,"Trees Count at Canarsie Park","Volunteer","Canarsie Park","","<p>Volunteer with NYC Parks for Trees Count 2025! At each event you will receive a tote bag with all the materials needed to count trees. Next, we'll provide a 20-minute training session that includes the basics of tree identification and how to measure and assess each tree. Using our Tree Census app, you&#8217;ll split up into different zones within the park to start counting trees! After completing your first training event, you are welcome to continue counting trees on your own in smaller parks across the city.</p>"
a940d5fb-95d9-778e-16c3-324811848ade,"Glossier Balmdega","Others","","","New York City, you’ve got a new bodega. Balmdega opens at Glossier SoHo 7/14. #block-a846b31514890c68c211 { } #block-a846b31514890c68c211 .sqs-html-content { } #block-a846b31514890c68c211 { mix-blend-mode: var(--tweak-text-block-blend ); border-radius: var(--tweak-text-block-radius); } @media screen"
7049ce8f-a8a0-7578-4eab-2ae0be1913f4,"Line Dance Fitness","Exercise Classes","Betsy Head Park","","Line up and get ready to move in this line dance fitness class! You&#8217;ll have a blast with these low-moderate impact dance moves choreographed to your favorite songs."
391198fc-ef3b-bab1-47d3-3326ff363913,"Mamdani's NYC: Drink & Think","Food & dining","Soho","",""
676f2f53-c1fe-8d46-b300-a392eee1df3a,"Sunset Boat Tour: Port Infrastructure","Art & galleries","Pier 83 (Circle Line Cruises) - 12th Avenue and West 43rd Street New York, NY 10036","",""
130e69f8-1d16-a1f2-1a01-10e5c301940f,"Team RIVER Volunteers","Gardening","Randall's Island Park","","<p><strong>Volunteer with Team RIVER (Randall&#8217;s Island Volunteer Ecological Restorers) and help keep Randall&#8217;s Island Park beautiful!</strong> Team RIVER Volunteers regularly work with the Natural Areas team twice a month to take care of and restore our natural spaces on the island. With our Horticulture team, volunteers care for the many gardens, green streets and meadows, every second Wednesday of each month. Team RIVER also works with our Sports Field and Operations teams, keeping our park clean and maintained. If you are only able to volunteer on a limited basis, you are still very much welcome!</p><p>This volunteer opportunity is open to individuals from the community. <strong>Groups of more than 5 people must contact: </strong><a href=""mailto:Volunteers@RandallsIsland.org""><strong>Volunteers@RandallsIsland.org</strong></a></p><p>Volunteers must be at least 11 years old. Anyone under the age of 18 must have a waiver signed by their legal guardian before starting any work. Children under 16 must also have an adult with them while volunteering. <strong>A downloadable volunteer waiver can be found at this link: </strong><a href=""https://randallsisland.org/wp-content/uploads/2023/08/Waiver-form-for-Minors-2020.pdf""><strong>General Volunteer &#8211; Randall&#8217;s Island</strong></a></p><p><a href=""https://www.eventbrite.com/e/team-river-volunteers-tickets-1980281661758?aff=oddtdtcreator""><strong>Registration is required here.</strong></a></p><p><strong>Location: Volunteers will be notified after registration.</strong></p><p>For inquiries about accessibility, to request an accommodation, or for event information, please email publicprograms@randallsisland.org.</p>"
2b81dd84-7b34-f951-0d2d-a3a6ae8b8fb3,"New Paltz Weekend","Cycling","SUNY New Paltz","","July 31 - August 2, 2026"
a966d80e-82c3-987c-2646-e96d72ba68f7,"Groove & Glow","Exercise Classes","Asser Levy Playground","","Bringing good vibes and great movement this cardio dance class blends K-pop beats, funk<br/>grooves, and feel-good choreography to help you sweat, smile, and glow. All levels welcome."
85b7a99d-ff38-da1e-9426-884d6ecba7f3,"CANCELED: Soca Dance Fitness","Exercise Classes","","","A fun, high energy dance class geared to get your heart pumping and your energy flowing. The <br/>simple dance moves and Caribbean beats will feel like a party instead of a workout. This <br/>aerobic class will improve cardiovascular health, flexibility, rhythm, and overall fitness."
3e332870-ea20-099e-09ad-3d081b57a9bb,"Gottesman Pool: Lap Swim","Swimming/Aquatics","Central Park","","Take part in a long-distance lap swim competition. To participate in the competition, please speak to an Aquatics Specialist on the pool deck and indicate this on your application. An awards ceremony will be held at the end of August to celebrate the health and fitness achievements of swimmers who complete 25 miles or more. Visit https://www.nycgovparks.org/events/lap-swim to register."
c27ed550-579e-852d-7651-70179188a7ae,"Session 2: Fisher Pool - Children's Learn to Swim Level 1 (Class B)","Family & kids","Fisher Pool","","Through our Learn to Swim program, your children will put the 'fun' in fundamentals and learn basic swimming and safety skills! During this two-week outdoor program, our Aquatic Specialists will teach your children (ages 6 to 17 years old) basic swimming skills, and how to stay safe around the water. Registration for this program takes place by lottery drawing. Visit https://nyc.gov/parks/learntoswim for rules and regulations."
592ba703-d5d6-6c8a-a9b4-921bf88c9eab,"Low Impact Dance Fitness","Exercise Classes","Williamsbridge Oval","","This fun, low-impact dance fitness class is designed to make you feel energized! Here, we focus on cardio and full-body movements to give you a well-rounded workout. Come join us!"
2c6d6132-3d9f-e9a6-332a-c4912201a371,"America250: Fourth of July Family Trolley Tour at Green-Wood","Family & kids","Green-Wood Cemetery","",", .stk-2be9b3b {margin-right:0px !important;margin-bottom:24px !important;margin-left:0px !important;}.stk-2be9b3b-column{--stk-column-gap:20px !important;} .stk-3717db9-container{margin-top:0px !important;margin-right:0px !important;margin-bottom:0px !important;margin-left:0px !important;}.stk-3717db9 {margin-top:0px !important;margin-right:0px !important;margin-bottom:0px !important;margin-left:0px !important;}@media screen and (min-width: 768px){.stk-3717db9 {flex:var(--stk-flex-grow, 1) 1 calc(66.7% - var(--stk-column-gap, 0px) * 1 / 2 ) !important;}} .stk-3717db9.stk-block-column{n !important}.stk-3717db9 n.stk-column-wrapper{nmargin:0px !important;n !important} Travel back to the summer of 1776 and explore Brooklyn’s pivotal role in the Revolutionary War. The Cemetery’s rolling hills were once the site of the Battle of Brooklyn, the largest battle of the war and a turning point in the fight for independence. On this family-friendly trolley tour of Green-Wood, you’ll learn how American forces under George Washington narrowly escaped defeat near Battle Hill, and how this early loss ultimately strengthened the revolutionary cause. We’ll also visit the graves of veterans and others who lived through the war to explore varied experiences and perspectives on this revolutionary era. .stk-8fdef55-container{margin-top:0px !important;margin-right:0px !important;margin-bottom:0px !important;margin-left:0px !important;}.stk-8fdef55 {margin-top:0px !important;margin-right:0px !important;margin-bottom:0px !important;margin-left:0px !important;}@media screen and (min-width: 768px){.stk-8fdef55 {flex:var(--stk-flex-grow, 1) 1 calc(33.333% - var(--stk-column-gap, 0px) * 1 / 2 ) !important;}} .stk-8fdef55.stk-block-column{n !important}.stk-8fdef55 n.stk-column-wrapper{nmargin:0px !important;n !important} .stk-fd7323c {margin-bottom:0px !important;} .stk-4a67f03 {margin-bottom:35px !important;} Price: Free Get Tickets var exampleCallback = function() { console.log('Order complete!'); }; window.EBWidgets.createWidget({ widgetType: 'checkout', eventId: '1993872698916', modal: true, modalTriggerElementId: 'eventbrite-widget-modal-trigger-1993872698916', onOrderComplete: exampleCallback }); Trolley Tour (see details below) Brooklyn 250 is made possible with funding championed by Assemblymember Robert Carroll, Assemblymember Jo Anne Simon, and State Senator Andrew Gounardes. Please note that if only 1 ticket shows as available during the purchase process, that is the last ticket available. BEFORE RESERVING YOUR SPOT, PLEASE NOTE: Where To Go: Check-in takes place by the Gothic Arch near the Main Entrance at Fifth Avenue and 25th Street (500 25th Street). This program is designed for children, ages 4 and older, and their families. Children MUST be accompanied by an adult, and adult ticket holders MUST be accompanied by a child. Adults and children (ages 2 and older) are required to register tickets. Maximum of four children per adult chaperone. Tickets: There is no need to print tickets! Attendees will be checked in by name. Children under 2 are free and require no ticket; however, they must be seated on their guardian’s lap during the trolley tour. Accessibility & Safety: The Green-Wood trolley is wheelchair-accessible and ADA-compliant. However, please note that some stops where you may get off the trolley are not ADA-accessible. Before reserving tickets, we encourage visitors to contact our staff with any questions regarding accommodations and accessibility for trolley tours. In order to accommodate a wheelchair or other mobility aid on the trolley, arrangements must be made in advance. Please call 718-210-3080, ext. 1, or email events@green-wood.com . A Little More About Safety: Unless there is a medical emergency, it may be difficult to exit quickly during the tour. Please consider these limitations before purchasing tickets. This tour is not recommended for children under the age of 10. Refunds: All ticket sales are final. Refunds are only permissible if the tour is canceled by Green-Wood. Tickets cannot be exchanged for a different tour date. Inclement Weather Policy: We monitor weather conditions throughout the day for the best chance of proceeding with the tour and will not make a final decision until approximately 3 hours before the start of the tour. Cancellations will be announced via Eventbrite email blasts, so check your email and spam folders. Add to calendar Google Calendar iCalendar Outlook 365 Outlook Live"
0b326164-fc77-6291-c4cc-00a5618a40a8,"Tour: Battle of Brooklyn’s Battle Pass","Tours","Prospect Park","","Join Prospect Park Alliance for a free tour of the park to learn about the Battle of Brooklyn, the first and largest battle of the American War for Independence, on its 250th Anniversary. This one-hour tour begins and ends at Lefferts Historic House, and takes visitors to the park’s Battle Pass to see the replica fortifications where on August 27, 1776, thousands of Pennsylvania and New England soldiers fought their British and Hessian counterparts. Along the way, attendees will learn about the battle and its aftermath from the perspective of the Africans enslaved by the Lefferts family, soldiers who fought in what is now Prospect Park, and the overall impact of the conflict on Flatbush and Brooklyn. Please note this tour leaves promptly at 2 pm. Also enjoy our exhibit about the important and varied roles Black people played in the Battle of Brooklyn, on view in the Lefferts yard. Learn More + RSVP . Please Note: To ensure a safe and comfortable experience for everyone, tours may be canceled in the event of extreme heat or heavy rain. We recommend checking our website or social media channels for real-time weather updates before heading out to the park."
ae5652ff-8ce6-7ec4-8ab0-67c1f73e1a22,"Dance Fitness","Exercise Classes","West Harlem Piers","","Join Shape Up NYC for a free dance fitness class every Saturday at West Harlem Piers Park! The instructor for this class will change week to week. This summer the following instructors will be featured: Donnette ""Sonnia"" McFarlane, Claudia Gomez, Taneka Teel, Beverly Brown, Carolina Morales, Yhajira Muniz, Masayo Kado, Nathalie Roussel, Regina Nicosia, Erica Zhang, and Alejandra Villadiego. <br/><br/>This class is appropriate for all fitness levels."
08b41542-148f-dc81-2f79-116971c543ab,"Bryant Park Author Series: Speculative Fiction","Accessible Activities","Bryant Park","","<p>Catch a glimpse of imaginary worlds at our Speculative Fiction author panel with Clarence A. Haynes, <i>The Broken Hearts Agency</i>; Isabel J. Kim, <i>Sublimation</i>; Caitlin Rozakis, <i>Startup </i>Hell; and Leila Siddiqui, <i>The Glowing Hours.</i></p><p><strong>Clarence A. Haynes</strong>, a native New Yorker, is author of the urban fantasy glam horror novel <i>The Ghosts of Gwendolyn Montgomery</i> and coauthor of actor/producer Omar Epps&#8217;s lauded sci-fi/fantasy series <i>Nubia: The Awakening</i> and <i>The Reckoning</i>. He is also the author of the middle-grade nonfiction work <i>The Legacy of Jim Crow</i>. In addition to working as a freelance editor, Haynes has penned articles for <i>Newsday</i>, <i>LitHub</i>, <i>The Root</i>, and <i>TheGrio</i>, among other publications. He resides in Brooklyn, New York.</p><p><strong>Isabel J. Kim</strong> lives near New York City in an apartment filled with books and swords. She is the author of numerous short stories and has won the Nebula, Locus, BSFA and the Shirley Jackson Awards. Her work has been translated into multiple languages and reprinted in multiple best of the year anthologies. When she&#8217;s not writing, she&#8217;s co-hosting <i>Wow If True</i>, a podcast about internet culture.</p><p><strong>Caitlin Rozakis</strong> is a <i>New York Times </i>best-selling author who writes fantasy with a satirical twist and a cozy heart. Her debut novel <i>Dreadful</i> turned out not to be dreadful at all. Her Everyday Enchantments series include standalones <i>The Grimoire Grammar School Parent Teacher Association</i> and <i>Startup Hell</i>. She lives in Jersey City with her husband and son.</p><p><strong>Leila Siddiqui</strong> is a Chicago-born Texan who calls New York home. She is currently the co-host of <i>Come Play with Us</i>, a spooky storytelling podcast. At this year&#8217;s BookCon, Leila moderated an onstage interview with <i>New York Times</i> bestselling author R. F. Kuang, and she will soon be a featured panelist and author at Pittsburgh Book Festival and Dark Summer Book Fest. She lives with her partner in Queens.</p><p>Hosted by <strong>Lisa Burdige</strong>, writer and influencer. </p><p>Produced in partnership with Rob Cameron, author, educator, and lead organizer for <strong>Brooklyn Speculative Fiction Writers</strong></p>"
72e70a70-fa21-ebac-bbf0-4c81ef997cb3,"Phoenix Community Garden Farm Stand","Gardening","","","<p><a href=""https://www.nycgovparks.org/opportunities/volunteer/group/phoenix-community-garden"">Phoenix Community Garden's</a> <a href=""https://www.nycgovparks.org/cms/admin/events/index.php?&page_request=displayAddEvent"">Farm Stand</a> is open for the season, every Saturday rain or shine until mid-November. Each bag contains local farm fresh fruit, salad greens, the best seasonal vegetables, and aromatics and herbs for flavor. </p><p>There is sliding scale pricing. Cards, tap to pay and EBT are accepted at the register. Learn more and pre-order on the garden's website <a href=""https://www.phoenixcommunitygarden.org/store"">here</a>.</p><p>Pick up at Phoenix Community Garden, 24 Somers Street, between 11:00 a.m. and 3:00 p.m. </p>"
ee2687f1-bd4b-bb2c-90c7-7a5b134d5aab,"Best Special Kids: Horticulture and Art Workshop with Gisselle Ramirez","Family & kids","Bronx Park","","<p>Join Giselle of Best Special Kids for this 1.5-2hr workshop that engages children with disabilities and their families in a sensory-friendly horticulture and art experience. Participants will decorate nursery pots and plant herbs or small vegetables, combining creativity with hands-on learning.</p><p>The workshop is designed to be inclusive and accessible, with adapted materials, visual supports, and flexible participation. Caregivers are encouraged to participate, strengthening family engagement and reinforcing learning at home.</p><p>Through this workshop, participants will build fine motor and creative skills, learn basic gardening practices, and develop confidence in a supportive environment. The session also introduces families to ongoing community-based, nature-centered programming.</p><p>Our goal is to create an inclusive space where children can connect with nature, express themselves, and build meaningful skills while fostering a sense of belonging.</p>"
5424e829-8931-626b-6885-4a4bcc038154,"StoryTime at Bryant Park Reading Room","Family & kids","Bryant Park","","<p>Get ready to sing, clap, and stomp your feet with Cali Co Cat and friends! Our free children's storytime events bring imaginative stories and the magic of live ""Meowsic"" to kids ages 2&#8211;8. </p><p>Produced in partnership with Penguin Random House.<br>*Free books while supply lasts*</p>"
d9789157-dd47-2656-d0c8-e8672f569777,"Adorama In-Person Photo Critique with Seth Miranda and Daniel Norton","Art & galleries","Adorama Event Space","",""
fae762bb-f9f5-e114-e436-97c27de5f807,"Harlem Run: Monday Night Run","Walking","Marcus Garvey Park","","<p>Harlem Run brings free weekly and inclusive pacer-led runs and walks throughout Harlem. Join us for a different route through Harlem, beginning and ending at Marcus Garvey Park. Paces available include 7 min to 12 min, run/walk, and walk groups. Open to all ages and abilities. Bag drop available, though not guaranteed. </p>"
53b49c9b-b835-d49f-03fe-99e114b61590,"Madison Square Park: The Gilded Age, Before, & Beyond","Art & galleries","Madison Square Park","",""
d4c44f2f-cc47-0c33-3155-e57fe22e4a95,"Comedian: Drink & Think","Art & galleries","Soho","",""
af04f44d-3400-db4d-1626-5a4b0a9fb82b,"Yoga","Exercise Classes","Crocheron Park","","Connect with yourself in this Yoga class with Ambeka, a class to be enjoyed by all. Experience a fun and light-hearted, mid-intensity flow that will move you seamlessly from Sun Salutation to a final peak pose. We focus on inversions and breath work to ensure you leave class feeling challenged and balanced. <br/>"
38b5b870-1286-2844-536d-af567758bfe4,"The Toni Cade Bambara School of Organizing: How a Revolutionary Artist Shaped a Movement","Talks & lectures","The People's Forum","",""
37998f0d-8e70-b90d-9a46-0ce9d11e8284,"Cardio Sculpt","Exercise Classes","Queensbridge Park","","This cardio workout consists of functional movement exercises designed to make daily activities easier to perform. Please bring a yoga mat!"
1d6e2cf5-be2d-3dcb-ad13-c872f2b32753,"Wedding Salon NYC July 27","Others","Capitale","","Wedding Showcase of The Year: Monday, July 27th, 2026, from 5:00-830PM, Capitale #block-bec0caa54effd33dc704 { } #block-bec0caa54effd33dc704 .sqs-html-content { } #block-bec0caa54effd33dc704 { mix-blend-mode: var(--tweak-text-block-blend ); border-radius: var(--tweak-text-block-radius); } @media scr"
1fff500d-9671-9dec-bfbb-e13e784e6120,"Shea Butter Grooves","Exercise Classes","","","This multi-genre dance class in celebration of joy across the African diaspora. We&#8217;ll move through the infectious rhythms of the Caribbean, the pulsing energy of Detroit-style house music, the funk and attitude of hip hop, and the feel-good grooves of reggae and R&B. <br/><br/>Come ready to sweat, let loose, and connect with movement that honors the vibrancy and resilience of diaspora culture worldwide. All levels welcome&#8212;just bring an open heart and your energy!"
3581f6f9-d74f-2930-7cbf-82903d7fd9b4,"Art in the Park","Family & kids","Washington Square Park","","<p>Draw! Cut! Paste! Smile! Kids of all ages are invited to join our resident playground best friend Miss Debbie for art-making in the playground.</p>"
db8d6fb7-8da6-2f11-34a3-77dd3eab94ee,"Midtown Fit","Strength Training/Weightlifting","Herald Square","","<p>Join us for a summer of fitness and wellness at Herald Square Park and enjoy FREE high-energy workouts that will make you sweat!</p><p> </p><p><i>No classes July 9, August 6 + 13 </i></p>"
b03bd27a-5cc6-392f-9c67-17ee74253457,"Discover Green-Wood Trolley Tour","","Green-Wood Cemetery","",", Credit: Green-Wood Staff .stk-dbdf7af {margin-right:0px !important;margin-left:0px !important;}.stk-dbdf7af-column{--stk-column-gap:20px !important;} .stk-3429530-container{margin-top:0px !important;margin-right:0px !important;margin-bottom:0px !important;margin-left:0px !important;}.stk-3429530 {margin-top:0px !important;margin-right:0px !important;margin-bottom:0px !important;margin-left:0px !important;}@media screen and (min-width: 768px){.stk-3429530 {flex:var(--stk-flex-grow, 1) 1 calc(66.66699999999999% - var(--stk-column-gap, 0px) * 1 / 2 ) !important;}} .stk-3429530.stk-block-column{n !important}.stk-3429530 n.stk-column-wrapper{nmargin:0px !important;n !important} Hop on board our cozy, warm trolley for an expert-led tour of Green-Wood’s historic landscape and some of the Cemetery’s most intriguing permanent residents. Whether you’re a first-time visitor or a seasoned explorer, this is your chance to experience 478 acres of art, history, and nature. Walk in the footsteps of George Washington and his troops during the Battle of Brooklyn; visit the grave of Jean-Michel Basquiat, one of America’s greatest artists; and discover so much more! .stk-f36ea2a-container{margin-top:0px !important;margin-right:0px !important;margin-bottom:0px !important;margin-left:0px !important;}.stk-f36ea2a {margin-top:0px !important;margin-right:0px !important;margin-bottom:0px !important;margin-left:0px !important;}@media screen and (min-width: 768px){.stk-f36ea2a {flex:var(--stk-flex-grow, 1) 1 calc(33.33300000000001% - var(--stk-column-gap, 0px) * 1 / 2 ) !important;}} .stk-f36ea2a.stk-block-column{n !important}.stk-f36ea2a n.stk-column-wrapper{nmargin:0px !important;n !important} Price: $30, $24 for members .stk-31b7ac4 {margin-bottom:35px !important;} Get Tickets var exampleCallback = function() { console.log('Order complete!'); }; window.EBWidgets.createWidget({ widgetType: 'checkout', eventId: '1980161691925', modal: true, modalTriggerElementId: 'eventbrite-widget-modal-trigger-1980161691925', onOrderComplete: exampleCallback }); Trolley Tour (see details below) Please note that if only 1 ticket shows as available during the purchase process that is the last ticket available. Before Purchasing A Ticket, Please Note: Tickets: There is no need to print tickets! Attendees will be checked in by name. Where To Go: Check-in takes place at the trolley by the Gothic Arch near the Main Entrance at Fifth Avenue and 25th Street (500 25th Street). Accessibility & Safety: The Green-Wood trolley is wheelchair-accessible and ADA compliant. However, please note that some stops where you may get off the trolley are not ADA accessible. Before reserving tickets, we encourage visitors to contact our staff with any questions regarding accommodations and accessibility for trolley tours. In order to accommodate a wheelchair or other mobility aid on the trolley, arrangements must be made in advance. Please call 718-210-3080, ext. 1, or email events@green-wood.com . A Little More About Safety: Unless there is a medical emergency, it may be difficult to exit quickly during the tour. Please consider these limitations before purchasing tickets. This tour is not recommended for children under the age of 10. Refunds: All ticket sales are final. Refunds are only permissible if the tour is canceled by Green-Wood. Tickets cannot be exchanged for a different tour date. Inclement Weather Policy: We monitor weather conditions throughout the day for the best chance of proceeding with the tour, and will not make a final decision until approximately 3 hours before the start of the tour. Cancellations will be announced via Eventbrite email blasts, so check your email and spam folders. Not a Member? Click here for all of our membership levels and information . Already a Member? Click the gray tickets button to activate the Eventbrite pop-up, then click Enter promo code . Type in your ID number and apply your discount. Questions? Don’t know your Member ID number? Not sure which ticket or membership type to order? Call 718-210-3080 or email contactus@green-wood.com with any questions. Add to calendar Google Calendar iCalendar Outlook 365 Outlook Live"
6a4f074f-6bed-d428-b482-e7c9af0ea012,"Running Group","Walking","Van Cortlandt Park","","Runners of all experience levels join an easy-to-follow program of active running/walking intervals that gradually builds to more time running than walking. The program also includes activities for non-running days to maximize performance and recovery. This program is designed for anyone starting their running journey, anyone with a goal to run a 5K and for anyone coming back to running after some time off. The class is led by a running coach who provides guidance, support, and motivation to help achieve the goal. <br/><br/>Running group entrance is on Broadway and 251st Street and will meet by the Tortoise and Hare Statue."
51c97268-35a8-ab79-5c2b-8ef92dfca767,"Van Cortlandt Pool: Lap Swim","Swimming/Aquatics","Van Cortlandt Park","","Take part in a long-distance lap swim competition. To participate in the competition, please speak to an Aquatics Specialist on the pool deck and indicate this on your application. An awards ceremony will be held at the end of August to celebrate the health and fitness achievements of swimmers who complete 25 miles or more. Visit https://www.nycgovparks.org/events/lap-swim to register."
8f489588-b8f6-a98c-fe0e-2a9ca60b1ed9,"Liberty Pool: Lap Swim","Swimming/Aquatics","Detective Keith L Williams Park","","Take part in a long-distance lap swim competition. To participate in the competition, please speak to an Aquatics Specialist on the pool deck and indicate this on your application. An awards ceremony will be held at the end of August to celebrate the health and fitness achievements of swimmers who complete 25 miles or more. Visit https://www.nycgovparks.org/events/lap-swim to register."
af8ce1d6-6d10-f51b-d2c8-9761e9b089f2,"Nature Exploration","Nature Programs","Prospect Park","","Join Prospect Park Alliance Naturalists to discover why Prospect Park is an important place for over 250 species of birds. Through fun games, experiments and citizen science projects, learn why warblers are so wonderful. Featured Activities: Animal Encounter, 11–12 pm: Join Alliance Naturalists to learn about the animals in our collection. Bird Walk Encounter, 12–1 pm: Did you know 25 types of warblers stop by Prospect Park in Spring? Learn how to identify these cute and colorful birds on a walk around the Boathouse."
f0654098-0a6b-4125-85b2-dbed22dbdc57,"Summer Sports Experience: Basketball Seasonal Clinics at Faber Recreation Center","Recreation Center Programming","Faber Pool and Park","","The Summer Sports Experience programs participants receive age-appropriate instruction through organized clinics, skill stations, drills, conditioning, and live game situations led by NYC Parks Staff."
1a74d581-af44-12e8-ba48-3824e7e6189e,"Did the Ivy League Fail America?","Talks & lectures","Fabrik Tribeca","",""
7ab29843-040b-8b9c-c73f-73a965a42dec,"Ponyflo x Tea Pulse ","Others"," TEAPULSE K-Town","","Join PONYFLO and TEAPULSE for an afternoon of sunshine, refreshing lemon tea samples, and summer fun in the heart of K-Town! #block-aace64c87efb6f21ec6e { } #block-aace64c87efb6f21ec6e .sqs-html-content { } #block-aace64c87efb6f21ec6e { mix-blend-mode: var(--tweak-text-block-blend ); border-radius: "
3fcfc0ae-1754-99c5-4b31-67f5abbd5920,"Helmet Fittings & Distribution – Summer Streets: Manhattan","Cycling","Adam Clayton Powell Jr Boulevard between 110th Street and 113th Street","",""
ffea48df-d1e4-b6e8-f7aa-40d7f2129090,"Zumba","Exercise Classes","St. John's Park","","Zumba is a fusion of Latin, International and popular music dance themes creating a dynamic, exciting, effective fitness system! The routines feature aerobic, fitness interval training with a combination of fast and slow rhythms that tone and sculpt the body with easy to follow dance steps."
4a527358-0af4-3bcd-8846-049ae2b1454b,"Session 2: Parent & Tots Learn to Swim Liberty Pool (Class A)","Swimming/Aquatics","Detective Keith L Williams Park","","The Learn to Swim program puts the fun in fundamentals and teaches basic swimming and safety skills. The program offers tots, from 1 1/2 to 5 years old, the opportunity to become comfortable in the water and prepare to learn to swim. Parents/Guardians must accompany tots in the water. Registration for this program takes place by lottery drawing. Visit https://nyc.gov/parks/learntoswim for rules and regulations."
6e147e2a-9c3b-5b17-1245-940178f81d99,"Technopoly: Drink & Think","Food & dining","Soho","",""
ffc101c9-fc48-3c51-f96e-63d5b98527d9,"City Pickle x Suja Organic","Others","City Pickle Times Square ","","Ashley Iaconetti (of the The Bachelor, Real Housewives of Rhode Island) will join Suja Organic at City Pickle Times Square for some fun in the sun to showcase Suja Organic's Loves collection – a line of delicious, better-for-you refreshers with functional ingredients. #block-a96c42bb42caba0654b9 { }"
d412aa09-e177-9b40-402c-e38f0be003b0,"Bodyweight Blast","Exercise Classes","Riverside Park","","Join us for 45 minutes of bodyweight exercises, combining cardio and strength for a full-body workout. This class is high-energy with programming options for all levels!"
66c8c624-972d-743b-a116-2d8412d424d9,"August Project WASTE","Workshops","","","<p>Join us for our upcoming Project WASTE event! This event is part of our hands-on outreach strategy which includes trash collection and assessment.</p>"
1c211b1e-9b5d-ddfd-a837-33e42abebd52,"CANCELED: Yoga","Yoga & Pilates Classes","St. James Park","","This open level class is designed to awaken your mind, body and senses through controlled breathing, simple meditation, and the adoption of specific bodily postures. Please bring a mat and a lock to lock up your bag. The center does not allow anyone to bring their bags to the dance room except: towel, water and phone."
ee3a0227-42ab-20fc-b644-bfcf0576de9e,"Dance Fitness","Exercise Classes","Nostrand Playground","","Dance Fitness is a creative workout that fuses dance and aerobics. The goal is to improve cardio fitness while having fun and getting a full body workout! This class is taught to music with easy-to-follow steps that will surely get your heart pumping!"
27f549ba-bc88-c8ab-04bf-f2d9be2c4881,"Session 2: Parent & Tots Learn to Swim Liberty Pool (Class B)","Swimming/Aquatics","Detective Keith L Williams Park","","The Learn to Swim program puts the fun in fundamentals and teaches basic swimming and safety skills. The program offers tots, from 1 1/2 to 5 years old, the opportunity to become comfortable in the water and prepare to learn to swim. Parents/Guardians must accompany tots in the water. Registration for this program takes place by lottery drawing. Visit https://nyc.gov/parks/learntoswim for rules and regulations."
efb60b24-875f-6b45-3031-3e4c21200eab," Living Well with Eczema","Others","","","Living Well with Eczema is a FREE community educational program presented by the National Eczema Association, coming to NYC on 8/1 at the New York Academy of Medicine. #block-8b23049a81530780489d { } #block-8b23049a81530780489d .sqs-html-content { } #block-8b23049a81530780489d { mix-blend-mode: var("
58032615-cb7a-edf8-21d7-dc82ad983116,"Doug E. Fresh & Funk Flex Second Annual Hip-Hop Appreciation Park Jam","Live Music","Bronx","","“Human beatbox” Doug E. Fresh is one of the pivotal figures of hip-hop, who can accurately imitate drum machines and effects with just his mouth and a microphone. His early collaborations with Slick Rick — ”The Show” and “La Di Da Di” — are among the genre’s foundational hits. Funk Flex is more than just a DJ. He’s a hip-hop institution, a radio and club mainstay who has helped some of New York’s biggest artists and hits break out and continues to keep his finger on the pulse of hip-hop and R&B. These SummerStage alums are back with an old-school park jam reminiscent of hip-hop’s humble and joyous beginnings, celebrating the art form in which they’ve invested their lives, in the borough in which it was born. Live graffiti will be done on-site by James Top, Kingbee & BG 183."
3340153c-727f-d094-4d40-6ecd47b9e36a,"Writers Workshop at Bryant Park Reading Room","Accessible Activities","Bryant Park","","<p>Fiction is a conjuring act. The writer builds a bridge of words for the reader&#8217;s imagination to cross&#8212;a tricky collaboration, to be sure. Join us for a free workshop with Gotham Fiction instructor Susan Breen to get some grounded craft advice and work on your stories. Nothing beats playing make-believe on the page in the heart of summertime New York City.</p><p><strong>About the instructor</strong><br>Susan Breen is the author of the novels <i>Merry</i> (Alcove Press), <i>The Fiction Class</i> (Plume/Headline Review UK), and the Maggie Dove mystery series (originally published by Penguin Random House/Alibi and rereleased by Under the Oak Press). Her short stories have appeared in <i>American Literary Review</i>, the <i>Chattahoochee Review</i>, <i>Alfred Hitchcock Mystery Magazine</i>, and <i>Ellery Queen&#8217;s Mystery Magazine</i>, as well as the anthologies <i>Best American Nonrequired Reading</i> and <i>Murder Most Diabolical</i>, and she has won the Margery Allingham Short Mystery Competition. She holds a BA from the University of Rochester and an MA in Economics from Columbia University.</p>"
2b97d7a4-52b5-4356-3a89-b2693785edd1,"'Pemi Aguda Presents One Leg on Earth, Featuring Lena Valencia","Books & readings","P&T Knitwear","",""
1252563b-b1cc-eca6-9372-0f7459da4ee0,"Session 2: Liberty Pool - Children's Learn to Swim Level 1 (Class B)","Family & kids","Detective Keith L Williams Park","","Through our Learn to Swim program, your children will put the 'fun' in fundamentals and learn basic swimming and safety skills! During this two-week outdoor program, our Aquatic Specialists will teach your children (ages 6 to 17 years old) basic swimming skills, and how to stay safe around the water. Registration for this program takes place by lottery drawing. Visit https://nyc.gov/parks/learntoswim for rules and regulations."
28f8d9e6-004c-1798-0222-23374ebb06b3,"Session 2: Liberty Pool - Children's Learn to Swim Level 2 (Class D)","Family & kids","Detective Keith L Williams Park","","Through our Learn to Swim program, your children will put the 'fun' in fundamentals and learn basic swimming and safety skills! During this two-week outdoor program, our Aquatic Specialists will teach your children (ages 6 to 17 years old) basic swimming skills, and how to stay safe around the water. Registration for this program takes place by lottery drawing. Visit https://nyc.gov/parks/learntoswim for rules and regulations."
264cc9b8-4cba-cad5-dbf4-c3b3f7dcae2b,"Session 2: Liberty Pool - Children's Learn to Swim Level 2 (Class B)","Family & kids","Detective Keith L Williams Park","","Through our Learn to Swim program, your children will put the 'fun' in fundamentals and learn basic swimming and safety skills! During this two-week outdoor program, our Aquatic Specialists will teach your children (ages 6 to 17 years old) basic swimming skills, and how to stay safe around the water. Registration for this program takes place by lottery drawing. Visit https://nyc.gov/parks/learntoswim for rules and regulations."
bae822de-cd56-f2f8-de93-7b80ceecbf4c,"Session 2: Crotona Pool - Children's Learn to Swim Level 2 (Class D)","Family & kids","Crotona Park","","Through our Learn to Swim program, your children will put the 'fun' in fundamentals and learn basic swimming and safety skills! During this two-week outdoor program, our Aquatic Specialists will teach your children (ages 6 to 17 years old) basic swimming skills, and how to stay safe around the water. Registration for this program takes place by lottery drawing. Visit https://nyc.gov/parks/learntoswim for rules and regulations."
f23a1623-9286-07a6-3bc4-fa5aff087ad2,"Hot Dog: The Second Serving in Times Square","Others","","","Two years after its initial staging, the world’s largest hot dog (sculpture) returns to Times Square on the occasion of the nation’s semiquincentennial to offer a renewed grandiose portrait of the United States at 250. #block-7cb43fda029debf8e92c { } #block-7cb43fda029debf8e92c .sqs-html-content { }"
3b611419-3620-074b-ee66-cf17f8939086,"Session 2: Crotona Pool - Children's Learn to Swim Level 1 (Class C)","Family & kids","Crotona Park","","Through our Learn to Swim program, your children will put the 'fun' in fundamentals and learn basic swimming and safety skills! During this two-week outdoor program, our Aquatic Specialists will teach your children (ages 6 to 17 years old) basic swimming skills, and how to stay safe around the water. Registration for this program takes place by lottery drawing. Visit https://nyc.gov/parks/learntoswim for rules and regulations."
d821f9b4-9415-142f-8d5f-2fc0da04f0d5,"Dance Fitness Energize","Exercise Classes","","","This 45-minute dance fitness class is about dancing your way toward an active lifestyle! Come and learn some fun and creative choreography for a full-body workout while enjoying a mix of upbeat music. All levels of fitness are welcome!"
f5485727-1800-531e-2154-e3d595deedf3,"Zumba","Exercise Classes","Highbridge Park","","Zumba is a fusion of Latin, International and popular music dance themes creating a dynamic, exciting, effective fitness system! The routines feature aerobic, fitness interval training with a combination of fast and slow rhythms that tone and sculpt the body with easy to follow dance steps. <br/>"
a5b0964d-11cd-4522-7f04-1860f2933b21,"Session 2: Liberty Pool - Children's Learn to Swim Level 2 (Class C)","Family & kids","Detective Keith L Williams Park","","Through our Learn to Swim program, your children will put the 'fun' in fundamentals and learn basic swimming and safety skills! During this two-week outdoor program, our Aquatic Specialists will teach your children (ages 6 to 17 years old) basic swimming skills, and how to stay safe around the water. Registration for this program takes place by lottery drawing. Visit https://nyc.gov/parks/learntoswim for rules and regulations."
d6ebfa7b-f870-942f-6329-753599fc5552,"Dance Fusion","Exercise Classes","Julio Carballo Fields","","This unique class is all about discovering your personal movement. Exercises will include verbal <br/>and non-verbal cues, and are designed for any fitness level. Come explore the range of <br/>choreography, there&#8217;s something for everyone! In this class, we will be driven by movement, <br/>music, and connection. Come try this exciting exercise class!"
4cac9a30-72ac-af1a-288c-07f54ae4efa7,"Red Hook Pool: Lap Swim","Swimming/Aquatics","Red Hook Recreation Area","","Take part in a long-distance lap swim competition. To participate in the competition, please speak to an Aquatics Specialist on the pool deck and indicate this on your application. An awards ceremony will be held at the end of August to celebrate the health and fitness achievements of swimmers who complete 25 miles or more. Visit https://www.nycgovparks.org/events/lap-swim to register."
859bc2c5-52fc-ea72-43b1-4a9765d5a04e,"Lectures on Tap - Feminist Philosophies of The Handmaid’s Tale","Books & readings","Midtown Manhattan - Location provided upon registration.","",""
4747b797-5d05-e89a-4b7a-ff85abca7a1d,"McCarren Pool: Lap Swim","Swimming/Aquatics","McCarren Park","","Take part in a long-distance lap swim competition. To participate in the competition, please speak to an Aquatics Specialist on the pool deck and indicate this on your application. An awards ceremony will be held at the end of August to celebrate the health and fitness achievements of swimmers who complete 25 miles or more. Visit https://www.nycgovparks.org/events/lap-swim to register."
bc43ef4c-7099-0902-83db-87f3a0137de3,"Conditioning","Running & fitness","Pier 25, Hudson River Park","Pier 25","Take a free Conditioning fitness class led by PureGym coaches Mondays at 6:30 PM at Pier 25, part of HRPK's Healthy on the Hudson series."
882bacfd-cca4-541a-41e5-756d70d05e06,"Visual Medicine: Photographs of Love + Joy in Prospect Park","","Prospect Park","","Join Prospect Park Alliance and acclaimed photographer Jamel Shabazz for a free outdoor exhibit on the historic tollbooth at Lefferts Historic House. This selection of photographs taken by Shabazz in Prospect Park reminds us to find joy wherever we can. For Shabazz, love is the message. Shabazz has spent over 40 years documenting life in Brooklyn and recently published Prospect Park: Photographs of a Brooklyn Oasis, 1980-2025 . Known for his iconic NYC street photography documenting the city’s African American community, Jamel Shabazz first gained widespread acclaim with his books Back in the Days and A Time Before Crack, renowned for their vivid portrayal of 1980s style and culture. However, long before his fame as a photographer, Shabazz served in the military and as a corrections officer for twenty years. After long days at work, he often sought refuge in Brooklyn’s Prospect Park, describing it as a place to find inner peace—and, since 1980, he has continued capturing its vibrant spirit. This collection features his signature portraits of locals, from Afro-Caribbean percussionists at Drummer’s Grove to multicultural families enjoying moments of quiet reflection. This exhibit is part of Prospect Park Alliance’s ReImagine Lefferts initiative, which is transforming the museum to explore the legacies of resistance and resilience of the Indigenous people of Lenapehoking, whose unceded ancestral lands the park and house rests upon, and Africans who were enslaved by the Lefferts family. Learn more about Lefferts Historic House museum."
82eb38ca-e25f-346d-fe06-bc45bf2bd53e,"Art Meets Books","Family & kids","Washington Square Park","","<p>Join local artist and educator Taejung Kim from the Portable Museum Project in collaboration with our friends from <a href=""https://www.nypl.org/locations/hudson-park"">The New York Public Library&#8217;s Hudson branch</a>. Designed for elementary to middle school ages, literature meets art at this interactive program.</p>"
9cf6afb7-6737-16c2-683f-f0988ad19ffa,"Greenmarket at Grand Army Plaza","Wellness","Prospect Park","","At what other market can you do all your food shopping, sample local wine and explore Brooklyn’s favorite park? Established in 1989, the Grand Army Plaza greenmarket is the flagship Brooklyn market. EBT/Food Stamps and WIC & Senior FMNP coupons accepted year-round. For a full calendar of events and a list of sellers, visit the GrowNYC website. Learn about all Nutrition Benefit Programs accepted at GrowNYC Markets."
ec165d07-35f5-525e-f8c2-a787befb331f,"Martials Classes at Bryant Park","Martial Arts","Bryant Park","","<p>Train in the heart of Manhattan with our martial arts classes at Bryant Park. Open to all experience levels, these high-energy sessions combine Boxing, Muay Thai, and Kickboxing to help you build strength, sharpen technique, and boost confidence, all in a supportive, welcoming environment.</p><p>Whether you&#8217;re looking to learn the fundamentals, improve your fitness, or challenge yourself with something new, our instructors will guide you every step of the way. Expect a dynamic mix of drills, conditioning, and technique. No experience is required.</p><p> Bring your energy, invite a friend, and discover what you&#8217;re capable of. Registration is required, walk ins are welcome to register when they arrive!</p><p> </p><p>Photo Credit: Angelito Jusay</p>"
86449a20-2b9e-4e60-5f65-8b346a4b6046,"Uplifted Dance Fitness","Exercise Classes","Sorrentino Recreation Center","","Uplift your spirit with this dance fitness class! Come and enjoy an array of upbeat music featuring gospel. This class is a fusion of motivation, inspiration, fitness, and fun. Move your body, relax your mind, enjoy the community, and lift your spirit!"
ac2ce9d4-4fbd-4e25-b38b-cbd07c6b925a,"Claremont Pool: Lap Swim","Swimming/Aquatics","Claremont Park","","Take part in a long-distance lap swim competition. To participate in the competition, please speak to an Aquatics Specialist on the pool deck and indicate this on your application. An awards ceremony will be held at the end of August to celebrate the health and fitness achievements of swimmers who complete 25 miles or more. Visit https://www.nycgovparks.org/events/lap-swim to register."
169933dc-94af-8cae-ea77-e20da0cf9c0d,"Public Gallery Tour","Art","Wave Hill","","<p>Solo and group exhibitions at Glyndor Gallery explore the dynamic relationships between nature, culture, and site. When exhibitions are on view in the spring, summer, and fall, Gallery Greeters lead public exhibition tours on Thursdays and Saturdays at 2PM. Visitors can expect an in-depth look at artworks on view in Glyndor Gallery and in the Sunroom Project Space, showcasing the work of both emerging and established artists in the unique context of a public garden. </p><p>Each tour lasts approximately 45 minutes. Drop-in event; no registration required. Today&#8217;s tour features current exhibitions. </p><p>Questions? Please email us at information@wavehill.org or call 718.549.3200 x251. </p><p><i>Glyndor Gallery is wheelchair-accessible. There is an accessible, ground-level entrance at the front of the building with an elevator that provides access to the gallery level. The Sunroom Project Space can be accessed with an ADA-compliant ramp. The restroom on the gallery level is all-gender and ADA-compliant. </i></p>"
be81b0a6-603f-8c7f-59f6-45f974df2afa,"Total Body Fitness","Exercise Classes","St. John's Park","","This fun low-impact full-body workout includes cardio, strength and balance exercises to improve your overall fitness."
a2c66b92-0f8f-e4ab-0430-1951d8032f8d,"Cardio Dance","Exercise Classes","Jackie Robinson Park","","This creative and fun workout fuses dance and aerobics to improve cardio fitness and tone the body. <br/><br/>Participants must sign in at the front desk and bring locks to lock up their bags. The center does not allow anyone to bring their bags to the dance room except: towel, water and phone."
44a4ddef-8389-0eb6-5ba2-17f5ee310ab3,"Chair Yoga","Exercise Classes","John J Carty Park","","Connect with yourself in Chair Yoga, a class to be enjoyed by all- but designed for those who prefer to be seated. Experience a fun and light-hearted class that provides a seated flow. The goal is to raise your heart rate, challenge all muscle groups and improve balance while remaining seated with minimal impact on joints. Enjoy breath work to ensure you leave class feeling challenged and balanced!"
2a09bb5f-3b5f-0372-e461-7ba7872138ea,"Session 2: McCarren Pool - Children's Learn to Swim Level 2 (Class B)","Family & kids","McCarren Park","","Through our Learn to Swim program, your children will put the 'fun' in fundamentals and learn basic swimming and safety skills! During this two-week outdoor program, our Aquatic Specialists will teach your children (ages 6 to 17 years old) basic swimming skills, and how to stay safe around the water. Registration for this program takes place by lottery drawing. Visit https://nyc.gov/parks/learntoswim for rules and regulations."
6bfa8d0b-f422-f567-4b5d-5a0eed2c9d7b,"RETRO Dance Fitness","Exercise Classes","Gertrude Ederle Recreation Center","","Come dance to classic pop tunes: Top 40, Disco, Electronic and more! This class is 45 minutes of peppy beats to enhance your cardio conditioning. A low-impact and fun workout; it is open to any fitness level. Let's dance away blue Monday!"
70dbeceb-22af-228a-9ba4-3519e0fd7bb9,"Session 2: McCarren Pool - Children's Learn to Swim Level 2 (Class C)","Family & kids","McCarren Park","","Through our Learn to Swim program, your children will put the 'fun' in fundamentals and learn basic swimming and safety skills! During this two-week outdoor program, our Aquatic Specialists will teach your children (ages 6 to 17 years old) basic swimming skills, and how to stay safe around the water. Registration for this program takes place by lottery drawing. Visit https://nyc.gov/parks/learntoswim for rules and regulations."
38a15b49-b06a-2ac4-d324-8d0ac303d424,"Session 2: Kosciuszko Pool - Children's Learn to Swim Level 1 (Class D)","Family & kids","Kosciuszko Pool","","Through our Learn to Swim program, your children will put the 'fun' in fundamentals and learn basic swimming and safety skills! During this two-week outdoor program, our Aquatic Specialists will teach your children (ages 6 to 17 years old) basic swimming skills, and how to stay safe around the water. Registration for this program takes place by lottery drawing. Visit https://nyc.gov/parks/learntoswim for rules and regulations."
442da0d4-effd-c0c3-6983-75cd9e6eb392,"Session 2: Kosciuszko Pool - Children's Learn to Swim Level 2 (Class A)","Family & kids","Kosciuszko Pool","","Through our Learn to Swim program, your children will put the 'fun' in fundamentals and learn basic swimming and safety skills! During this two-week outdoor program, our Aquatic Specialists will teach your children (ages 6 to 17 years old) basic swimming skills, and how to stay safe around the water. Registration for this program takes place by lottery drawing. Visit https://nyc.gov/parks/learntoswim for rules and regulations."
cab4a6b5-6a48-0f83-ebb7-37a9d44caa3d,"Hatha Flow","Yoga & Pilates Classes","St. John's Park","","The alignment-based hatha class invites you to slow down and reconnect with your breath and body through mindful movement. Together we&#8217;ll explore accessible postures, mobility, and body awareness in a supportive environment designed for all levels. Please bring a mat. <br/><br/>Participants must sign in at the front desk and bring locks to lock up their bags. The center does not allow anyone to bring their bags to the dance room except: towel, water and phone."
73f092f9-e8f1-d850-f5de-ba4478708f39,"Zumba","Exercise Classes","Thomas Jefferson Park","","Zumba is a fusion of Latin, International and popular music dance themes creating a dynamic, exciting, effective fitness system! The routines feature aerobic fitness interval training with a combination of fast and slow rhythms that challenge both the heart and muscles. With fun music and easy-to-follow steps, you can&#8217;t go wrong! <br/>"
4528cb60-76b5-9efb-eafc-382e6924ca27,"Lectures on Tap - The Radical New Yorker Who Put Women’s Art on the Map","Art & galleries","Prospect Park South (Location TBA)","",""
544fc843-53df-7db0-8839-7a80ded04154,"Session 2: Kosciuszko Pool - Children's Learn to Swim Level 2 (Class B)","Family & kids","Kosciuszko Pool","","Through our Learn to Swim program, your children will put the 'fun' in fundamentals and learn basic swimming and safety skills! During this two-week outdoor program, our Aquatic Specialists will teach your children (ages 6 to 17 years old) basic swimming skills, and how to stay safe around the water. Registration for this program takes place by lottery drawing. Visit https://nyc.gov/parks/learntoswim for rules and regulations."
c8f6a9b3-116c-e1cd-d014-73dd1cd091cd,"Hamilton Fish Pool: Lap Swim","Swimming/Aquatics","Hamilton Fish Park","","Take part in a long-distance lap swim competition. To participate in the competition, please speak to an Aquatics Specialist on the pool deck and indicate this on your application. An awards ceremony will be held at the end of August to celebrate the health and fitness achievements of swimmers who complete 25 miles or more. Visit https://www.nycgovparks.org/events/lap-swim to register."
f773ba7b-6c60-5189-c8dd-dbca324da0c3,"Session 2: McCarren Pool - Children's Learn to Swim Level 1 (Class E)","Family & kids","McCarren Park","","Through our Learn to Swim program, your children will put the 'fun' in fundamentals and learn basic swimming and safety skills! During this two-week outdoor program, our Aquatic Specialists will teach your children (ages 6 to 17 years old) basic swimming skills, and how to stay safe around the water. Registration for this program takes place by lottery drawing. Visit https://nyc.gov/parks/learntoswim for rules and regulations."
42d20d07-00a5-aa6f-b785-114cceb4cfbb,"CANCELED: Cardio Circuit Blast","Exercise Classes","Thomas Jefferson Park","","This high-energy total body workout will keep you moving with challenging yet fun bodyweight circuits. Cardio Circuit Blast is a heart-pumping, high-intensity class that is open to all levels and the perfect way to increase your overall endurance! <br/><br/>Participants must bring locks to lock up their bags. The center does not allow anyone to bring their bags to the dance room except: towel, water and phone."
b2705840-eb1b-6d39-0e4f-34f883b3dcb9,"Dance Fitness Beats","Exercise Classes","","","This 45-minute Dance Fitness class is not just a great workout, but a great time as well! Come learn fun choreography to a vibrant mix of hip hop, reggaeton, soca, and Top 40 hits. If you're ready to let loose, sweat, and improve your cardiovascular health- join in!"
2c3b5c71-5201-8788-3185-908af28bd6e0,"Session 2: Kosciuszko Pool - Children's Learn to Swim Level 1 (Class C)","Family & kids","Kosciuszko Pool","","Through our Learn to Swim program, your children will put the 'fun' in fundamentals and learn basic swimming and safety skills! During this two-week outdoor program, our Aquatic Specialists will teach your children (ages 6 to 17 years old) basic swimming skills, and how to stay safe around the water. Registration for this program takes place by lottery drawing. Visit https://nyc.gov/parks/learntoswim for rules and regulations."
8cf60f18-908e-3780-c7dd-4260c68ae292,"Zumba","Exercise Classes","Blood Root Valley","","Zumba is a fusion of Latin, International and popular music dance themes creating a dynamic, exciting, effective fitness system! The routines feature aerobic, fitness interval training with a combination of fast and slow rhythms that tone and sculpt the body with easy to follow dance steps."
1f7bb5a4-8078-1c48-9a53-ed086d1458a8,"Session 2: McCarren Pool - Parent and Tots Learn to Swim (Class B)","Swimming/Aquatics","McCarren Park","","The Learn to Swim program puts the fun in fundamentals and teaches basic swimming and safety skills. The program offers tots, from 1 1/2 to 5 years old, the opportunity to become comfortable in the water and prepare to learn to swim. Parents/Guardians must accompany tots in the water. Registration for this program takes place by lottery drawing. Visit https://nyc.gov/parks/learntoswim for rules and regulations."
66a25824-bdb1-8828-e172-d22787a529c4,"Session 2: Kosciuszko Pool - Children's Learn to Swim Level 1 (Class E)","Family & kids","Kosciuszko Pool","","Through our Learn to Swim program, your children will put the 'fun' in fundamentals and learn basic swimming and safety skills! During this two-week outdoor program, our Aquatic Specialists will teach your children (ages 6 to 17 years old) basic swimming skills, and how to stay safe around the water. Registration for this program takes place by lottery drawing. Visit https://nyc.gov/parks/learntoswim for rules and regulations."
b3f019d3-2d35-96b6-c51e-9e099d03c1fb,"Session 2: Van Cortlandt Pool - Parent and Tots Learn to Swim (Class B)","Swimming/Aquatics","Van Cortlandt Park","","The Learn to Swim program puts the fun in fundamentals and teaches basic swimming and safety skills. The program offers tots, from 1 1/2 to 5 years old, the opportunity to become comfortable in the water and prepare to learn to swim. Parents/Guardians must accompany tots in the water. Registration for this program takes place by lottery drawing. Visit https://nyc.gov/parks/learntoswim for rules and regulations."
8d55d0c3-1eff-089a-f525-21e3228215f1,"Session 2: Van Cortlandt Pool - Parent and Tots Learn to Swim (Class A)","Swimming/Aquatics","Van Cortlandt Park","","The Learn to Swim program puts the fun in fundamentals and teaches basic swimming and safety skills. The program offers tots, from 1 1/2 to 5 years old, the opportunity to become comfortable in the water and prepare to learn to swim. Parents/Guardians must accompany tots in the water. Registration for this program takes place by lottery drawing. Visit https://nyc.gov/parks/learntoswim for rules and regulations."
4fa28fa4-3be4-b56a-5561-919d71a393f1,"Circus Arts in Herald Square Park","Workshops","Herald Square","","<p>Try silk fan dancing, hoop tricks, contact juggling, plate spinning, and more! Our instructors can give you one-on-one guidance in a variety of flow and circus arts skills, or just drop by, pick up a prop, and have fun! All skill levels are welcome.</p>"
ec88a0d5-6181-ad2a-8c74-be443d860a8f,"Session 2: McCarren Pool - Parent and Tots Learn to Swim (Class A)","Swimming/Aquatics","McCarren Park","","The Learn to Swim program puts the fun in fundamentals and teaches basic swimming and safety skills. The program offers tots, from 1 1/2 to 5 years old, the opportunity to become comfortable in the water and prepare to learn to swim. Parents/Guardians must accompany tots in the water. Registration for this program takes place by lottery drawing. Visit https://nyc.gov/parks/learntoswim for rules and regulations."
e9422506-4503-3137-9de9-8f25de881dfc,"Canceled | Sexual Health Mobile Medical Unit","Wellness","Prospect Park","","Please note that the Sexual Health Mobile Medical Unit is canceled. Thank you for your understanding. Prospect Park Alliance is collaborating with NewYork-Presbyterian to offer comprehensive sexual health services in Brooklyn’s backyard at Grand Army Plaza every Thursday from 10 am to 3 pm and every Monday at the Parkside + Ocean Avenue Entrance from 10 am to 3 pm. The NewYork-Presbyterian Sexual Health Mobile Medical Unit is a safe, inclusive space for people to receive high-quality sexual health services. Learn more about the Sexual Health Mobile Medical Unit in Prospect Park or reach out to us at mobilehealth@nyp.org or (929) 923-3543. No insurance or ID is required to receive care. Staffed by a team of NewYork-Presbyterian healthcare providers, the mobile medical unit has an exam room and consult room, and offers routine laboratory testing, vaccinations, and PrEP and PEP medications that lower the risk of HIV infection. Patients can also be connected to social services, benefits enrollment, and local healthcare providers. Other services include sexually transmitted infection (STI) testing, family planning, hepatitis C screening, health education and more. Learn more about the Sexual Health Mobile Medical Unit in Prospect Park or reach out to us at mobilehealth@nyp.org. No insurance or ID is required to receive care. The Sexual Health Mobile Medical Unit is made possible through funding from the Dalio Center for Health Justice and the Division of Community and Population Health at NewYork-Presbyterian, and a grant from the Centers for Disease Control and Prevention."
6ffceaeb-45c1-ecba-ab8d-200351109f0f,"Soca Sweat Dance Fitness","Exercise Classes","","","This Dance Fitness class will not only provide you with a full body workout- but with fun as well! Soca Sweat will invigorate and refresh the mind, body and soul. Enjoy the music, move your body to choreography, and sweat it out!"
c69287f6-91d3-a368-5712-bc4c6e3e4534,"Session 2: Hamilton Fish Pool - Children's Learn to Swim Level 1 (Class D)","Family & kids","Hamilton Fish Park","","Through our Learn to Swim program, your children will put the 'fun' in fundamentals and learn basic swimming and safety skills! During this two-week outdoor program, our Aquatic Specialists will teach your children (ages 6 to 17 years old) basic swimming skills, and how to stay safe around the water. Registration for this program takes place by lottery drawing. Visit https://nyc.gov/parks/learntoswim for rules and regulations."
49e1a55d-cb0d-8484-a760-8eb088222ba0,"Samantha Paige Rosen: Living, Together w/ Alex Alberto, Sarah Thankam Mathews, & Mia Arias Tsang","Books & readings","Books Are Magic","Brooklyn Heights",""
7954c2ff-1994-35a2-8ba0-59bbdab08868,"Kosciuszko Pool: Lap Swim","Swimming/Aquatics","Kosciuszko Pool","","Take part in a long-distance lap swim competition. To participate in the competition, please speak to an Aquatics Specialist on the pool deck and indicate this on your application. An awards ceremony will be held at the end of August to celebrate the health and fitness achievements of swimmers who complete 25 miles or more. Visit https://www.nycgovparks.org/events/lap-swim to register."
5218e39b-275c-0230-3798-698b99781935,"Hula Hoop Aerobics","Exercise Classes","Marcus Garvey Park","","his creative and fun workout fuses high-energy dance aerobics with hula hoops! Hoops are available for loaning. Participants must bring waist belts (waist trainers). Participants must bring locks to lock up their bags. Center does not allow anyone to bring their bags to the dance room except; towel, water and phone."
0278f5a9-b49f-1952-fd43-318b6e499627,"Session 2: Hamilton Fish Pool - Children's Learn to Swim Level 2 (Class A)","Family & kids","Hamilton Fish Park","","Through our Learn to Swim program, your children will put the 'fun' in fundamentals and learn basic swimming and safety skills! During this two-week outdoor program, our Aquatic Specialists will teach your children (ages 6 to 17 years old) basic swimming skills, and how to stay safe around the water. Registration for this program takes place by lottery drawing. Visit https://nyc.gov/parks/learntoswim for rules and regulations."
12b27e9c-3df8-f9cf-1c1c-a02fc65790a7,"Session 2: Hamilton Fish Pool - Children's Learn to Swim Level 2 (Class B)","Family & kids","Hamilton Fish Park","","Through our Learn to Swim program, your children will put the 'fun' in fundamentals and learn basic swimming and safety skills! During this two-week outdoor program, our Aquatic Specialists will teach your children (ages 6 to 17 years old) basic swimming skills, and how to stay safe around the water. Registration for this program takes place by lottery drawing. Visit https://nyc.gov/parks/learntoswim for rules and regulations."
4104708b-a1c4-b962-8988-94934d7c6e71,"Annie Jacobsen with Elliot Ackerman: Nuclear War Scenarios","Books & readings","The 92nd Street Y, New York","",""
7a312648-30b6-c455-852b-218e309e5c0e,"Exhibit: Black People and the Battle of Brooklyn","Lefferts Historic House","Prospect Park","","Join Prospect Park Alliance to learn about the important and varied roles Black people played in the Revolutionary War’s Battle of Brooklyn in August 1776, the first and largest battle of the American War for Independence. They served as soldiers and spies on both sides, built American forts, maintained the British ships, and seized the conflict to better their lives. This pop-up exhibit in the yard of Lefferts Historic House explores this complex history by illustrating the different ways Black people related to the conflict, but also their shared struggles and goals. Come learn how the Africans enslaved by the Lefferts family and their neighbors and counterparts navigated the American War for Independence, including fighting at Battle Pass in what is now Prospect Park. Explore the full slate of America 250 events."
6c188e7e-4a29-ac46-7f16-f9abf7ea7ec8,"Isshiki x GU Fall/Winter 26 Collection Launch ","Others","GU Soho","","In celebration of GU's Fall/Winter 26 collection launch with the newly appointed Creative Director, Francesco Risso, GU will host a special store promotion with Isshiki Matcha. #block-aa0bf1570eaf4436270e { } #block-aa0bf1570eaf4436270e .sqs-html-content { } #block-aa0bf1570eaf4436270e { mix-blend-m"
58ada665-4b53-a06d-dc21-c26122f461ab,"Basketball Clinic at Highbridge Recreation Center (Ages: 5 to 7)","Basketball/Netball","Highbridge Park","","This Instructional basketball clinic will provide an opportunity for youth, regardless of skill to have a positive basketball experience followed by league play. Participants will have the opportunity to learn and practice the fundamentals of Basketball and advance their basketball skills through a series of drills. This specific clinic for youth ages 5 and 7."
309d8c9e-d60f-d153-a901-f27c2c43e21c,"Session 2: Hamilton Fish Pool - Children's Learn to Swim Level 1 (Class C)","Family & kids","Hamilton Fish Park","","Through our Learn to Swim program, your children will put the 'fun' in fundamentals and learn basic swimming and safety skills! During this two-week outdoor program, our Aquatic Specialists will teach your children (ages 6 to 17 years old) basic swimming skills, and how to stay safe around the water. Registration for this program takes place by lottery drawing. Visit https://nyc.gov/parks/learntoswim for rules and regulations."
ffcb7494-7903-4efc-5a3e-e3cff475e674,"Basketball Clinic at Highbridge Recreation Center (Ages: 8 to 12)","Basketball/Netball","Highbridge Park","","This Instructional basketball clinic will provide an opportunity for youth, regardless of skill to have a positive basketball experience followed by league play. Participants will have the opportunity to learn and practice the fundamentals of Basketball and advance their basketball skills through a series of drills. This specific clinic for youth ages 8 and 12."
23c89b97-43b6-aae3-7cb8-840e41c7922a,"The History of the Brooklyn Bridge & Guided Walk - July 28","Museums","Granite Prospect, Brooklyn Bridge Park","Brooklyn Bridge Park","Join us to learn the fascinating story of the Roebling family and the engineering behind it. Immerse yourself in the..."
91cd1c40-7665-aeb4-5029-570a1bccd777,"Spies of the American Revolution","Museums","Manhattan Municipal Building","",""
ce3da0a6-30c0-ab86-ab3d-43c8609d9bf2,"CANCELED: Built To Move Circuit Training","Exercise Classes","","","Built To Move is a full-body circuit training class that focuses on building strength and endurance while improving your mobility and stability. Whether you&#8217;re just getting started or a seasoned practitioner, we meet you where you are. No equipment, no limits. Just hard work and good vibes!"
a8db2c6c-4fe1-0b53-bc54-e765ebb34360,"Chair Yoga","Yoga & Pilates Classes","","","This uplifting seated flow is designed to get you moving and feeling energized&#8212;without stressing your joints. Using gentle, rhythmic movements, we&#8217;ll raise your heart rate, improve balance, and build strength. Perfect for all fitness levels, especially those seeking a low-impact workout that supports mobility and confidence."
09fe62a9-27d8-c70e-2574-3ecd179d7e14,"Lectures on Tap - ""A History of Pilates: Prison, Freedom, Control""","Museums","Midtown Manhattan (LOCATION TBA)","",""
64b82a3a-6164-1f91-7b49-084a2bf59eed,"Session 2: Hamilton Fish Pool - Children's Learn to Swim Level 1 (Class E)","Family & kids","Hamilton Fish Park","","Through our Learn to Swim program, your children will put the 'fun' in fundamentals and learn basic swimming and safety skills! During this two-week outdoor program, our Aquatic Specialists will teach your children (ages 6 to 17 years old) basic swimming skills, and how to stay safe around the water. Registration for this program takes place by lottery drawing. Visit https://nyc.gov/parks/learntoswim for rules and regulations."
d3d7624d-a828-3140-0a60-375361181d22,"IronStrength","Others","","","Join for an EPIC series of FREE fitness events all around New York City! The 15th year of IronStrength classes are a mix of every kind of thing, in every kind of place! #block-e0501beae72d782420e0 { } #block-e0501beae72d782420e0 .sqs-html-content { } #block-e0501beae72d782420e0 { mix-blend-mode: var"
4774c311-a1d1-3e7a-6b80-2c532c6aeaaa,"Latin Dance Fitness","Exercise Classes","","","Come join us as we dance to a mix of salsa, bachata, merengue, 80&#8217;s and 90&#8217;s music. All are welcome! <br/><br/>Please arrive 15 minutes early to complete a ONE-TIME Beacon Membership Form before you attend your first class. <br/><br/>Ven a unirte a nosotros mientras bailamos una mezcla de salsa, bachata, merengue, m&#250;sica de los a&#241;os 80 y 90. Todos son bienvenidos <br/><br/>Por favor llegue 15 minutos antes para completar un Formulario de Membres&#237;a Beacon &#218;NICO antes de asistir a su primera clase."
4028d85b-cb75-b1a6-1347-b3938be03f66,"From Walls to Wings: A Ride Through Forts, Fields & Time","Cycling","Bike New York’s Education Center at Ft. Wadsworth, SI","",""
b8936d27-9f23-4e63-4d08-cf29566d6bbf,"Session 2: Lyons Pool - Children's Learn to Swim Level 2 (Class A)","Family & kids","Lyons Pool","","Through our Learn to Swim program, your children will put the 'fun' in fundamentals and learn basic swimming and safety skills! During this two-week outdoor program, our Aquatic Specialists will teach your children (ages 6 to 17 years old) basic swimming skills, and how to stay safe around the water. Registration for this program takes place by lottery drawing. Visit https://nyc.gov/parks/learntoswim for rules and regulations."
661217b2-fd1c-2c42-a828-b5621b42346b,"Members-Only Tour: House Made of Dawn at the New York Historical","Live music","The New York Historical","","In honor of Poster House’s upcoming exhibition Designed to Be Red: Native American & Indigenous Poster Works , members are invited to a guided tour of House Made of Dawn: Art by Native Americans 1880 to Now, Selections from the Hsu-Tang Collection at The New York Historical. House Made of Dawn presents work by artists of diverse Indigenous heritage, beginning with artists of the late 19th and early 20th centuries: ceramists Nampeyo of Hano (Tewa) and Maria Martinez (San Ildefonso), professional painters and illustrators Angel De Cora (Ho-Chunk) and Hart Lone Wolf Schultz (Blackfeet), and poet and opera composer Zitkala-Ša (Yankton Dakota). The exhibition introduces seminal works on paper by early artists such as Awa Tsireh, Stephen Mopope of the Kiowa Six, and others who invented and advanced the “Flat Style” and achieved international recognition, including at the 1932 Venice Biennale. It also features a pair of mid-20th century works by modernist pioneers Oscar Howe (Yanktonai Dakota) and George Morrison (Ojibwe), and works by Jaune Quick-to-See-Smith (Salish) and Emmi Whitehorse (Navajo), who formed the groundbreaking collective Grey Canyon Artists (1977–1981). Additionally, the exhibition marks the first time important works by photography pioneer Lee Marmon (Laguna) have been exhibited at a New York museum, including a rare first edition of his iconic 1954 image White Man’s Moccasins . The New York Historical suggests that participants arrive 15-20 minutes prior to your scheduled reservation time for group check-in. Tickets to this tour include full-day museum admission. Accessibility Note: ASL (American Sign Language) interpretation or a CART (Communication Access Realtime Translation) is also available upon request. Please contact access@posterhouse.org or (914) 295-2387 to request interpretation services and to address any other accessibility needs. For other event-related questions, please contact events@posterhouse.org . Image Credit: Lee Marmon (Laguna Pueblo, 1925-2021), White Man’s Moccasins , 1954. Gelatin silver print. Collection of Agnes Hsu-Tang and Oscar Tang, The Hsu-Tang Collection."
748907bf-510f-bcd8-5f10-1b75b7fd0da6,"Zumba Gold&#174;","Exercise Classes","Williamsbridge Oval","","Zumba Gold&#174; offers a low-impact workout set to a fusion of Latin, International and popular music dance themes, creating a dynamic, exciting, effective fitness system! The routines feature aerobic fitness interval training with a combination of fast and slow rhythms that challenge both the heart and muscles. With fun music and easy-to-follow steps, you can&#8217;t go wrong! <br/><br/>Participants must sign in at the front desk and bring locks to lock up their bags. The center does not allow anyone to bring their bags to the multi-use room except: towel, water and phone."
d2c36f2d-c84e-85ab-adf8-a1baa609647d,"Session 2: Lyons Pool - Children's Learn to Swim Level 1 (Class B)","Family & kids","Lyons Pool","","Through our Learn to Swim program, your children will put the 'fun' in fundamentals and learn basic swimming and safety skills! During this two-week outdoor program, our Aquatic Specialists will teach your children (ages 6 to 17 years old) basic swimming skills, and how to stay safe around the water. Registration for this program takes place by lottery drawing. Visit https://nyc.gov/parks/learntoswim for rules and regulations."
cb4d2e4d-f371-5eb4-d3d2-1ccbf8db4fb7,"Freedom in Relationships","Talks & lectures","Manhattan Meditation Center - Brahma Kumaris","",""
e393791e-98df-3151-bf5d-025f98550912,"Session 2: Lyons Pool - Children's Learn to Swim Level 1 (Class C)","Family & kids","Lyons Pool","","Through our Learn to Swim program, your children will put the 'fun' in fundamentals and learn basic swimming and safety skills! During this two-week outdoor program, our Aquatic Specialists will teach your children (ages 6 to 17 years old) basic swimming skills, and how to stay safe around the water. Registration for this program takes place by lottery drawing. Visit https://nyc.gov/parks/learntoswim for rules and regulations."
36a3b11e-fb72-0877-661a-5feeff1016b4,"Session 2: Kosciuszko Pool - Parent and Tots Learn to Swim (Class B)","Swimming/Aquatics","Kosciuszko Pool","","The Learn to Swim program puts the fun in fundamentals and teaches basic swimming and safety skills. The program offers tots, from 1 1/2 to 5 years old, the opportunity to become comfortable in the water and prepare to learn to swim. Parents/Guardians must accompany tots in the water. Registration for this program takes place by lottery drawing. Visit https://nyc.gov/parks/learntoswim for rules and regulations."
9ed1faf9-0bbc-faf2-743a-4041ecc38e0f,"Total Body Fitness","Exercise Classes","Nostrand Playground","","This fun low-impact full-body workout includes cardio, strength and balance exercises to improve your overall fitness. <br/><br/>Participants must sign in at the front desk and bring locks to lock up their bags. The center does not allow anyone to bring their bags to the dance room except: towel, water and phone."
ed3dcbf4-e013-aeb3-4126-6a8a3422c5c1,"Sexual Health Mobile Medical Unit","Wellness","Prospect Park","","Prospect Park Alliance is collaborating with NewYork-Presbyterian to offer comprehensive sexual health services in Brooklyn’s backyard at Grand Army Plaza every Thursday from 10 am to 3 pm and every Monday at the Parkside + Ocean Avenue Entrance from 10 am to 3 pm. The NewYork-Presbyterian Sexual Health Mobile Medical Unit is a safe, inclusive space for people to receive high-quality sexual health services. Learn more about the Sexual Health Mobile Medical Unit in Prospect Park or reach out to us at mobilehealth@nyp.org or (929) 923-3543. No insurance or ID is required to receive care. Staffed by a team of NewYork-Presbyterian healthcare providers, the mobile medical unit has an exam room and consult room, and offers routine laboratory testing, vaccinations, and PrEP and PEP medications that lower the risk of HIV infection. Patients can also be connected to social services, benefits enrollment, and local healthcare providers. Other services include sexually transmitted infection (STI) testing, family planning, hepatitis C screening, health education and more. Learn more about the Sexual Health Mobile Medical Unit in Prospect Park or reach out to us at mobilehealth@nyp.org. No insurance or ID is required to receive care. The Sexual Health Mobile Medical Unit is made possible through funding from the Dalio Center for Health Justice and the Division of Community and Population Health at NewYork-Presbyterian, and a grant from the Centers for Disease Control and Prevention."
673e70d0-45e5-f968-94a7-6607d3c4598a,"Cardio Sculpt","Exercise Classes","","","This cardio workout consists of functional movement exercises designed to make daily activities easier to perform. Please bring a yoga mat!"
7cf23f22-b82e-c6a0-ce77-295440aec088,"Harlem Week","Live music","New York City","","Live music, dance performances, dining, panel discussions and activities showcase the cultural history of Harlem."
bce61be8-dfad-ace9-3608-322e8929f3c1,"Garden Glow-Up: Plant-Based Beauty Workshop","Workshops","","","<p>Discover how plants can nourish us inside and out! This hands-on workshop explores simple, plant-based beauty practices using natural ingredients inspired by the garden. Participants will learn how herbs, flowers, and everyday plants can support self-care, wellness, and creativity. </p><p> </p><p>All attendees must fill out the Saturdays on the Farm registration and complete the farm waiver: <a href=""https://www.harlemgrown.org/saturdays-on-the-farm"">https://www.harlemgrown.org/saturdays-on-the-farm</a></p>"
333b0737-33d5-9cfe-9498-652f93391bc7,"Full Fit Line Dance","Exercise Classes","","","Join us for this synchronized line dancing class! Come work every muscle group and increase your cardiovascular endurance while stepping to soulful dance sounds."
c4c5f234-f1e6-0b55-969e-4182d9b4cbc1,"Fisher Pool: Swim Team Training","Swimming/Aquatics","Fisher Pool","","Learn competitive swimming strokes, goal setting, sportsmanship, teamwork principals, and improve your fitness. Participants must know how to swim comfortably; advanced skill level required. For ages 6-18. Advanced skill level required."
7d82041f-4d7b-205e-95f0-9d36cf6085c5,"Session 2: Lyons Pool - Parent and Tots Learn to Swim (Class B)","Swimming/Aquatics","Lyons Pool","","The Learn to Swim program puts the fun in fundamentals and teaches basic swimming and safety skills. The program offers tots, from 1 1/2 to 5 years old, the opportunity to become comfortable in the water and prepare to learn to swim. Parents/Guardians must accompany tots in the water. Registration for this program takes place by lottery drawing. Visit https://nyc.gov/parks/learntoswim for rules and regulations."
050dc23c-201d-1fc8-44fe-75cc40475822,"Zumba","Exercise Classes","","","Zumba is a fusion of Latin, International and popular music dance themes creating a dynamic, exciting, effective fitness system! The routines feature aerobic fitness interval training with a combination of fast and slow rhythms that challenge both the heart and muscles. With fun music and easy-to-follow steps, you can&#8217;t go wrong!"
7d0c3de6-7367-7f49-8dd9-58ec718cedff,"Art Cart Workshop","Art & galleries","Bryant Park","Midtown",""
91424c21-37e1-4c09-cbbd-164cf8cf627a,"Crotona Pool: Swim Team Training","Swimming/Aquatics","Crotona Park","","Learn competitive swimming strokes, goal setting, sportsmanship, teamwork principals, and improve your fitness. Participants must know how to swim comfortably; advanced skill level required. For ages 6-18. Advanced skill level required."
952f0419-3689-ad8d-585b-ec8e1c0593a9,"Liberty Pool: Swim Team Training","Swimming/Aquatics","Detective Keith L Williams Park","","Learn competitive swimming strokes, goal setting, sportsmanship, teamwork principals, and improve your fitness. Participants must know how to swim comfortably; advanced skill level required. For ages 6-18. Advanced skill level required."
402be7ed-ee8b-63b4-9651-4cdf16040076,"Zumba Gold&#174;","Exercise Classes","","","Zumba Gold&#174; offers a low-impact workout set to a fusion of Latin, International and popular music dance themes, creating a dynamic, exciting, effective fitness system! The routines feature aerobic fitness interval training with a combination of fast and slow rhythms that challenge both the heart and muscles. With fun music and easy-to-follow steps, you can&#8217;t go wrong! <br/><br/>Please register for updates about cancellations. Class is first come, first served, but for safety reasons, participants will not be allowed to join after the first fifteen minutes of class. New Settlement Community Center requires all first-time participants to create a profile with the site upon arrival so please arrive at least 15 minutes in advance."
28505f3c-808d-3406-cc24-f36446af66e3,"Faber Pool: Lap Swim","Swimming/Aquatics","Faber Pool and Park","","Take part in a long-distance lap swim competition. To participate in the competition, please speak to an Aquatics Specialist on the pool deck and indicate this on your application. An awards ceremony will be held at the end of August to celebrate the health and fitness achievements of swimmers who complete 25 miles or more. Visit https://www.nycgovparks.org/events/lap-swim to register."
7d83ae09-c5cc-1845-cbed-e832f1d7afe0,"Lyons Pool: Lap Swim","Swimming/Aquatics","Lyons Pool","","Take part in a long-distance lap swim competition. To participate in the competition, please speak to an Aquatics Specialist on the pool deck and indicate this on your application. An awards ceremony will be held at the end of August to celebrate the health and fitness achievements of swimmers who complete 25 miles or more. Visit https://www.nycgovparks.org/events/lap-swim to register."
1ef02d28-4aef-1efd-bd52-1b4b7193b72f,"Low Impact Bodyweight Circuit Training","Exercise Classes","Asser Levy Playground","","This circuit training class combines bodyweight resistance training and conditioning to provide you with a dynamic full body workout. Whether you are a beginner or looking for a challenge- this class for you! Come engage in exercises that target all muscle groups and get your heart pumping!"
06ea9c61-5dac-f654-6348-77e8b8659024,"The Secret Eats of Chinatown, Manhattan Food Crawl","Food & dining","Columbus Park","Corner of Bayard St & Mulberry St",""
5683beef-ed0c-d3db-9356-fd3ce927bffc,"Zumba Gold&#174;","Exercise Classes","Constance Baker Motley Recreation Center","","Zumba Gold&#174; offers a low-impact workout set to a fusion of Latin, International and popular music dance themes, creating a dynamic, exciting, effective fitness system! The routines feature aerobic fitness interval training with a combination of fast and slow rhythms that challenge both the heart and muscles. With fun music and easy-to-follow steps, you can&#8217;t go wrong! <br/><br/>Participants must sign in at the front desk and bring locks to lock up their bags. The center does not allow anyone to bring their bags to the dance room except: towel, water and phone."
d93a3c11-90aa-3a9a-5587-0f61e320995a,"UBB 40th Anniversary Celebration: BreakBeat Lou & Lord Finesse / Diamond D / Grand Puba / Sadat X / Nice & Smooth / Peter Gunz / DJ Boogie Blind","Live Music","Manhattan","","Want to see the show from the best seats in the house? Try becoming a SummerStage Member for a Day ! Enjoy skip-the-line privileges, complimentary beverages, and air-conditioned restrooms. Few records—if any—have had as much impact on music as the Ultimate Breaks and Beats compilation assembled by BreakBeat Lou and BreakBeat Lenny in 1986. By collecting what they called the “foundational” breakbeats – the very records DJs looped for breakdancers at the earliest hip-hop park jams and block parties, they created not only an essential tool for DJs, but also an accidental archive of hip-hop’s DNA. For this 40th anniversary celebration of the original compilation—of which only 25 volumes were released between 1986 and 1991— Breakbeat Lou is joined by members of the Bronx’s legendary Diggin’ in the Crates crew, Lord Finesse and Diamond D. As pioneers of a distinct New York sound, their work helped define the golden era of hip-hop production and lyricism that would soon resonate nationwide. Rounding out a line up filled with SummerStage alumni are Grand Puba and Sadat X of the acclaimed socially conscious rap group Brand Nubian; the iconic duo Nice & Smooth, best known for their single “Hip-Hop Junkies,” their feature on Big Daddy Kane’s “Pimpin Ain’t Easy,” and their unforgettable appearance on Gang Starr’s “DWYCK”; and Peter Gunz, whose collaboration with Lord Tariq, “Deja Vu (Uptown Baby)” became a late-90s anthem—sampling the unmistakable groove of Steely Dan. Completing the celebration is a set by DJ Boogie Blind, known for his affiliations with the legendary X‑ecutioners as well as the Diggin’ in the Crates collective. Together, these artists represent the culture, creativity, and crate-digging spirit that helped transform a DJ tool into one of hip-hop’s most influential musical documents. Live graffiti will be done on site by James Top, Kingbee & Stem Ynn. Pre show panel: Free with RSVP Rock Steady On the heels of Rock Steady For Life: Bringing Breakdancing to the World, SummerStage hosts a monumental book event celebrating the global legacy of the Rock Steady Crew. The evening centers on an intimate panel diving deep into hip‐hop history, style, survival, and the untold stories behind Richard “Crazy Legs” Colón’s highly anticipated new book — a rare chance to experience the culture in conversation with the people who built it. Richard “Crazylegs” Colón – Panelist Founder and president of the legendary Rock Steady Crew and one of the world’s most influential B‐boys, Colón is often hailed as the “godfather of breakdancing.” He helped take breaking from the Bronx to stages, films, and tours across the globe, innovating moves and mentoring generations of dancers along the way. In Rock Steady For Life, he opens his personal archives to share five decades of culture — rare photos, untold stories, and a deeply human look at how hip‐hop shaped his life and crew. Luis “Breakbeat Lou” Flores – Panelist Editor and extender of Ultimate Breaks & Beats (UBB), the iconic 25‐volume vinyl compilation series released between 1986 and 1991 on Street Beat Records, created with Leonard “BreakBeat Lenny” Roberts. These records collected and lengthened classic drum breaks from late‐’60s and ’70s funk, soul, rock, and disco — becoming a foundational sample source for golden‐age hip‐hop producers and influencing countless artists from Public Enemy to DJ Premier, Dr. Dre, and beyond. The Delgado’s Podcast – Moderator A culture‐based platform dedicated to highlighting creators and artists whose work has made a significant impact in their fields. Known for organic, in‐depth interviews where storytelling, perspective, and lived experience are front and center, the host will guide a fireside‐style dialogue with Crazy Legs and guests — surfacing the personal, historical, and cultural layers behind Rock Steady For Life."
dfc75eeb-4a88-77ae-f152-d62d098447cc,"Virtual Zumba","Exercise Classes","","","Zumba is a fusion of Latin, International and popular music dance themes creating a dynamic, exciting, effective fitness system! The routines feature aerobic, fitness interval training with a combination of fast and slow rhythms that tone and sculpt the body with easy to follow dance steps. <br/><br/>Please register at least one hour prior to the start of class. The Zoom link will be sent out a few hours before class and again right before the class starts to registered participants."
7287f36a-cd23-f137-75fe-0673d2df3a6f,"Lectures on Tap - ""Unlocking the Secrets of Beethoven's Fifth""","Museums","Williamsburg (LOCATION TBA)","",""
e7a9ff71-2d63-db6a-a824-0cba046d7b56,"FAD Market — Seaport Square","Markets & shopping","Seaport Square","",""
cbc7c68f-da07-e66d-86ad-3c1cb34aa4a2,"Dance Fitness","Exercise Classes","","","Dance Fitness is a creative workout that fuses dance and aerobics. The goal is to improve cardio fitness while having fun and getting a full body workout! This class is taught to music with easy-to-follow steps that will surely get your heart pumping!"
f20d1149-e489-46b3-7d37-278bea5dd5c3,"FAD Market — King Ave","Markets & shopping","King Ave","",""
33976ee0-9175-6583-1ad6-7083c3d9d040,"LaBlast&#174; Fitness","Exercise Classes","","","This dance fitness program is based on ballroom dances, including those seen on Dancing <br/>with the Stars. This workout in disguise blends dance patterns, fitness, and music to create a <br/>low impact workout suitable for all levels."
a5ea3afd-d72d-376d-81db-88b5eb16aaa2,"Cardio Punch","Exercise Classes","Rockaway Beach and Boardwalk","","Cardio Punch is a total body, non-contact workout fit for all levels. Punch, hook, and kick to motivating, high-energy music that progress into heart-pumping combinations."
3b890f20-cf77-5c30-9d32-cfbba0c380b9,"Tone Up Tuesday","Exercise Classes","","","Tone up Tuesday is a 45-minute total-body class that blends cardio and strength training to help you feel strong &#8212; all while fitting into real life. This class can be done entirely with bodyweight (no equipment needed). Light weights, bands, or other equipment are optional for those who want an extra challenge. Modifications are always offered, making this class great for all fitness levels. We recommend that you bring a towel, water bottle, and yoga mat."
f626800a-e9a7-ce10-96bb-7f703452ba0f,"Bodyweight Burn Circuit Training","Exercise Classes","Cadman Plaza Park","","A bodyweight circuit class combining cardio, strength, and core-focused movements for a dynamic full-body workout! This class welcomes all fitness levels.&#160;"
b275671e-2952-8c41-4f03-e4fd82eee267,"Virtual Yoga","Yoga & Pilates Classes","","","Welcome to this online yoga community in Vinyasa Yoga Flow with Rika. This class encompasses a warm-up, mindful flow, balance poses, gentle inversions, and final relaxation. Discover empowerment and affirmation to embrace who you are on and off your mat. Mats and props are recommended but not required. Leave feeling refreshed and centered, and knowing you have a safe community. <br/><br/> The Zoom link will be sent out two hours before the class and again right before the class starts to registered participants."
c71a801b-6e32-9fe4-6f3a-bc8997af90b6,"Basic Bootcamp","Exercise Classes","Blood Root Valley","","This fun low-impact full-body workout includes cardio, strength and balance exercises to improve your overall fitness."
a71d7b10-5c9d-1a00-f971-165998c2b87e,"The Center for Fiction Presents Valeria Luiselli on Beginning Middle End","Books & readings","The Center for Fiction","",""
edf680d4-ea1f-5980-fc76-dc1cba2c9fa6,"Senior Cardio Sculpt","Exercise Classes","","","This low impact cardio workout consists of functional movement exercises designed to make daily activities easier to perform. <br/><br/>Participants must be 60+ to attend this class. The site requires a separate form for the Department of Aging for all participants. Please come earlier to fill out the consent form."
9ae1ff51-4d95-967c-41ab-d5d2ff094fac,"Virtual Rise and Shine Yoga","Yoga & Pilates Classes","","","Start your day with a guided meditation and gentle yoga flow. We will sync&#8239;mindful movement with&#8239;our breathing through a variety of poses (asanas) that will certainly&#8239;awaken your mind, body and senses.&#8239;All levels welcomed. Modifications will be offered. <br/><br/>Please register at least one hour prior to the start of class. The Zoom link will be sent out shortly before the class starts to registered participants."
ee3ebc08-b197-fd4f-aa23-02b02c0fd1af,"Behind the Scenes: Whitney Biennial 2026","Museums","Whitney Museum of American Art","Meatpacking District","Members are invited to go behind the scenes of Whitney Biennial 2026 with exhibition organizers. During this online program, dive deep into the installation strategies, exhibition design techniques, and artist collaboration that make this year’s survey unique. Presenters include: Carina Martinez, Curatorial, Rubio Butterfield Family Fellow Aseeli Coleman, Exhibitions, Exhibition Designer Graham Miles, Exhibitions &amp; Collection Management, Head Preparator, Special Projects"
3f0856ba-6ea8-91c1-5b85-7b7928f4d7cc,"Strength In Motion","Strength Training/Weightlifting","","","A fun and inclusive bodyweight strength training class where we focus on stretching, mobility, and building strength without weights. Designed for everybody and every fitness level. Come move, feel stronger, and grow at your own pace."
dc695e2f-fd62-5bc7-aaa8-04ac40983840,"La India & MD Bobby Allende / DJ Tony Touch / DJ Lucho","Live Music","Bronx","","Linda Viera Caballero quickly made a name for herself as La India, one of the biggest voices in salsa. But before Celia Cruz would dub her the “Princess of Salsa,” she got her start in the South Bronx, where she was a founding member of the Latin Freestyle group TKA, and cut a solo record with Freestyle legends John “Jellybean” Benitez and her husband “Little” Louie Vega. After “Llegó La India via Eddie Palmieri,” she blossomed into salsa royalty and never looked back, going on to work with Cruz and Tito Puente, and winning Best Salsa Album Latin GRAMMY for her album Intensamente India Con Canciones De Juan Gabriel. She’s joined by DJ Tony Touch of The Originals on the ones and twos."
2dfaf636-8311-7c25-dbf5-74169d1530a6,"Caribbean Dance Fitness","Exercise Classes","","","Caribbean Dance Fitness is a creative workout that fuses dance and aerobics. The goal is to improve cardio fitness while having fun and getting a full body workout! This class is taught to music with easy-to-follow steps that will surely get your heart pumping!&#160;"
7db44bc0-523c-b578-0174-d311dc8c8cd3,"Cardio Dance","Exercise Classes","","","If cardio is cardi-NO for you, give this Cardio Dance class a try! Come enjoy the beats of Latin rhythms paired with choreography that will not only provide a great workout- but a lot of fun as well! This class is open to all levels."
59f28d92-cfb1-4977-6673-2f737dc179fa,"CANCELED: Functional Yoga","Yoga & Pilates Classes","","","This yoga session is designed to help you better understand how the body works by focusing on improving balance, strength, and flexibility. Class starts seated in a chair to better isolate each muscle group, followed by bringing your practice onto the mat (or staying seated, if you wish!). Join this class and rediscover fun facts about each body part that makes up the whole of who you are. Experience isn't necessary, and all levels are welcome- join in with an open heart and open mind."
7d61ce5b-72bb-c6d2-2096-7534a22876bf,"Mat Pilates","Yoga & Pilates Classes","","","Mat Pilates is a beginner exercise class which concentrates on strengthening the body with an emphasis on core strength. The goals of this class are to improve posture, stabilize and elongate the spine, and to develop balance and overall strength. Mat Pilates is a great option for all fitness levels! Please bring your own mat."
61c4d442-2554-69a8-11e2-8674f73ced9d,"Gentle Yoga","Yoga & Pilates Classes","","","A therapeutic yet powerful series of balancing, stretching, easy back bending, twisting, and mild inverted postures, concluding with a guided relaxation. NOTE: Spots are limited"
6c7b3a42-fe1f-689e-b752-e9ed93ecdde3,"The Wisdom Bar - “When Communication Matters (And When It Doesn’t)”","Books & readings","NYC (TBA)","",""
73ccac23-6a36-9477-bf0e-a516a2eee65f,"Hart Island Tour (South Island)","Urban Park Rangers","Hart Island","","Hart Island is the largest public cemetery in the country and has served New York City since 1869. Hart Island&#8217;s history is connected to many communities with important stories to tell. During the South Island Tour, Rangers will explore what Hart Island meant to the people who lived there, worked there, and were/are buried there. Walking the South Island includes discussion of an amusement park, military history, multiple pandemics, historic buildings and more. Join the Urban Park Rangers to hear their history and their voices.<br/><br/>Participants are chosen by lottery. <br/><br/>Lottery registration opens on Wednesday, July 15 and closes Thursday, July 16 at 11:59 p.m.<br/><br/><br/>Please Note:<br/>-You must register each member of your party for the lottery under the same account. Anyone who was not registered will not be permitted to attend.<br/><br/>- If you are selected for the program, you will receive a series of emails confirming your selection and must respond as soon as possible to avoid forfeiting your spot. <br/><br/>- Hart Island is only accessible via ferry. Selected participants will be provided details regarding program arrival and other specifics.<br/><br/>- There are no indoor facilities, restrooms or drinking fountains on Hart Island. There are portable restrooms on the island.<br/><br/>- This tour covers historical context of Hart Island and is about two hours of walking, some parts on uneven terrain. Please dress appropriately for the weather and the terrain.<br/><br/>- Program may be cancelled due to inclement weather at the discretion of ferry operations."
48077394-f19b-84bc-8d3b-3639bf4d5a83,"STRONG Nation&#174;","Exercise Classes","Constance Baker Motley Recreation Center","","STRONG Nation&#174; combines body weight, muscle conditioning, cardio and plyometric training moves synced to original music that has been specifically designed to match every single move. Every squat, every lunge, every burpee is driven by the music, helping you make it to that last rep, and maybe even five more. Mats are available for those who need one. <br/><br/>Participants must bring locks to lock up their bags. The center does not allow anyone to bring their bags to the dance room except: towel, water and phone."
fc6dd3c9-9901-0a3b-b8a0-2672e20f8c77,"Rizzoli Bookstore: The Miraculous Season Selected Poems by V.R.","Talks & lectures","Flatiron Plazas","","Join us for a conversation with Rosa Campbell to celebrate the launch of The Miraculous Season Selected Poems by V.R. “Bunny” Lang , an exquisite collection of poems by the eccentric V. R. “Bunny” Lang, most of which are never-before-seen. She will be in conversation with Dorothea Lasky and Jameson Fitzpatrick, followed by a signing."
8460789d-3186-9b6c-194b-67d142af74b4,"Dance Fitness World-Wide Beats","Shape Up NYC","","","In this class, you will move to the music of Latin, Middle Eastern and Eastern European beats. Why? Because the combination of learning new movements and having fun is the best gift you can give to yourself! Everyone is welcome here. <br/>"
abb47f57-1d9f-c721-9e76-0f06b82fb76f,"Step Aerobics","Exercise Classes","","","Step Aerobics is a cardio workout that will elevate your heart rate, strengthen muscles, and improve coordination and balance. <br/><br/>Please register for updates about cancellations. Class is first come, first served, but for safety reasons, participants will not be allowed to join after the first fifteen minutes of class. New Settlement Community Center requires all first-time participants to create a profile with the site upon arrival so please arrive at least 15 minutes in advance."
75c3a8b0-65ef-b9e0-cc52-7f404445e30f,"Rise&Restore Circuit Training","Exercise Classes","Highbridge Park","","This circuit training class combines bodyweight resistance training and conditioning to provide you with a dynamic full body workout. Whether you are a beginner or looking for a challenge; this class for all fitness levels and modifications are always provided. Come engage in exercises that target all muscle groups, get your heart pumping, and connect with people in your community!"
1bbdbbde-6169-bf74-4f73-3cd4f059bd70,"Exhibit: The Shirley Chisholm Way: Brooklyn’s Blueprint for Change","","Prospect Park","","Join Prospect Park Alliance and Shirley Chisholm Cultural Institute (SCCI) for a new exhibit that explores how Brooklyn’s beloved daughter broke down gender and racial barriers to fight for her community, becoming the first Black woman elected to Congress. The exhibit is organized around seven life lessons drawn from Chisholm’s tenacious career. It features stunning portraits of Chisholm by artist Al Johnson and rarely seen photographs and memorabilia from the Congresswoman’s campaigns, curated by Barbara Bullard, Creative Producer and President of SCCI. These materials offer inspirational insights into how Brooklyn’s beloved daughter broke down gender and racial barriers to become the first Black woman to serve in Congress. This exhibit provides visitors with a space to reflect on Chisholm’s legacy as Prospect Park Alliance welcomes the installation of a new monument in her honor at the Parkside and Ocean Avenue entrance in 2027. The exhibit, curated by Barbara Bullard, Cultural Producer and President of the Shirley Chisholm Cultural Institute, is part of Prospect Park Alliance’s ReImagine Lefferts initiative, which is transforming the museum to explore the legacies of resistance and resilience of the Indigenous people of Lenapehoking, whose unceded ancestral lands the park and house rests upon, and Africans who were enslaved by the Lefferts family. The Shirley Chisholm Cultural Institute (SCCI) has been at the forefront of art, culture, and justice and economic sustainability since 1977, with the official permission and participation of Congresswoman Chisholm herself in its inception and development. Its purpose is to preserve the legacy of Congresswoman Shirley Chisholm through the initiatives cultivated during her public service career with 21st century activism and innovation. SCCI is aligned with grassroots groups and frontline communities through creating substantive community-based partnership and collaboration along with strategic interoperative relationships with leaders of governmental, and mainstream organizations."
f2820dd1-b966-77fd-57fa-02f4edd1ce60,"Bodyweight Interval Training","Exercise Classes","McCarren Park","","Bodyweight Interval Training is an energetic yet low impact exercise class that will get your muscles moving! This mix of cardio and body weight strength exercises is a great way to get a full body workout. Whether you're new to exercise or not, the modifications offered in this class make it open to all fitness levels. Come check it out!&#8239;Please bring your own yoga mat!"
7560d1de-ddbc-a601-8b2a-18778fd246bf,"Bodyweight Circuit Training","Exercise Classes","Asser Levy Playground","","Using your own body weight, come experience this high energy bodyweight circuit training class! Here, we focus on functional, everyday movement with the goal of increasing your overall level of fitness. You can expect several rounds of timed exercises including strength and cardio followed by periods of rest. Sets and rounds vary class to class. All exercises will be demonstrated and cued for participants. Modifications given as needed. &#160;"
7d25101b-9bdb-5903-aaa5-b0c572820e39,"Beginner Crochet Workshop","Workshops","Kissena Park","","Join us for a beginner crochet class at the Kissena Park Field House! Whether you&#8217;ve always wanted to learn how to crochet or are looking to refresh your skills, this workshop is the perfect place to start.<br/>You&#8217;ll learn the basics of crocheting and create beginner friendly projects. All supplies will be provided for you to use during the class. This workshop is free and open to all ages."
9e23084e-04fc-7dd9-3592-b1f00f72ec3b,"Robert Wright in Conversation with Bruce Feiler: Humanity, AI, and The God Test","Books & readings","The 92nd Street Y, New York","",""
729eb7fe-f041-7f82-4bf9-2dd0de1e5d67,"Total Body Fitness","Exercise Classes","","","This fun low-impact full-body workout includes cardio, strength and balance exercises to improve your overall fitness."
5b3cf865-9199-9ba5-63a9-c4b76f0a2932,"Non-Fiction at Bryant Park Reading Room","Accessible Activities","Bryant Park","","<p><i>Liberation Summer: The Moment That Changed the Women's Movement and the Future of American Politics</i> is a sweeping, definitive work of history exploring the road to the September 1968 protests of the Miss America pageant&#8212;one led by women&#8217;s liberationists and the other organized by the emergent Miss Black America pageant&#8212;and the birth of a new politics of beauty. The book unfolds the full scope of this history, detailing the shocking injustices and passionate debates that led to the demonstrations, as well as the broader social and political landscape that gave rise to some of the most iconic women on both sides of the ideological spectrum. Engagingly told and meticulously researched, <i>Liberation Summer</i> proves how the battle for beauty&#8217;s meaning has always been inextricably political, and how its enduring impact continues to shape our politics today.</p><p><strong>Micki McElya</strong> is a professor of history at the University of Connecticut, specializing in the histories of women, gender, race, and sexuality in the United States from the Civil War to the present. Her last book, <i>The Politics of Mourning: Death and Honor in Arlington National Cemetery</i>,<i> </i>was a finalist for the Pulitzer Prize and received a number of other accolades; her 2007 book, <i>Clinging to Mammy: The Faithful Slave in Twentieth-Century America </i>was the cowinner of a 2007 Outstanding Book Award from the Gustavus Myers Center for the Study of Bigotry and Human Rights. McElya has written for the <i>Washington Post, The Atlantic</i>,<i> </i>and <i>Boston Review</i>, and her work has been featured in <i>The New York Times</i>, NPR, MSNBC, <i>The Nation</i>, <i>Elle</i>, and more. She is a graduate of Bryn Mawr College and New York University and is a Distinguished Lecturer for the Organization of American Historians.</p>"
a206137d-1b75-8236-0f22-fa43168fd0c0,"CANCELED: SharQui- The belly dance workout","Exercise Classes","McCarren Park","","In a SharQui class, you&#8217;ll learn new moves and combinations in flow. You&#8217;ll gradually build up to more complex movements starting with the very basics! If you can walk in place, you can belly dance with SharQui. This class is taught to music with easy-to-follow steps that will surely get your heart pumping!"
24155388-17d6-985e-cbc6-8834270b08fa,"Fit Club Circuit Training","Exercise Classes","","","A total-body fitness class that blends cardio, functional training, movement,<br/>breathing, and mindset work to help build strength, confidence, resilience, and accountability in<br/>a motivating community environment."
3419a4cd-4871-6411-9100-c01d4368b10a,"Black Loyalist Virtual Tour","Lefferts Historic House","Prospect Park","","Join Prospect Park Alliance for a virtual tour of the Black Loyalist Heritage Centre in Shelburne, Nova Scotia at Lefferts Historic House. Many Black Brooklynites worked for the British army during the American Revolution. Some gained freedom from enslavement by doing so. When the Americans won the war, these Black Loyalists feared the new nation would not respect their rights. So they evacuated to Nova Scotia in 1783. The Black Loyalist Heritage Centre interprets, safeguards, and promotes the history and heritage of the Black Loyalists. This special virtual tour of the Centre will be available during open hours at Lefferts."
871128d1-0a0b-b476-885a-f3b1d2b000c4,"Faber Pool: Swim Team Training","Swimming/Aquatics","Faber Pool and Park","","Learn competitive swimming strokes, goal setting, sportsmanship, teamwork principals, and improve your fitness. Participants must know how to swim comfortably; advanced skill level required. For ages 6-18. Advanced skill level required."
6c1ddd4a-0ad3-f3ad-c883-f3d11a91e1ff,"STRONG Nation&#174;","Exercise Classes","Gertrude Ederle Recreation Center","","STRONG Nation&#174; combines body weight, muscle conditioning, cardio and plyometric training moves synced to original music that has been specifically designed to match every single move. Every squat, every lunge, every burpee is driven by the music, helping you make it to that last rep, and maybe even five more. <br/><br/>*Participants must bring a lock and lock up all personal belongings."
3da7771b-d911-8520-faf1-eeff9d52240c,"Martial Arts Classes at Herald Square Plaza","Martial Arts","","","<p>Train in the heart of Manhattan with our martial arts classes at Herald Square. Open to all experience levels, these high-energy sessions combine Boxing, Muay Thai, and Kickboxing to help you build strength, sharpen technique, and boost confidence, all in a supportive, welcoming environment.</p><p>Whether you&#8217;re looking to learn the fundamentals, improve your fitness, or challenge yourself with something new, our instructors will guide you every step of the way. Expect a dynamic mix of drills, conditioning, and technique. No experience is required.</p><p> Bring your energy, invite a friend, and discover what you&#8217;re capable of. Registration is required, walk ins are welcomed to register on-site. </p><p> </p><p><strong>Schedule:</strong></p><p><strong>Muay Thai</strong></p><p>July & September</p><p>Tuesdays 6pm-7pm</p><p> </p><p><strong>Boxing</strong></p><p>August</p><p>Tuesdays 6pm-7pm</p><p> </p><p>Photo credit: Jazmin Nahas</p>"
b575e1e8-93a6-64b9-6a9b-cae6a17b2781,"Body-Centric Circuit Training","Strength Training/Weightlifting","McCarren Park","","A low impact bodyweight workout, integrating holistic body empowering movements for improved overall strength and endurance. Align with your mindfulness to support inner strength and to connect with your body for a fulfilling fitness experience. All levels are welcome! <br/><br/>Participants must sign in at the front desk and bring locks to lock up their bags. The center does not allow anyone to bring their bags to the dance room except towel, water and phone."
ca391993-0741-022f-7cbb-13157c94f888,"Bodyweight Circuit Training","Exercise Classes","Prospect Park","","This circuit training class combines bodyweight resistance training and conditioning to provide you with a dynamic full body workout. Whether you are a beginner or looking for a challenge; this class for all fitness levels and modifications are always provided. Come engage in exercises that target all muscle groups, get your heart pumping, and connect with people in your community!"
fbb88deb-66b4-152f-c2b6-50efa95e7589,"No Excuses Circuit Training","Strength Training/Weightlifting","St. John's Park","","A high-energy beginner-friendly workout that combines strength and endurance exercises performed in timed stations with minimal rest. Participants rotate through movements targeting different muscle groups to improve fitness. Our goals are to increase stamina, build strength, and enhance overall body conditioning in an efficient, full-body training session while connecting with your community! <br/><br/>Participants must sign in at the front desk and bring locks to lock up their bags. The center does not allow anyone to bring their bags to the dance room except: towel, water and phone."
8779c6ee-ff7f-1e43-9082-e7766d9ff6a4,"Strong and Steady Circuit Training","Exercise Classes","","","Strong & Steady Circuit Training is a full-body workout designed for high-energy fun. This class focuses on the mind-body connection, combining steady, controlled movements with high-energy sequences to build strength. Come ready to move, breathe, and leave feeling energized."
ec143a30-3576-86b6-fcaf-907122486be6,"RISE UP Circuit Training","Exercise Classes","","","This bodyweight circuit will help you R.I.S.E UP: Reach new heights, inspire, strengthen your inner self, and elevate your fitness. Let&#8217;s unlock your ultimate potential."
929a4f78-70cf-fb60-e7a5-4263dd45ec86,"Rare Tea From Unexpected Regions: Tasting With Anna Ye","Food & dining","In Pursuit of Tea Studio","",""
8e9aac2c-572d-a9d7-a359-85c8ffc62628,"Fun with Fitness Circuit Training","Exercise Classes","","","A total body workout to strengthen, build, and have fun through body weight exercises. All fitness levels are welcome!"
daf3b54a-2823-b5e8-ec2c-09b123c613ae,"Bodyweight Power Circuit","Exercise Classes","Constance Baker Motley Recreation Center","","A full-body circuit designed to build strength, power, endurance, and confidence using just your bodyweight. Expect athletic movement, scalable progressions, and high-energy intervals that challenge every fitness level."
b7832231-fc01-46f6-2e7c-361b789f778f,"Writers and Artists Respond: Artist-Led Gallery Talk with Jackie Gendel","Art & galleries","The Jewish Museum","",""
ac70e0a7-0c7b-7436-92b3-f6a6c7e09d8b,"Body-boost Circuit Training","Exercise Classes","","","Give your strength, endurance, and confidence a boost in this bodyweight circuit class. Participants will move through cardio and strength exercises with modifications provided for all fitness levels. This supportive and inclusive class focuses on functional movement, coordination, and overall fitness in a welcoming environment."
53740aed-71bd-d2f8-65df-858ff47d37ad,"Bodyweight Circuit Training","Exercise Classes","Gertrude Ederle Recreation Center","","This circuit training class combines bodyweight resistance training and conditioning to provide you with a dynamic full-body workout. Whether you are a beginner or looking for a challenge- this class for you. Come engage in exercises that target all muscle groups and get your heart pumping!"
b931a318-35b4-1ad1-2718-eff81d24ce0b,"Strong For Life Circuit Training","Exercise Classes","","","A welcoming exercise class focused on helping participants feel stronger, more mobile, and more energized in daily life. Class includes low-impact strength and endurance exercises, mobility training, functional fitness and balance work. Modifications will be provided for all levels of fitness."
e3ddd7f5-4afd-a7d4-a234-d65022783a8f,"Poetry at Bryant Park Reading Room","Accessible Activities","Bryant Park","","<p><strong>Beth Ann Fennelly</strong>, a 2020 Academy of American Poets Laureate Fellow, was the poet laureate of Mississippi from 2016-2021 and teaches in the MFA Program at the University of Mississippi. She&#8217;s won grants and awards from the National Endowment for the Arts, the United States Artists, a Pushcart, and a Fulbright to Brazil. Fennelly has published three books of poetry and four of prose. <i>Heating & Cooling: 52 Micro-Memoirs</i> (W.W. Norton) was an Atlanta Journal Constitution Best Book. Her newest book, <i>The Irish Goodbye: Micro-Memoirs</i> was published by Norton in February. A contributor to <i>The New York Times, The Washington Post</i>, <i>Esquire</i> and other outlets, she lives with her husband, Tom Franklin, and their three children in Oxford, MS.</p><p><strong>David Baker</strong> is the author many books of poetry, including <i>Transit</i> (2026), <i>Whale Fall</i> (2022), and <i>Swift: New and Selected Poems</i> (2019); his <i>Never-Ending Birds</i> was awarded the 2011 Theodore Roethke Memorial Poetry Prize. He is coeditor of <i>Collected Poems of Stanley Plumly</i> (2025). Baker&#8217;s work appears in <i>APR</i>, <i>The Atlantic</i>, <i>The Nation</i>, <i>The New Republic</i>, <i>The New York Times</i>, <i>The New Yorker</i>, <i>Poetry</i>, and is included in the landmark anthology <i>A Century of Poetry in The New Yorker</i>. Baker served for many years as Poetry Editor of <i>The Kenyon Review</i>. He is Emeritus Professor of English at Denison University and divides his time between Granville, Ohio, and Hudson, New York.</p><p><strong>Maya C. Popa</strong> is the author of <i>If You Love That Lady</i> (W.W. Norton, 2026), <i>Wound is the Origin of Wonder</i> (W.W. Norton, 2022) and <i>American Faith</i> (Sarabande Books, 2019), as well as three chapbooks. She is the poetry reviews editor at <i>Publishers Weekly</i> and teaches poetry at NYU. Popa holds a PhD in Creative Writing from Goldsmiths, University of London; an MA from Oxford University, where she was a Clarendon Scholar; and an MFA from NYU. She is the founder of Conscious Writers Collective, a global online writing platform and community providing ongoing literary education and support outside formal academia.</p><p><strong>Owen Lewis</strong> is the author of four collections of poetry and three chapbooks, most recently <i>A Prayer of Six Wings</i>, a finalist for the 2026 Patterson Book Prize. Honors include the 2024 E.E.Cummings Prize, the 2023 Guernsey International Poetry Prize, the 2023 Rumi Prize for Poetry, the International Hippocrates Prize for Poetry and Medicine, and the Jean Pedrick Chapbook Award. At Columbia University he is Professor of Psychiatry in the Department of Medical Humanities and Ethics and teaches Narrative Medicine.</p>"
7d72eb3c-a86d-9f0d-30a6-d9056d727e5e,"Bodyweight Circuit Training","Exercise Classes","Chelsea Recreation Center","","This circuit training class combines bodyweight resistance training and conditioning to provide you with a dynamic full-body workout. Whether you are a beginner who wants to learn proper form or know your way around the gym and looking for a challenge- this class is for you! Come engage in exercises that target all muscle groups and will get your heart pumping."
73aec1f5-6d80-6584-5c25-01d7d21f02a0,"Full Body Circuit Training","Exercise Classes","Chelsea Recreation Center","","This circuit training class combines both resistance and bodyweight exercises to provide you with a dynamic full body workout. Whether you are a beginner or know your way around the gym- this class for you! Come engage in exercises that target all muscle groups as well as get your heart pumping!"
e725e0d3-94d4-bd1f-dd04-ff55a38b0ab5,"Level Up Bodyweight Circuit Training","Exercise Classes","","","A 45-minute bodyweight circuit training class designed to build foundational strength, core stability, and improve functional movement. Participants will elevate their overall fitness level with these full-body workouts that combine structured strength training with mobility. Safety is a priority, and modifications will be provided for all exercises. This class is open to all fitness levels, from beginner through advanced! <br/><br/>"